n,K,seed,protocol,last,average,floor,eta,mu,s,a,b,d
256,1,0,with_replacement_clipped,0.11546492766561259,0.15729932504900546,0.04237941566824915,0.2,1.0,1.5,2.0,2.0,4096
256,2,0,with_replacement_clipped,0.08162635934616753,0.12018621239239356,0.04237941566824915,0.2,1.0,1.5,2.0,2.0,4096
256,4,0,with_replacement_clipped,0.0646655375142243,0.08520316122872316,0.04237941566824915,0.2,1.0,1.5,2.0,2.0,4096
256,8,0,with_replacement_clipped,0.04653005378867834,0.062381868095383375,0.04237941566824915,0.2,1.0,1.5,2.0,2.0,4096
256,16,0,with_replacement_clipped,0.04649567248903912,0.049370456095356015,0.04237941566824915,0.2,1.0,1.5,2.0,2.0,4096
256,32,0,with_replacement_clipped,0.04123185336667172,0.04368937969873612,0.04237941566824915,0.2,1.0,1.5,2.0,2.0,4096
256,64,0,with_replacement_clipped,0.040766523380772086,0.04165445442689009,0.04237941566824915,0.2,1.0,1.5,2.0,2.0,4096
256,128,0,with_replacement_clipped,0.04075483580443738,0.04100307661477651,0.04237941566824915,0.2,1.0,1.5,2.0,2.0,4096
256,256,0,with_replacement_clipped,0.040734139779600616,0.04081309909294566,0.04237941566824915,0.2,1.0,1.5,2.0,2.0,4096
256,512,0,with_replacement_clipped,0.04073064856772012,0.040754189051004225,0.04237941566824915,0.2,1.0,1.5,2.0,2.0,4096
256,1,0,reshuffle_clipped,0.0986230131840788,0.1467992322872373,0.04237941566824915,0.2,1.0,1.5,2.0,2.0,4096
256,2,0,reshuffle_clipped,0.09051689812319255,0.10778269831708766,0.04237941566824915,0.2,1.0,1.5,2.0,2.0,4096
256,4,0,reshuffle_clipped,0.055104692418024126,0.07814785624802684,0.04237941566824915,0.2,1.0,1.5,2.0,2.0,4096
256,8,0,reshuffle_clipped,0.04591503204635832,0.05919615358746753,0.04237941566824915,0.2,1.0,1.5,2.0,2.0,4096
256,16,0,reshuffle_clipped,0.04335882865181216,0.04839414088730666,0.04237941566824915,0.2,1.0,1.5,2.0,2.0,4096
256,32,0,reshuffle_clipped,0.040938060930088366,0.043398946112033716,0.04237941566824915,0.2,1.0,1.5,2.0,2.0,4096
256,64,0,reshuffle_clipped,0.040798742946178024,0.04154749458643359,0.04237941566824915,0.2,1.0,1.5,2.0,2.0,4096
256,128,0,reshuffle_clipped,0.040793476344047494,0.04097431545870977,0.04237941566824915,0.2,1.0,1.5,2.0,2.0,4096
256,256,0,reshuffle_clipped,0.04073463785275334,0.04080472137273199,0.04237941566824915,0.2,1.0,1.5,2.0,2.0,4096
256,512,0,reshuffle_clipped,0.04072903653833427,0.04075176049561454,0.04237941566824915,0.2,1.0,1.5,2.0,2.0,4096
256,1,0,reshuffle_unclipped,0.09823452540852343,0.1466217194570828,0.04237941566824915,0.2,1.0,1.5,2.0,2.0,4096
256,2,0,reshuffle_unclipped,0.09051820247670032,0.10763019192058607,0.04237941566824915,0.2,1.0,1.5,2.0,2.0,4096
256,4,0,reshuffle_unclipped,0.05514397864603275,0.07810804780741853,0.04237941566824915,0.2,1.0,1.5,2.0,2.0,4096
256,8,0,reshuffle_unclipped,0.04596864696088579,0.05921289243127078,0.04237941566824915,0.2,1.0,1.5,2.0,2.0,4096
256,16,0,reshuffle_unclipped,0.04338915453585374,0.04843069087277794,0.04237941566824915,0.2,1.0,1.5,2.0,2.0,4096
256,32,0,reshuffle_unclipped,0.040935265045090596,0.04341319971133747,0.04237941566824915,0.2,1.0,1.5,2.0,2.0,4096
256,64,0,reshuffle_unclipped,0.04079783098452483,0.04154479759091579,0.04237941566824915,0.2,1.0,1.5,2.0,2.0,4096
256,128,0,reshuffle_unclipped,0.0407934332468628,0.04097103065878706,0.04237941566824915,0.2,1.0,1.5,2.0,2.0,4096
256,256,0,reshuffle_unclipped,0.040734629275641095,0.04080366981050487,0.04237941566824915,0.2,1.0,1.5,2.0,2.0,4096
256,512,0,reshuffle_unclipped,0.040729035946874236,0.04075147972594352,0.04237941566824915,0.2,1.0,1.5,2.0,2.0,4096
256,1,1,with_replacement_clipped,0.12953976403290274,0.17556777879075108,0.04237941566824915,0.2,1.0,1.5,2.0,2.0,4096
256,2,1,with_replacement_clipped,0.09781379723019175,0.1272531066936136,0.04237941566824915,0.2,1.0,1.5,2.0,2.0,4096
256,4,1,with_replacement_clipped,0.07100660516365731,0.09443475152538473,0.04237941566824915,0.2,1.0,1.5,2.0,2.0,4096
256,8,1,with_replacement_clipped,0.06358906294504223,0.0717370043056302,0.04237941566824915,0.2,1.0,1.5,2.0,2.0,4096
256,16,1,with_replacement_clipped,0.05147373920630483,0.057565137914930335,0.04237941566824915,0.2,1.0,1.5,2.0,2.0,4096
256,32,1,with_replacement_clipped,0.044418531610944154,0.04971683421802046,0.04237941566824915,0.2,1.0,1.5,2.0,2.0,4096
256,64,1,with_replacement_clipped,0.04296137738011388,0.04552372776010496,0.04237941566824915,0.2,1.0,1.5,2.0,2.0,4096
256,128,1,with_replacement_clipped,0.042520927828687154,0.043587894025890674,0.04237941566824915,0.2,1.0,1.5,2.0,2.0,4096
256,256,1,with_replacement_clipped,0.04240848240502037,0.04278109522171385,0.04237941566824915,0.2,1.0,1.5,2.0,2.0,4096
256,512,1,with_replacement_clipped,0.042403584219467085,0.0425052877934885,0.04237941566824915,0.2,1.0,1.5,2.0,2.0,4096
256,1,1,reshuffle_clipped,0.10853395229118418,0.1672347010272815,0.04237941566824915,0.2,1.0,1.5,2.0,2.0,4096
256,2,1,reshuffle_clipped,0.08118820119339981,0.12214309779178549,0.04237941566824915,0.2,1.0,1.5,2.0,2.0,4096
256,4,1,reshuffle_clipped,0.07041974241033838,0.08892164912990666,0.04237941566824915,0.2,1.0,1.5,2.0,2.0,4096
256,8,1,reshuffle_clipped,0.051619707262309904,0.06761489145413938,0.04237941566824915,0.2,1.0,1.5,2.0,2.0,4096
256,16,1,reshuffle_clipped,0.04687837209928752,0.05501373667230895,0.04237941566824915,0.2,1.0,1.5,2.0,2.0,4096
256,32,1,reshuffle_clipped,0.04403733396724803,0.04835784641930209,0.04237941566824915,0.2,1.0,1.5,2.0,2.0,4096
256,64,1,reshuffle_clipped,0.042836250666449666,0.04496721947595336,0.04237941566824915,0.2,1.0,1.5,2.0,2.0,4096
256,128,1,reshuffle_clipped,0.04247341921389139,0.04335291431406921,0.04237941566824915,0.2,1.0,1.5,2.0,2.0,4096
256,256,1,reshuffle_clipped,0.04240699869119759,0.04269734905843089,0.04237941566824915,0.2,1.0,1.5,2.0,2.0,4096
256,512,1,reshuffle_clipped,0.04240355751494572,0.04248123960616847,0.04237941566824915,0.2,1.0,1.5,2.0,2.0,4096
256,1,1,reshuffle_unclipped,0.10785852529848657,0.16697743427705058,0.04237941566824915,0.2,1.0,1.5,2.0,2.0,4096
256,2,1,reshuffle_unclipped,0.08095568481156748,0.12165595664954454,0.04237941566824915,0.2,1.0,1.5,2.0,2.0,4096
256,4,1,reshuffle_unclipped,0.0706772732962641,0.08865300248867308,0.04237941566824915,0.2,1.0,1.5,2.0,2.0,4096
256,8,1,reshuffle_unclipped,0.051702509883332005,0.06750024820845998,0.04237941566824915,0.2,1.0,1.5,2.0,2.0,4096
256,16,1,reshuffle_unclipped,0.046827212037271075,0.05493255122855581,0.04237941566824915,0.2,1.0,1.5,2.0,2.0,4096
256,32,1,reshuffle_unclipped,0.04400734733734549,0.04831875284374781,0.04237941566824915,0.2,1.0,1.5,2.0,2.0,4096
256,64,1,reshuffle_unclipped,0.042834591232637824,0.04495498240651255,0.04237941566824915,0.2,1.0,1.5,2.0,2.0,4096
256,128,1,reshuffle_unclipped,0.042472933013401,0.04334909900542178,0.04237941566824915,0.2,1.0,1.5,2.0,2.0,4096
256,256,1,reshuffle_unclipped,0.04240699524049984,0.04269617919685094,0.04237941566824915,0.2,1.0,1.5,2.0,2.0,4096
256,512,1,reshuffle_unclipped,0.0424035575175392,0.042480937785755596,0.04237941566824915,0.2,1.0,1.5,2.0,2.0,4096
256,1,2,with_replacement_clipped,0.11541917097273414,0.17994590989973838,0.04237941566824915,0.2,1.0,1.5,2.0,2.0,4096
256,2,2,with_replacement_clipped,0.09282777649809128,0.12884350758759566,0.04237941566824915,0.2,1.0,1.5,2.0,2.0,4096
256,4,2,with_replacement_clipped,0.06520190955092288,0.0921768733443632,0.04237941566824915,0.2,1.0,1.5,2.0,2.0,4096
256,8,2,with_replacement_clipped,0.04644194039522605,0.06678538939679284,0.04237941566824915,0.2,1.0,1.5,2.0,2.0,4096
256,16,2,with_replacement_clipped,0.04210515827957156,0.05135889681983098,0.04237941566824915,0.2,1.0,1.5,2.0,2.0,4096
256,32,2,with_replacement_clipped,0.03946691787091965,0.04388405414461624,0.04237941566824915,0.2,1.0,1.5,2.0,2.0,4096
256,64,2,with_replacement_clipped,0.03932248012492321,0.04071186423286037,0.04237941566824915,0.2,1.0,1.5,2.0,2.0,4096
256,128,2,with_replacement_clipped,0.0389255133117099,0.03950076487057003,0.04237941566824915,0.2,1.0,1.5,2.0,2.0,4096
256,256,2,with_replacement_clipped,0.03891154991048081,0.0390847891077301,0.04237941566824915,0.2,1.0,1.5,2.0,2.0,4096
256,512,2,with_replacement_clipped,0.03890521555310886,0.03895222853182771,0.04237941566824915,0.2,1.0,1.5,2.0,2.0,4096
256,1,2,reshuffle_clipped,0.09232673093736866,0.14639727398301872,0.04237941566824915,0.2,1.0,1.5,2.0,2.0,4096
256,2,2,reshuffle_clipped,0.0721036044073376,0.10693345562920052,0.04237941566824915,0.2,1.0,1.5,2.0,2.0,4096
256,4,2,reshuffle_clipped,0.056994051804444494,0.07972107316530808,0.04237941566824915,0.2,1.0,1.5,2.0,2.0,4096
256,8,2,reshuffle_clipped,0.04586248544994068,0.0612348255521624,0.04237941566824915,0.2,1.0,1.5,2.0,2.0,4096
256,16,2,reshuffle_clipped,0.04349938318678451,0.0494024788593672,0.04237941566824915,0.2,1.0,1.5,2.0,2.0,4096
256,32,2,reshuffle_clipped,0.039394701547394294,0.0432282688014303,0.04237941566824915,0.2,1.0,1.5,2.0,2.0,4096
256,64,2,reshuffle_clipped,0.03905906796480933,0.040511534046548774,0.04237941566824915,0.2,1.0,1.5,2.0,2.0,4096
256,128,2,reshuffle_clipped,0.038944759944504095,0.03945235101363396,0.04237941566824915,0.2,1.0,1.5,2.0,2.0,4096
256,256,2,reshuffle_clipped,0.038909503360489164,0.03907119850128203,0.04237941566824915,0.2,1.0,1.5,2.0,2.0,4096
256,512,2,reshuffle_clipped,0.038905192804867685,0.03894914183185201,0.04237941566824915,0.2,1.0,1.5,2.0,2.0,4096
256,1,2,reshuffle_unclipped,0.0915433506966311,0.14502349027927622,0.04237941566824915,0.2,1.0,1.5,2.0,2.0,4096
256,2,2,reshuffle_unclipped,0.07198960986760983,0.10621429530221412,0.04237941566824915,0.2,1.0,1.5,2.0,2.0,4096
256,4,2,reshuffle_unclipped,0.05693526795672584,0.07937442079767772,0.04237941566824915,0.2,1.0,1.5,2.0,2.0,4096
256,8,2,reshuffle_unclipped,0.04593997646380462,0.06112993472443539,0.04237941566824915,0.2,1.0,1.5,2.0,2.0,4096
256,16,2,reshuffle_unclipped,0.04358241836143906,0.049370405921274896,0.04237941566824915,0.2,1.0,1.5,2.0,2.0,4096
256,32,2,reshuffle_unclipped,0.03939303892755582,0.04321560893032084,0.04237941566824915,0.2,1.0,1.5,2.0,2.0,4096
256,64,2,reshuffle_unclipped,0.03905851884619815,0.040504933068326913,0.04237941566824915,0.2,1.0,1.5,2.0,2.0,4096
256,128,2,reshuffle_unclipped,0.03894470314886207,0.03945019678012133,0.04237941566824915,0.2,1.0,1.5,2.0,2.0,4096
256,256,2,reshuffle_unclipped,0.0389095019662018,0.039070621327686995,0.04237941566824915,0.2,1.0,1.5,2.0,2.0,4096
256,512,2,reshuffle_unclipped,0.03890519281696762,0.03894899260838476,0.04237941566824915,0.2,1.0,1.5,2.0,2.0,4096
256,1,3,with_replacement_clipped,0.1257124276854799,0.16636391676083942,0.04237941566824915,0.2,1.0,1.5,2.0,2.0,4096
256,2,3,with_replacement_clipped,0.08386474806205045,0.11916325588003275,0.04237941566824915,0.2,1.0,1.5,2.0,2.0,4096
256,4,3,with_replacement_clipped,0.07382490095078141,0.09094739091074093,0.04237941566824915,0.2,1.0,1.5,2.0,2.0,4096
256,8,3,with_replacement_clipped,0.061836060984851254,0.07454238580274561,0.04237941566824915,0.2,1.0,1.5,2.0,2.0,4096
256,16,3,with_replacement_clipped,0.05653035401336678,0.0639744259664805,0.04237941566824915,0.2,1.0,1.5,2.0,2.0,4096
256,32,3,with_replacement_clipped,0.05333455161248182,0.05774919237404597,0.04237941566824915,0.2,1.0,1.5,2.0,2.0,4096
256,64,3,with_replacement_clipped,0.052187117103831095,0.05432904343617396,0.04237941566824915,0.2,1.0,1.5,2.0,2.0,4096
256,128,3,with_replacement_clipped,0.05196363710867503,0.05275804857537838,0.04237941566824915,0.2,1.0,1.5,2.0,2.0,4096
256,256,3,with_replacement_clipped,0.05194529051552382,0.052172104227091134,0.04237941566824915,0.2,1.0,1.5,2.0,2.0,4096
256,512,3,with_replacement_clipped,0.0519453334507632,0.05200360611320128,0.04237941566824915,0.2,1.0,1.5,2.0,2.0,4096
256,1,3,reshuffle_clipped,0.09359299943237805,0.1716527180428075,0.04237941566824915,0.2,1.0,1.5,2.0,2.0,4096
256,2,3,reshuffle_clipped,0.0777332753635389,0.11279979553648026,0.04237941566824915,0.2,1.0,1.5,2.0,2.0,4096
256,4,3,reshuffle_clipped,0.06801417787625937,0.08594030540527557,0.04237941566824915,0.2,1.0,1.5,2.0,2.0,4096
256,8,3,reshuffle_clipped,0.0730053594353521,0.07158861445243693,0.04237941566824915,0.2,1.0,1.5,2.0,2.0,4096
256,16,3,reshuffle_clipped,0.05695197809814327,0.06276830432743505,0.04237941566824915,0.2,1.0,1.5,2.0,2.0,4096
256,32,3,reshuffle_clipped,0.05349277649163655,0.057298253995242535,0.04237941566824915,0.2,1.0,1.5,2.0,2.0,4096
256,64,3,reshuffle_clipped,0.05221174140149359,0.05422274456984179,0.04237941566824915,0.2,1.0,1.5,2.0,2.0,4096
256,128,3,reshuffle_clipped,0.051960659516162626,0.05270919589445163,0.04237941566824915,0.2,1.0,1.5,2.0,2.0,4096
256,256,3,reshuffle_clipped,0.05194523873716329,0.05215889020924689,0.04237941566824915,0.2,1.0,1.5,2.0,2.0,4096
256,512,3,reshuffle_clipped,0.05194533820218193,0.05200258093783181,0.04237941566824915,0.2,1.0,1.5,2.0,2.0,4096
256,1,3,reshuffle_unclipped,0.09336484506539787,0.16854751368450982,0.04237941566824915,0.2,1.0,1.5,2.0,2.0,4096
256,2,3,reshuffle_unclipped,0.07774758480877325,0.11191596405131317,0.04237941566824915,0.2,1.0,1.5,2.0,2.0,4096
256,4,3,reshuffle_unclipped,0.06805000057854786,0.0856813907203497,0.04237941566824915,0.2,1.0,1.5,2.0,2.0,4096
256,8,3,reshuffle_unclipped,0.07309949530867983,0.07153981224313909,0.04237941566824915,0.2,1.0,1.5,2.0,2.0,4096
256,16,3,reshuffle_unclipped,0.05697236653641048,0.06277701990769682,0.04237941566824915,0.2,1.0,1.5,2.0,2.0,4096
256,32,3,reshuffle_unclipped,0.053480009528631016,0.05729866889220167,0.04237941566824915,0.2,1.0,1.5,2.0,2.0,4096
256,64,3,reshuffle_unclipped,0.052204601527970955,0.05421199634466802,0.04237941566824915,0.2,1.0,1.5,2.0,2.0,4096
256,128,3,reshuffle_unclipped,0.051960022915444194,0.05270204077535334,0.04237941566824915,0.2,1.0,1.5,2.0,2.0,4096
256,256,3,reshuffle_unclipped,0.05194522772395198,0.05215650620879051,0.04237941566824915,0.2,1.0,1.5,2.0,2.0,4096
256,512,3,reshuffle_unclipped,0.05194533814178101,0.05200192168918139,0.04237941566824915,0.2,1.0,1.5,2.0,2.0,4096
256,1,4,with_replacement_clipped,0.11183804693402795,0.1982882516452937,0.04237941566824915,0.2,1.0,1.5,2.0,2.0,4096
256,2,4,with_replacement_clipped,0.1033203985160182,0.12379522951571144,0.04237941566824915,0.2,1.0,1.5,2.0,2.0,4096
256,4,4,with_replacement_clipped,0.07083915700273888,0.08169659856131933,0.04237941566824915,0.2,1.0,1.5,2.0,2.0,4096
256,8,4,with_replacement_clipped,0.0443177443791857,0.0585283691922202,0.04237941566824915,0.2,1.0,1.5,2.0,2.0,4096
256,16,4,with_replacement_clipped,0.03558853622135864,0.04464969916995754,0.04237941566824915,0.2,1.0,1.5,2.0,2.0,4096
256,32,4,with_replacement_clipped,0.034300016020010725,0.037405769874865234,0.04237941566824915,0.2,1.0,1.5,2.0,2.0,4096
256,64,4,with_replacement_clipped,0.033971521724120435,0.034904498793356456,0.04237941566824915,0.2,1.0,1.5,2.0,2.0,4096
256,128,4,with_replacement_clipped,0.03395044684168392,0.0341866088526985,0.04237941566824915,0.2,1.0,1.5,2.0,2.0,4096
256,256,4,with_replacement_clipped,0.03392245889248981,0.033990621742118324,0.04237941566824915,0.2,1.0,1.5,2.0,2.0,4096
256,512,4,with_replacement_clipped,0.03391722076252987,0.033935535367197664,0.04237941566824915,0.2,1.0,1.5,2.0,2.0,4096
256,1,4,reshuffle_clipped,0.10081822653121525,0.14942041760195116,0.04237941566824915,0.2,1.0,1.5,2.0,2.0,4096
256,2,4,reshuffle_clipped,0.07123427184464003,0.10952478507656094,0.04237941566824915,0.2,1.0,1.5,2.0,2.0,4096
256,4,4,reshuffle_clipped,0.052847340112363424,0.07655894582623492,0.04237941566824915,0.2,1.0,1.5,2.0,2.0,4096
256,8,4,reshuffle_clipped,0.03953820828484537,0.05447931324926109,0.04237941566824915,0.2,1.0,1.5,2.0,2.0,4096
256,16,4,reshuffle_clipped,0.03571136678894566,0.04182841979440277,0.04237941566824915,0.2,1.0,1.5,2.0,2.0,4096
256,32,4,reshuffle_clipped,0.034392085939410046,0.036419802629063996,0.04237941566824915,0.2,1.0,1.5,2.0,2.0,4096
256,64,4,reshuffle_clipped,0.03398867602756097,0.03463436503589024,0.04237941566824915,0.2,1.0,1.5,2.0,2.0,4096
256,128,4,reshuffle_clipped,0.03393150425902106,0.03411821067267132,0.04237941566824915,0.2,1.0,1.5,2.0,2.0,4096
256,256,4,reshuffle_clipped,0.03391995547941924,0.03397225564539593,0.04237941566824915,0.2,1.0,1.5,2.0,2.0,4096
256,512,4,reshuffle_clipped,0.033916907789234264,0.033930382899219555,0.04237941566824915,0.2,1.0,1.5,2.0,2.0,4096
256,1,4,reshuffle_unclipped,0.10089328881218644,0.14891141065670052,0.04237941566824915,0.2,1.0,1.5,2.0,2.0,4096
256,2,4,reshuffle_unclipped,0.07119370818355375,0.1093099920358937,0.04237941566824915,0.2,1.0,1.5,2.0,2.0,4096
256,4,4,reshuffle_unclipped,0.052577357062087375,0.07638870118427503,0.04237941566824915,0.2,1.0,1.5,2.0,2.0,4096
256,8,4,reshuffle_unclipped,0.03944070144401583,0.05430758839062825,0.04237941566824915,0.2,1.0,1.5,2.0,2.0,4096
256,16,4,reshuffle_unclipped,0.035662934303659743,0.04171430760809837,0.04237941566824915,0.2,1.0,1.5,2.0,2.0,4096
256,32,4,reshuffle_unclipped,0.034388574657188024,0.036373683231160116,0.04237941566824915,0.2,1.0,1.5,2.0,2.0,4096
256,64,4,reshuffle_unclipped,0.03398948384389742,0.03462136741209745,0.04237941566824915,0.2,1.0,1.5,2.0,2.0,4096
256,128,4,reshuffle_unclipped,0.03393128786065365,0.03411440357081722,0.04237941566824915,0.2,1.0,1.5,2.0,2.0,4096
256,256,4,reshuffle_unclipped,0.033919909298958335,0.033971075850102034,0.04237941566824915,0.2,1.0,1.5,2.0,2.0,4096
256,512,4,reshuffle_unclipped,0.03391690904568893,0.033930041263136236,0.04237941566824915,0.2,1.0,1.5,2.0,2.0,4096
512,1,0,with_replacement_clipped,0.0713769135915102,0.1017434834376377,0.026726327158055816,0.2,1.0,1.5,2.0,2.0,4096
512,2,0,with_replacement_clipped,0.06230376255754117,0.07296234167181903,0.026726327158055816,0.2,1.0,1.5,2.0,2.0,4096
512,4,0,with_replacement_clipped,0.04400714860862004,0.056048846371863484,0.026726327158055816,0.2,1.0,1.5,2.0,2.0,4096
512,8,0,with_replacement_clipped,0.03583863922252253,0.044802120626580136,0.026726327158055816,0.2,1.0,1.5,2.0,2.0,4096
512,16,0,with_replacement_clipped,0.032371174311445296,0.03748669429761481,0.026726327158055816,0.2,1.0,1.5,2.0,2.0,4096
512,32,0,with_replacement_clipped,0.03067090498134172,0.03316106234129484,0.026726327158055816,0.2,1.0,1.5,2.0,2.0,4096
512,64,0,with_replacement_clipped,0.030157110419989426,0.03113668819074439,0.026726327158055816,0.2,1.0,1.5,2.0,2.0,4096
512,128,0,with_replacement_clipped,0.03010273123418754,0.030408539094017726,0.026726327158055816,0.2,1.0,1.5,2.0,2.0,4096
512,256,0,with_replacement_clipped,0.030036148368420276,0.030157212841008,0.026726327158055816,0.2,1.0,1.5,2.0,2.0,4096
512,512,0,with_replacement_clipped,0.030031484573959582,0.03006832689449622,0.026726327158055816,0.2,1.0,1.5,2.0,2.0,4096
512,1,0,reshuffle_clipped,0.07234441204656268,0.10520081018821036,0.026726327158055816,0.2,1.0,1.5,2.0,2.0,4096
512,2,0,reshuffle_clipped,0.10428872148547218,0.07602309442788366,0.026726327158055816,0.2,1.0,1.5,2.0,2.0,4096
512,4,0,reshuffle_clipped,0.0415760636717213,0.05685938456060797,0.026726327158055816,0.2,1.0,1.5,2.0,2.0,4096
512,8,0,reshuffle_clipped,0.034927958442531465,0.044670065307603854,0.026726327158055816,0.2,1.0,1.5,2.0,2.0,4096
512,16,0,reshuffle_clipped,0.03256623277909496,0.036971388123186746,0.026726327158055816,0.2,1.0,1.5,2.0,2.0,4096
512,32,0,reshuffle_clipped,0.03041009727518555,0.03285957001856066,0.026726327158055816,0.2,1.0,1.5,2.0,2.0,4096
512,64,0,reshuffle_clipped,0.03016999862589285,0.03106372246523849,0.026726327158055816,0.2,1.0,1.5,2.0,2.0,4096
512,128,0,reshuffle_clipped,0.030071127667493553,0.03039382705109115,0.026726327158055816,0.2,1.0,1.5,2.0,2.0,4096
512,256,0,reshuffle_clipped,0.030037329803883437,0.030152014561629685,0.026726327158055816,0.2,1.0,1.5,2.0,2.0,4096
512,512,0,reshuffle_clipped,0.030030674186453346,0.030066331748959355,0.026726327158055816,0.2,1.0,1.5,2.0,2.0,4096
512,1,0,reshuffle_unclipped,0.07143456615004114,0.1047281994829811,0.026726327158055816,0.2,1.0,1.5,2.0,2.0,4096
512,2,0,reshuffle_unclipped,0.10431043062158317,0.07527521348708363,0.026726327158055816,0.2,1.0,1.5,2.0,2.0,4096
512,4,0,reshuffle_unclipped,0.04145668479514196,0.05642674066907925,0.026726327158055816,0.2,1.0,1.5,2.0,2.0,4096
512,8,0,reshuffle_unclipped,0.03483031543826842,0.04448746117541482,0.026726327158055816,0.2,1.0,1.5,2.0,2.0,4096
512,16,0,reshuffle_unclipped,0.03251227939819304,0.03686796544621747,0.026726327158055816,0.2,1.0,1.5,2.0,2.0,4096
512,32,0,reshuffle_unclipped,0.03038964929447804,0.03279769750869607,0.026726327158055816,0.2,1.0,1.5,2.0,2.0,4096
512,64,0,reshuffle_unclipped,0.03016679246699713,0.03103498859605347,0.026726327158055816,0.2,1.0,1.5,2.0,2.0,4096
512,128,0,reshuffle_unclipped,0.03007093967839143,0.03038450438891687,0.026726327158055816,0.2,1.0,1.5,2.0,2.0,4096
512,256,0,reshuffle_unclipped,0.03003730299891491,0.030149506845350744,0.026726327158055816,0.2,1.0,1.5,2.0,2.0,4096
512,512,0,reshuffle_unclipped,0.030030673027236165,0.0300656896039424,0.026726327158055816,0.2,1.0,1.5,2.0,2.0,4096
512,1,1,with_replacement_clipped,0.07393690797594941,0.09327012431369422,0.026726327158055816,0.2,1.0,1.5,2.0,2.0,4096
512,2,1,with_replacement_clipped,0.05177830187026061,0.06945426765135396,0.026726327158055816,0.2,1.0,1.5,2.0,2.0,4096
512,4,1,with_replacement_clipped,0.05238196533303935,0.05220746294168509,0.026726327158055816,0.2,1.0,1.5,2.0,2.0,4096
512,8,1,with_replacement_clipped,0.033737041756732714,0.0413588726833647,0.026726327158055816,0.2,1.0,1.5,2.0,2.0,4096
512,16,1,with_replacement_clipped,0.028878625415077356,0.03365569712417121,0.026726327158055816,0.2,1.0,1.5,2.0,2.0,4096
512,32,1,with_replacement_clipped,0.02694888455740414,0.029277617129862994,0.026726327158055816,0.2,1.0,1.5,2.0,2.0,4096
512,64,1,with_replacement_clipped,0.026628344151530894,0.027384718275222927,0.026726327158055816,0.2,1.0,1.5,2.0,2.0,4096
512,128,1,with_replacement_clipped,0.02647497102850324,0.02674537167310167,0.026726327158055816,0.2,1.0,1.5,2.0,2.0,4096
512,256,1,with_replacement_clipped,0.026449978392154228,0.026531628939097707,0.026726327158055816,0.2,1.0,1.5,2.0,2.0,4096
512,512,1,with_replacement_clipped,0.02644828332683344,0.026465499798387505,0.026726327158055816,0.2,1.0,1.5,2.0,2.0,4096
512,1,1,reshuffle_clipped,0.07050055010558164,0.1051692865223631,0.026726327158055816,0.2,1.0,1.5,2.0,2.0,4096
512,2,1,reshuffle_clipped,0.0506592531651109,0.07369726188843695,0.026726327158055816,0.2,1.0,1.5,2.0,2.0,4096
512,4,1,reshuffle_clipped,0.03787009047653879,0.053688313276584576,0.026726327158055816,0.2,1.0,1.5,2.0,2.0,4096
512,8,1,reshuffle_clipped,0.03179922609199134,0.04069672256245392,0.026726327158055816,0.2,1.0,1.5,2.0,2.0,4096
512,16,1,reshuffle_clipped,0.02864623845096517,0.032905876912613284,0.026726327158055816,0.2,1.0,1.5,2.0,2.0,4096
512,32,1,reshuffle_clipped,0.026882253143456356,0.028874871196820123,0.026726327158055816,0.2,1.0,1.5,2.0,2.0,4096
512,64,1,reshuffle_clipped,0.026546333524803137,0.027225424433705497,0.026726327158055816,0.2,1.0,1.5,2.0,2.0,4096
512,128,1,reshuffle_clipped,0.026467170275532203,0.02667654811233337,0.026726327158055816,0.2,1.0,1.5,2.0,2.0,4096
512,256,1,reshuffle_clipped,0.02644947555781031,0.026503667832581002,0.026726327158055816,0.2,1.0,1.5,2.0,2.0,4096
512,512,1,reshuffle_clipped,0.026448278929067225,0.02645551213192412,0.026726327158055816,0.2,1.0,1.5,2.0,2.0,4096
512,1,1,reshuffle_unclipped,0.06998765898777566,0.10442443485153256,0.026726327158055816,0.2,1.0,1.5,2.0,2.0,4096
512,2,1,reshuffle_unclipped,0.05028120041372549,0.07301518252089025,0.026726327158055816,0.2,1.0,1.5,2.0,2.0,4096
512,4,1,reshuffle_unclipped,0.03762486761920833,0.053217987763013744,0.026726327158055816,0.2,1.0,1.5,2.0,2.0,4096
512,8,1,reshuffle_unclipped,0.03152098791595999,0.04033111198832838,0.026726327158055816,0.2,1.0,1.5,2.0,2.0,4096
512,16,1,reshuffle_unclipped,0.028559623708931354,0.03266145376108333,0.026726327158055816,0.2,1.0,1.5,2.0,2.0,4096
512,32,1,reshuffle_unclipped,0.026865084637258965,0.02874420938661722,0.026726327158055816,0.2,1.0,1.5,2.0,2.0,4096
512,64,1,reshuffle_unclipped,0.026532243675913808,0.02717055059076023,0.026726327158055816,0.2,1.0,1.5,2.0,2.0,4096
512,128,1,reshuffle_unclipped,0.02646166913950395,0.02665261257437028,0.026726327158055816,0.2,1.0,1.5,2.0,2.0,4096
512,256,1,reshuffle_unclipped,0.026448821482334614,0.02649385117969444,0.026726327158055816,0.2,1.0,1.5,2.0,2.0,4096
512,512,1,reshuffle_unclipped,0.026448264665931646,0.026452505284294037,0.026726327158055816,0.2,1.0,1.5,2.0,2.0,4096
512,1,2,with_replacement_clipped,0.07220599780190676,0.1021813211103312,0.026726327158055816,0.2,1.0,1.5,2.0,2.0,4096
512,2,2,with_replacement_clipped,0.05514166134703572,0.07522547024880388,0.026726327158055816,0.2,1.0,1.5,2.0,2.0,4096
512,4,2,with_replacement_clipped,0.03989949186308611,0.054803215998297045,0.026726327158055816,0.2,1.0,1.5,2.0,2.0,4096
512,8,2,with_replacement_clipped,0.03544920560016287,0.042660102492472596,0.026726327158055816,0.2,1.0,1.5,2.0,2.0,4096
512,16,2,with_replacement_clipped,0.04019857846616467,0.03616743935390828,0.026726327158055816,0.2,1.0,1.5,2.0,2.0,4096
512,32,2,with_replacement_clipped,0.029939723410558384,0.03231253138016968,0.026726327158055816,0.2,1.0,1.5,2.0,2.0,4096
512,64,2,with_replacement_clipped,0.03165332330545781,0.030477664184379208,0.026726327158055816,0.2,1.0,1.5,2.0,2.0,4096
512,128,2,with_replacement_clipped,0.02964189121136013,0.029849748760858406,0.026726327158055816,0.2,1.0,1.5,2.0,2.0,4096
512,256,2,with_replacement_clipped,0.029610326980820403,0.02967209213999465,0.026726327158055816,0.2,1.0,1.5,2.0,2.0,4096
512,512,2,with_replacement_clipped,0.029609990145205056,0.029625695729978054,0.026726327158055816,0.2,1.0,1.5,2.0,2.0,4096
512,1,2,reshuffle_clipped,0.06712563707652301,0.10180979436818478,0.026726327158055816,0.2,1.0,1.5,2.0,2.0,4096
512,2,2,reshuffle_clipped,0.05139327286123497,0.07266497377766332,0.026726327158055816,0.2,1.0,1.5,2.0,2.0,4096
512,4,2,reshuffle_clipped,0.04021528390888658,0.0530605224644706,0.026726327158055816,0.2,1.0,1.5,2.0,2.0,4096
512,8,2,reshuffle_clipped,0.03551864962296528,0.04152963584591354,0.026726327158055816,0.2,1.0,1.5,2.0,2.0,4096
512,16,2,reshuffle_clipped,0.03704942376689202,0.03523726566006747,0.026726327158055816,0.2,1.0,1.5,2.0,2.0,4096
512,32,2,reshuffle_clipped,0.029921842215257132,0.031798201285305486,0.026726327158055816,0.2,1.0,1.5,2.0,2.0,4096
512,64,2,reshuffle_clipped,0.029845389104251215,0.030290631236708613,0.026726327158055816,0.2,1.0,1.5,2.0,2.0,4096
512,128,2,reshuffle_clipped,0.029611200906516647,0.02979401177435735,0.026726327158055816,0.2,1.0,1.5,2.0,2.0,4096
512,256,2,reshuffle_clipped,0.029610064872165828,0.02965613054937741,0.026726327158055816,0.2,1.0,1.5,2.0,2.0,4096
512,512,2,reshuffle_clipped,0.029609991487340944,0.02962096124377044,0.026726327158055816,0.2,1.0,1.5,2.0,2.0,4096
512,1,2,reshuffle_unclipped,0.06646775665110972,0.10097095965106578,0.026726327158055816,0.2,1.0,1.5,2.0,2.0,4096
512,2,2,reshuffle_unclipped,0.05101617271246909,0.07210444224998677,0.026726327158055816,0.2,1.0,1.5,2.0,2.0,4096
512,4,2,reshuffle_unclipped,0.04129664075290555,0.05273807953700866,0.026726327158055816,0.2,1.0,1.5,2.0,2.0,4096
512,8,2,reshuffle_unclipped,0.03544364897435141,0.04137129394795511,0.026726327158055816,0.2,1.0,1.5,2.0,2.0,4096
512,16,2,reshuffle_unclipped,0.03698216500479483,0.035153713193430774,0.026726327158055816,0.2,1.0,1.5,2.0,2.0,4096
512,32,2,reshuffle_unclipped,0.029869917809423403,0.03175824840519971,0.026726327158055816,0.2,1.0,1.5,2.0,2.0,4096
512,64,2,reshuffle_unclipped,0.02982413571189861,0.030277137757765464,0.026726327158055816,0.2,1.0,1.5,2.0,2.0,4096
512,128,2,reshuffle_unclipped,0.029611224515037397,0.02978997971967401,0.026726327158055816,0.2,1.0,1.5,2.0,2.0,4096
512,256,2,reshuffle_unclipped,0.02961007369682025,0.029655081125137924,0.026726327158055816,0.2,1.0,1.5,2.0,2.0,4096
512,512,2,reshuffle_unclipped,0.0296099916698224,0.029620755235648295,0.026726327158055816,0.2,1.0,1.5,2.0,2.0,4096
512,1,3,with_replacement_clipped,0.07004928155655613,0.10297637098151179,0.026726327158055816,0.2,1.0,1.5,2.0,2.0,4096
512,2,3,with_replacement_clipped,0.07697330195066038,0.07499863840994112,0.026726327158055816,0.2,1.0,1.5,2.0,2.0,4096
512,4,3,with_replacement_clipped,0.04335683774212863,0.055458379799080075,0.026726327158055816,0.2,1.0,1.5,2.0,2.0,4096
512,8,3,with_replacement_clipped,0.03145439806689043,0.0419506694516948,0.026726327158055816,0.2,1.0,1.5,2.0,2.0,4096
512,16,3,with_replacement_clipped,0.03186663036254005,0.03325373694384217,0.026726327158055816,0.2,1.0,1.5,2.0,2.0,4096
512,32,3,with_replacement_clipped,0.027217783992426803,0.029140804063914682,0.026726327158055816,0.2,1.0,1.5,2.0,2.0,4096
512,64,3,with_replacement_clipped,0.02701328532731638,0.027540317598794637,0.026726327158055816,0.2,1.0,1.5,2.0,2.0,4096
512,128,3,with_replacement_clipped,0.026819793166341525,0.027013253902671643,0.026726327158055816,0.2,1.0,1.5,2.0,2.0,4096
512,256,3,with_replacement_clipped,0.026791947622380075,0.026857019267951195,0.026726327158055816,0.2,1.0,1.5,2.0,2.0,4096
512,512,3,with_replacement_clipped,0.026788439466131166,0.02680744438279969,0.026726327158055816,0.2,1.0,1.5,2.0,2.0,4096
512,1,3,reshuffle_clipped,0.07386155337355986,0.10050409836542788,0.026726327158055816,0.2,1.0,1.5,2.0,2.0,4096
512,2,3,reshuffle_clipped,0.05857960899449808,0.0763107710794323,0.026726327158055816,0.2,1.0,1.5,2.0,2.0,4096
512,4,3,reshuffle_clipped,0.04085765382729399,0.05626152179670381,0.026726327158055816,0.2,1.0,1.5,2.0,2.0,4096
512,8,3,reshuffle_clipped,0.04010667627255319,0.04196254343373668,0.026726327158055816,0.2,1.0,1.5,2.0,2.0,4096
512,16,3,reshuffle_clipped,0.02787649769463511,0.03324814712776407,0.026726327158055816,0.2,1.0,1.5,2.0,2.0,4096
512,32,3,reshuffle_clipped,0.02700812474076541,0.029103400588469944,0.026726327158055816,0.2,1.0,1.5,2.0,2.0,4096
512,64,3,reshuffle_clipped,0.026921936852850856,0.027521664375198058,0.026726327158055816,0.2,1.0,1.5,2.0,2.0,4096
512,128,3,reshuffle_clipped,0.026803999897354054,0.027010892256982624,0.026726327158055816,0.2,1.0,1.5,2.0,2.0,4096
512,256,3,reshuffle_clipped,0.0267905778878772,0.026854801037895747,0.026726327158055816,0.2,1.0,1.5,2.0,2.0,4096
512,512,3,reshuffle_clipped,0.026788394874398855,0.026806348682404543,0.026726327158055816,0.2,1.0,1.5,2.0,2.0,4096
512,1,3,reshuffle_unclipped,0.07448680013968732,0.09955631093791201,0.026726327158055816,0.2,1.0,1.5,2.0,2.0,4096
512,2,3,reshuffle_unclipped,0.058503664856030514,0.07563098858311514,0.026726327158055816,0.2,1.0,1.5,2.0,2.0,4096
512,4,3,reshuffle_unclipped,0.04062520377301747,0.055758365922509254,0.026726327158055816,0.2,1.0,1.5,2.0,2.0,4096
512,8,3,reshuffle_unclipped,0.04028590301470568,0.04168224271669877,0.026726327158055816,0.2,1.0,1.5,2.0,2.0,4096
512,16,3,reshuffle_unclipped,0.02785914761246368,0.03313671331424696,0.026726327158055816,0.2,1.0,1.5,2.0,2.0,4096
512,32,3,reshuffle_unclipped,0.02700223122878843,0.029069722133182013,0.026726327158055816,0.2,1.0,1.5,2.0,2.0,4096
512,64,3,reshuffle_unclipped,0.026920366939048517,0.027509699362369563,0.026726327158055816,0.2,1.0,1.5,2.0,2.0,4096
512,128,3,reshuffle_unclipped,0.026803938348093248,0.027006696078379275,0.026726327158055816,0.2,1.0,1.5,2.0,2.0,4096
512,256,3,reshuffle_unclipped,0.026790554951852986,0.026853626527794834,0.026726327158055816,0.2,1.0,1.5,2.0,2.0,4096
512,512,3,reshuffle_unclipped,0.02678839488917087,0.02680605017341265,0.026726327158055816,0.2,1.0,1.5,2.0,2.0,4096
512,1,4,with_replacement_clipped,0.07505754210139177,0.0997441295860814,0.026726327158055816,0.2,1.0,1.5,2.0,2.0,4096
512,2,4,with_replacement_clipped,0.05268238724919212,0.06865869604880197,0.026726327158055816,0.2,1.0,1.5,2.0,2.0,4096
512,4,4,with_replacement_clipped,0.04164212396114387,0.05084347277749554,0.026726327158055816,0.2,1.0,1.5,2.0,2.0,4096
512,8,4,with_replacement_clipped,0.03207226215639226,0.03875685506407768,0.026726327158055816,0.2,1.0,1.5,2.0,2.0,4096
512,16,4,with_replacement_clipped,0.025540841288510086,0.031033938598948985,0.026726327158055816,0.2,1.0,1.5,2.0,2.0,4096
512,32,4,with_replacement_clipped,0.02372498906581422,0.026306324079673173,0.026726327158055816,0.2,1.0,1.5,2.0,2.0,4096
512,64,4,with_replacement_clipped,0.02297993579426593,0.024090924835878734,0.026726327158055816,0.2,1.0,1.5,2.0,2.0,4096
512,128,4,with_replacement_clipped,0.02293010960719059,0.023269128861930406,0.026726327158055816,0.2,1.0,1.5,2.0,2.0,4096
512,256,4,with_replacement_clipped,0.022916238077261033,0.023014847738576295,0.026726327158055816,0.2,1.0,1.5,2.0,2.0,4096
512,512,4,with_replacement_clipped,0.0229140905504847,0.022942798830105002,0.026726327158055816,0.2,1.0,1.5,2.0,2.0,4096
512,1,4,reshuffle_clipped,0.060586827781521795,0.09686249280535522,0.026726327158055816,0.2,1.0,1.5,2.0,2.0,4096
512,2,4,reshuffle_clipped,0.05041066561048868,0.06689162779642342,0.026726327158055816,0.2,1.0,1.5,2.0,2.0,4096
512,4,4,reshuffle_clipped,0.048114428572778464,0.048890639172921746,0.026726327158055816,0.2,1.0,1.5,2.0,2.0,4096
512,8,4,reshuffle_clipped,0.028212136465062036,0.03741342561931892,0.026726327158055816,0.2,1.0,1.5,2.0,2.0,4096
512,16,4,reshuffle_clipped,0.02527773298288919,0.030021982515208732,0.026726327158055816,0.2,1.0,1.5,2.0,2.0,4096
512,32,4,reshuffle_clipped,0.02328179934373103,0.02577845554716776,0.026726327158055816,0.2,1.0,1.5,2.0,2.0,4096
512,64,4,reshuffle_clipped,0.022970415448239714,0.023882193660034842,0.026726327158055816,0.2,1.0,1.5,2.0,2.0,4096
512,128,4,reshuffle_clipped,0.02291990433699546,0.023207693009515834,0.026726327158055816,0.2,1.0,1.5,2.0,2.0,4096
512,256,4,reshuffle_clipped,0.0229160769769067,0.022997266890827178,0.026726327158055816,0.2,1.0,1.5,2.0,2.0,4096
512,512,4,reshuffle_clipped,0.022914086630105825,0.02293785061899039,0.026726327158055816,0.2,1.0,1.5,2.0,2.0,4096
512,1,4,reshuffle_unclipped,0.06061340398134526,0.09688008897960051,0.026726327158055816,0.2,1.0,1.5,2.0,2.0,4096
512,2,4,reshuffle_unclipped,0.05010241604853931,0.06687210327827235,0.026726327158055816,0.2,1.0,1.5,2.0,2.0,4096
512,4,4,reshuffle_unclipped,0.04856735122981884,0.048780732014941444,0.026726327158055816,0.2,1.0,1.5,2.0,2.0,4096
512,8,4,reshuffle_unclipped,0.028126655865850687,0.03727271912337891,0.026726327158055816,0.2,1.0,1.5,2.0,2.0,4096
512,16,4,reshuffle_unclipped,0.025280538841613506,0.029925750274188322,0.026726327158055816,0.2,1.0,1.5,2.0,2.0,4096
512,32,4,reshuffle_unclipped,0.023278538520460624,0.025736449895904373,0.026726327158055816,0.2,1.0,1.5,2.0,2.0,4096
512,64,4,reshuffle_unclipped,0.022970014932139484,0.023869358446311877,0.026726327158055816,0.2,1.0,1.5,2.0,2.0,4096
512,128,4,reshuffle_unclipped,0.022919765797909736,0.02320393592865654,0.026726327158055816,0.2,1.0,1.5,2.0,2.0,4096
512,256,4,reshuffle_unclipped,0.02291599405575774,0.022996206357512046,0.026726327158055816,0.2,1.0,1.5,2.0,2.0,4096
512,512,4,reshuffle_unclipped,0.022914086615816977,0.022937562527550467,0.026726327158055816,0.2,1.0,1.5,2.0,2.0,4096
1024,1,0,with_replacement_clipped,0.053373312553557116,0.07669485962395169,0.016845757482605837,0.2,1.0,1.5,2.0,2.0,4096
1024,2,0,with_replacement_clipped,0.03921516104539645,0.05528070153214611,0.016845757482605837,0.2,1.0,1.5,2.0,2.0,4096
1024,4,0,with_replacement_clipped,0.03082758970301746,0.0419633630920589,0.016845757482605837,0.2,1.0,1.5,2.0,2.0,4096
1024,8,0,with_replacement_clipped,0.03468088431220061,0.0324399273410555,0.016845757482605837,0.2,1.0,1.5,2.0,2.0,4096
1024,16,0,with_replacement_clipped,0.026108516296219075,0.026405824581812797,0.016845757482605837,0.2,1.0,1.5,2.0,2.0,4096
1024,32,0,with_replacement_clipped,0.021242768203845994,0.023063672677561143,0.016845757482605837,0.2,1.0,1.5,2.0,2.0,4096
1024,64,0,with_replacement_clipped,0.021014361211795413,0.02162809904089541,0.016845757482605837,0.2,1.0,1.5,2.0,2.0,4096
1024,128,0,with_replacement_clipped,0.02097006537978127,0.021144226699326932,0.016845757482605837,0.2,1.0,1.5,2.0,2.0,4096
1024,256,0,with_replacement_clipped,0.020955511985389162,0.021002633174169352,0.016845757482605837,0.2,1.0,1.5,2.0,2.0,4096
1024,512,0,with_replacement_clipped,0.02095513742155027,0.020965225776863647,0.016845757482605837,0.2,1.0,1.5,2.0,2.0,4096
1024,1,0,reshuffle_clipped,0.04887468223655962,0.07366650113936421,0.016845757482605837,0.2,1.0,1.5,2.0,2.0,4096
1024,2,0,reshuffle_clipped,0.05282861793729487,0.05282247439770169,0.016845757482605837,0.2,1.0,1.5,2.0,2.0,4096
1024,4,0,reshuffle_clipped,0.029382648866671097,0.03932201569954114,0.016845757482605837,0.2,1.0,1.5,2.0,2.0,4096
1024,8,0,reshuffle_clipped,0.024575271904359656,0.03109555841218054,0.016845757482605837,0.2,1.0,1.5,2.0,2.0,4096
1024,16,0,reshuffle_clipped,0.022392160278241147,0.02593212125112834,0.016845757482605837,0.2,1.0,1.5,2.0,2.0,4096
1024,32,0,reshuffle_clipped,0.022250895436335162,0.02293843354497785,0.016845757482605837,0.2,1.0,1.5,2.0,2.0,4096
1024,64,0,reshuffle_clipped,0.02099374517633882,0.021578051563713785,0.016845757482605837,0.2,1.0,1.5,2.0,2.0,4096
1024,128,0,reshuffle_clipped,0.020961044321010237,0.021125574540912753,0.016845757482605837,0.2,1.0,1.5,2.0,2.0,4096
1024,256,0,reshuffle_clipped,0.02095589979508753,0.020996436620349508,0.016845757482605837,0.2,1.0,1.5,2.0,2.0,4096
1024,512,0,reshuffle_clipped,0.02095512851387141,0.020963324257755614,0.016845757482605837,0.2,1.0,1.5,2.0,2.0,4096
1024,1,0,reshuffle_unclipped,0.04960801841912551,0.07348738472443664,0.016845757482605837,0.2,1.0,1.5,2.0,2.0,4096
1024,2,0,reshuffle_unclipped,0.052346293588705704,0.05267614776922658,0.016845757482605837,0.2,1.0,1.5,2.0,2.0,4096
1024,4,0,reshuffle_unclipped,0.02914953417181834,0.03917882619124094,0.016845757482605837,0.2,1.0,1.5,2.0,2.0,4096
1024,8,0,reshuffle_unclipped,0.02427551957142138,0.03088172427544079,0.016845757482605837,0.2,1.0,1.5,2.0,2.0,4096
1024,16,0,reshuffle_unclipped,0.022229670609547943,0.02568045357758668,0.016845757482605837,0.2,1.0,1.5,2.0,2.0,4096
1024,32,0,reshuffle_unclipped,0.022224271149742007,0.022769102662564215,0.016845757482605837,0.2,1.0,1.5,2.0,2.0,4096
1024,64,0,reshuffle_unclipped,0.020992266654517578,0.021515461166802766,0.016845757482605837,0.2,1.0,1.5,2.0,2.0,4096
1024,128,0,reshuffle_unclipped,0.020960844192644646,0.021108126014424612,0.016845757482605837,0.2,1.0,1.5,2.0,2.0,4096
1024,256,0,reshuffle_unclipped,0.02095586498198495,0.02099187396970154,0.016845757482605837,0.2,1.0,1.5,2.0,2.0,4096
1024,512,0,reshuffle_unclipped,0.020955128289637873,0.020962169515260188,0.016845757482605837,0.2,1.0,1.5,2.0,2.0,4096
1024,1,1,with_replacement_clipped,0.07758822013380078,0.0766645014312159,0.016845757482605837,0.2,1.0,1.5,2.0,2.0,4096
1024,2,1,with_replacement_clipped,0.03988668580158274,0.056343301015080435,0.016845757482605837,0.2,1.0,1.5,2.0,2.0,4096
1024,4,1,with_replacement_clipped,0.03185935255430166,0.04196960672701126,0.016845757482605837,0.2,1.0,1.5,2.0,2.0,4096
1024,8,1,with_replacement_clipped,0.02479291621507207,0.0325529380015046,0.016845757482605837,0.2,1.0,1.5,2.0,2.0,4096
1024,16,1,with_replacement_clipped,0.021050357465008777,0.025797626729896092,0.016845757482605837,0.2,1.0,1.5,2.0,2.0,4096
1024,32,1,with_replacement_clipped,0.019982686955653035,0.022091930700217394,0.016845757482605837,0.2,1.0,1.5,2.0,2.0,4096
1024,64,1,with_replacement_clipped,0.01957340849207162,0.020395914804664374,0.016845757482605837,0.2,1.0,1.5,2.0,2.0,4096
1024,128,1,with_replacement_clipped,0.019512422358510285,0.019762492283029384,0.016845757482605837,0.2,1.0,1.5,2.0,2.0,4096
1024,256,1,with_replacement_clipped,0.01950773762036689,0.01956748555159706,0.016845757482605837,0.2,1.0,1.5,2.0,2.0,4096
1024,512,1,with_replacement_clipped,0.019501668022358986,0.019515588358025242,0.016845757482605837,0.2,1.0,1.5,2.0,2.0,4096
1024,1,1,reshuffle_clipped,0.04878982961148567,0.0710070115947191,0.016845757482605837,0.2,1.0,1.5,2.0,2.0,4096
1024,2,1,reshuffle_clipped,0.037076093374714056,0.05271318054488356,0.016845757482605837,0.2,1.0,1.5,2.0,2.0,4096
1024,4,1,reshuffle_clipped,0.029543583601956584,0.03979299832279464,0.016845757482605837,0.2,1.0,1.5,2.0,2.0,4096
1024,8,1,reshuffle_clipped,0.024058187286895804,0.030850710866114246,0.016845757482605837,0.2,1.0,1.5,2.0,2.0,4096
1024,16,1,reshuffle_clipped,0.02360566008247251,0.025104752390662843,0.016845757482605837,0.2,1.0,1.5,2.0,2.0,4096
1024,32,1,reshuffle_clipped,0.01984406503463813,0.021840049962284305,0.016845757482605837,0.2,1.0,1.5,2.0,2.0,4096
1024,64,1,reshuffle_clipped,0.01956003939554279,0.020306732974819355,0.016845757482605837,0.2,1.0,1.5,2.0,2.0,4096
1024,128,1,reshuffle_clipped,0.019514426140655832,0.019732790159598182,0.016845757482605837,0.2,1.0,1.5,2.0,2.0,4096
1024,256,1,reshuffle_clipped,0.019504513853883125,0.019560969636351035,0.016845757482605837,0.2,1.0,1.5,2.0,2.0,4096
1024,512,1,reshuffle_clipped,0.019501460843562808,0.019514332029999963,0.016845757482605837,0.2,1.0,1.5,2.0,2.0,4096
1024,1,1,reshuffle_unclipped,0.048239517191408114,0.07037442409659025,0.016845757482605837,0.2,1.0,1.5,2.0,2.0,4096
1024,2,1,reshuffle_unclipped,0.036792089561225004,0.052189812668026324,0.016845757482605837,0.2,1.0,1.5,2.0,2.0,4096
1024,4,1,reshuffle_unclipped,0.029380398511544795,0.039476085647651066,0.016845757482605837,0.2,1.0,1.5,2.0,2.0,4096
1024,8,1,reshuffle_unclipped,0.024013635172442465,0.030684862278495727,0.016845757482605837,0.2,1.0,1.5,2.0,2.0,4096
1024,16,1,reshuffle_unclipped,0.02357072060359593,0.025035311451766278,0.016845757482605837,0.2,1.0,1.5,2.0,2.0,4096
1024,32,1,reshuffle_unclipped,0.01984386388161391,0.021814739689780427,0.016845757482605837,0.2,1.0,1.5,2.0,2.0,4096
1024,64,1,reshuffle_unclipped,0.019559797087218254,0.020298679412637223,0.016845757482605837,0.2,1.0,1.5,2.0,2.0,4096
1024,128,1,reshuffle_unclipped,0.019514244294540357,0.019730403169461105,0.016845757482605837,0.2,1.0,1.5,2.0,2.0,4096
1024,256,1,reshuffle_unclipped,0.01950443842188491,0.019560217610620642,0.016845757482605837,0.2,1.0,1.5,2.0,2.0,4096
1024,512,1,reshuffle_unclipped,0.019501453541007158,0.019514094458201486,0.016845757482605837,0.2,1.0,1.5,2.0,2.0,4096
1024,1,2,with_replacement_clipped,0.055896060307889975,0.07523085740708614,0.016845757482605837,0.2,1.0,1.5,2.0,2.0,4096
1024,2,2,with_replacement_clipped,0.046253808637929356,0.05519840586787325,0.016845757482605837,0.2,1.0,1.5,2.0,2.0,4096
1024,4,2,with_replacement_clipped,0.037302993355789175,0.04165754416708011,0.016845757482605837,0.2,1.0,1.5,2.0,2.0,4096
1024,8,2,with_replacement_clipped,0.02279000875257779,0.031051956027546762,0.016845757482605837,0.2,1.0,1.5,2.0,2.0,4096
1024,16,2,with_replacement_clipped,0.019077619489246748,0.023895795147594004,0.016845757482605837,0.2,1.0,1.5,2.0,2.0,4096
1024,32,2,with_replacement_clipped,0.01632065069210259,0.019173729423402973,0.016845757482605837,0.2,1.0,1.5,2.0,2.0,4096
1024,64,2,with_replacement_clipped,0.01582832210925679,0.01690003874487954,0.016845757482605837,0.2,1.0,1.5,2.0,2.0,4096
1024,128,2,with_replacement_clipped,0.01577401618206031,0.01609106512463872,0.016845757482605837,0.2,1.0,1.5,2.0,2.0,4096
1024,256,2,with_replacement_clipped,0.0157527080821092,0.01584547817609625,0.016845757482605837,0.2,1.0,1.5,2.0,2.0,4096
1024,512,2,with_replacement_clipped,0.015752248581317636,0.015776899594903807,0.016845757482605837,0.2,1.0,1.5,2.0,2.0,4096
1024,1,2,reshuffle_clipped,0.0556585954048006,0.0676395602005781,0.016845757482605837,0.2,1.0,1.5,2.0,2.0,4096
1024,2,2,reshuffle_clipped,0.04079665712534112,0.05075086077012188,0.016845757482605837,0.2,1.0,1.5,2.0,2.0,4096
1024,4,2,reshuffle_clipped,0.029117671816819693,0.039039798870060254,0.016845757482605837,0.2,1.0,1.5,2.0,2.0,4096
1024,8,2,reshuffle_clipped,0.022252778295522926,0.029997873263972328,0.016845757482605837,0.2,1.0,1.5,2.0,2.0,4096
1024,16,2,reshuffle_clipped,0.017862922803198265,0.023384507184285867,0.016845757482605837,0.2,1.0,1.5,2.0,2.0,4096
1024,32,2,reshuffle_clipped,0.016373869980217837,0.018974233740169502,0.016845757482605837,0.2,1.0,1.5,2.0,2.0,4096
1024,64,2,reshuffle_clipped,0.015819754699975777,0.01682719403274011,0.016845757482605837,0.2,1.0,1.5,2.0,2.0,4096
1024,128,2,reshuffle_clipped,0.015760334327404438,0.01606515646277846,0.016845757482605837,0.2,1.0,1.5,2.0,2.0,4096
1024,256,2,reshuffle_clipped,0.015752660781734092,0.015837284364640044,0.016845757482605837,0.2,1.0,1.5,2.0,2.0,4096
1024,512,2,reshuffle_clipped,0.015752248220460823,0.015774453671542038,0.016845757482605837,0.2,1.0,1.5,2.0,2.0,4096
1024,1,2,reshuffle_unclipped,0.056446891549697085,0.06724095820968982,0.016845757482605837,0.2,1.0,1.5,2.0,2.0,4096
1024,2,2,reshuffle_unclipped,0.04061879169636946,0.05049550448494758,0.016845757482605837,0.2,1.0,1.5,2.0,2.0,4096
1024,4,2,reshuffle_unclipped,0.028989653904620157,0.03883453168091563,0.016845757482605837,0.2,1.0,1.5,2.0,2.0,4096
1024,8,2,reshuffle_unclipped,0.022147552920255387,0.029819908385707167,0.016845757482605837,0.2,1.0,1.5,2.0,2.0,4096
1024,16,2,reshuffle_unclipped,0.017821526533293296,0.023255312417834,0.016845757482605837,0.2,1.0,1.5,2.0,2.0,4096
1024,32,2,reshuffle_unclipped,0.01637276322836195,0.018907380819499886,0.016845757482605837,0.2,1.0,1.5,2.0,2.0,4096
1024,64,2,reshuffle_unclipped,0.015818955077950895,0.01680404990414458,0.016845757482605837,0.2,1.0,1.5,2.0,2.0,4096
1024,128,2,reshuffle_unclipped,0.015760272318343056,0.01605850719831747,0.016845757482605837,0.2,1.0,1.5,2.0,2.0,4096
1024,256,2,reshuffle_unclipped,0.01575265365501137,0.015835466569469502,0.016845757482605837,0.2,1.0,1.5,2.0,2.0,4096
1024,512,2,reshuffle_unclipped,0.015752248008794965,0.01577394298011309,0.016845757482605837,0.2,1.0,1.5,2.0,2.0,4096
1024,1,3,with_replacement_clipped,0.07526101348091417,0.07279593321310435,0.016845757482605837,0.2,1.0,1.5,2.0,2.0,4096
1024,2,3,with_replacement_clipped,0.040374165518221226,0.056593286610812504,0.016845757482605837,0.2,1.0,1.5,2.0,2.0,4096
1024,4,3,with_replacement_clipped,0.030392019150272055,0.04205994534946843,0.016845757482605837,0.2,1.0,1.5,2.0,2.0,4096
1024,8,3,with_replacement_clipped,0.032114848783761335,0.03158969875479009,0.016845757482605837,0.2,1.0,1.5,2.0,2.0,4096
1024,16,3,with_replacement_clipped,0.019586436999434357,0.024582193417558035,0.016845757482605837,0.2,1.0,1.5,2.0,2.0,4096
1024,32,3,with_replacement_clipped,0.01809185580632383,0.0206349001945406,0.016845757482605837,0.2,1.0,1.5,2.0,2.0,4096
1024,64,3,with_replacement_clipped,0.01750626035220858,0.01860831133851943,0.016845757482605837,0.2,1.0,1.5,2.0,2.0,4096
1024,128,3,with_replacement_clipped,0.017457429769350375,0.017774458268931388,0.016845757482605837,0.2,1.0,1.5,2.0,2.0,4096
1024,256,3,with_replacement_clipped,0.017362515876147497,0.017475106924075248,0.016845757482605837,0.2,1.0,1.5,2.0,2.0,4096
1024,512,3,with_replacement_clipped,0.017361105312506238,0.017388189348710042,0.016845757482605837,0.2,1.0,1.5,2.0,2.0,4096
1024,1,3,reshuffle_clipped,0.05347209790590974,0.07497733420435151,0.016845757482605837,0.2,1.0,1.5,2.0,2.0,4096
1024,2,3,reshuffle_clipped,0.04328802318366783,0.052933207586783285,0.016845757482605837,0.2,1.0,1.5,2.0,2.0,4096
1024,4,3,reshuffle_clipped,0.028807361190244973,0.038663677897031574,0.016845757482605837,0.2,1.0,1.5,2.0,2.0,4096
1024,8,3,reshuffle_clipped,0.023757317179398125,0.02940451286635916,0.016845757482605837,0.2,1.0,1.5,2.0,2.0,4096
1024,16,3,reshuffle_clipped,0.019311657135115644,0.02354921674110609,0.016845757482605837,0.2,1.0,1.5,2.0,2.0,4096
1024,32,3,reshuffle_clipped,0.01799008370036983,0.020144250669639076,0.016845757482605837,0.2,1.0,1.5,2.0,2.0,4096
1024,64,3,reshuffle_clipped,0.017508619595128647,0.018445932717743224,0.016845757482605837,0.2,1.0,1.5,2.0,2.0,4096
1024,128,3,reshuffle_clipped,0.017385321749863777,0.01772386254358821,0.016845757482605837,0.2,1.0,1.5,2.0,2.0,4096
1024,256,3,reshuffle_clipped,0.017361771488249418,0.01746128481034049,0.016845757482605837,0.2,1.0,1.5,2.0,2.0,4096
1024,512,3,reshuffle_clipped,0.017361088165093765,0.017385163446401057,0.016845757482605837,0.2,1.0,1.5,2.0,2.0,4096
1024,1,3,reshuffle_unclipped,0.05327253546899025,0.0739035598712155,0.016845757482605837,0.2,1.0,1.5,2.0,2.0,4096
1024,2,3,reshuffle_unclipped,0.04344752635555659,0.052455857143694225,0.016845757482605837,0.2,1.0,1.5,2.0,2.0,4096
1024,4,3,reshuffle_unclipped,0.028657272566455776,0.03845088508272448,0.016845757482605837,0.2,1.0,1.5,2.0,2.0,4096
1024,8,3,reshuffle_unclipped,0.023746914977153057,0.02932614249847225,0.016845757482605837,0.2,1.0,1.5,2.0,2.0,4096
1024,16,3,reshuffle_unclipped,0.019305527439953438,0.023521525850496487,0.016845757482605837,0.2,1.0,1.5,2.0,2.0,4096
1024,32,3,reshuffle_unclipped,0.017989140598381134,0.020132519138779247,0.016845757482605837,0.2,1.0,1.5,2.0,2.0,4096
1024,64,3,reshuffle_unclipped,0.017507221255343486,0.018440172996573297,0.016845757482605837,0.2,1.0,1.5,2.0,2.0,4096
1024,128,3,reshuffle_unclipped,0.01738521023264915,0.0177215002804725,0.016845757482605837,0.2,1.0,1.5,2.0,2.0,4096
1024,256,3,reshuffle_unclipped,0.01736170884159147,0.017460504522130976,0.016845757482605837,0.2,1.0,1.5,2.0,2.0,4096
1024,512,3,reshuffle_unclipped,0.01736108395178471,0.01738494894332294,0.016845757482605837,0.2,1.0,1.5,2.0,2.0,4096
1024,1,4,with_replacement_clipped,0.0734384220873357,0.08672626899992976,0.016845757482605837,0.2,1.0,1.5,2.0,2.0,4096
1024,2,4,with_replacement_clipped,0.03978237923756462,0.05720274474500457,0.016845757482605837,0.2,1.0,1.5,2.0,2.0,4096
1024,4,4,with_replacement_clipped,0.03958593411533984,0.04038314302228103,0.016845757482605837,0.2,1.0,1.5,2.0,2.0,4096
1024,8,4,with_replacement_clipped,0.021309880186306897,0.0292175462565641,0.016845757482605837,0.2,1.0,1.5,2.0,2.0,4096
1024,16,4,with_replacement_clipped,0.01862438063129988,0.022897827477494897,0.016845757482605837,0.2,1.0,1.5,2.0,2.0,4096
1024,32,4,with_replacement_clipped,0.01781190903897403,0.01957469999405523,0.016845757482605837,0.2,1.0,1.5,2.0,2.0,4096
1024,64,4,with_replacement_clipped,0.017556614350992882,0.018174768636759944,0.016845757482605837,0.2,1.0,1.5,2.0,2.0,4096
1024,128,4,with_replacement_clipped,0.017542619991938388,0.017702563861305764,0.016845757482605837,0.2,1.0,1.5,2.0,2.0,4096
1024,256,4,with_replacement_clipped,0.017525908888668493,0.01756913408742168,0.016845757482605837,0.2,1.0,1.5,2.0,2.0,4096
1024,512,4,with_replacement_clipped,0.017525767550188077,0.017535074152705273,0.016845757482605837,0.2,1.0,1.5,2.0,2.0,4096
1024,1,4,reshuffle_clipped,0.04989167908790804,0.0675532289973124,0.016845757482605837,0.2,1.0,1.5,2.0,2.0,4096
1024,2,4,reshuffle_clipped,0.06719849513568962,0.049829470851419255,0.016845757482605837,0.2,1.0,1.5,2.0,2.0,4096
1024,4,4,reshuffle_clipped,0.02677891931911378,0.03715442372990867,0.016845757482605837,0.2,1.0,1.5,2.0,2.0,4096
1024,8,4,reshuffle_clipped,0.03967327359401726,0.02853646478459302,0.016845757482605837,0.2,1.0,1.5,2.0,2.0,4096
1024,16,4,reshuffle_clipped,0.018544321633531986,0.022756023149499142,0.016845757482605837,0.2,1.0,1.5,2.0,2.0,4096
1024,32,4,reshuffle_clipped,0.01789615276751997,0.019535182921659334,0.016845757482605837,0.2,1.0,1.5,2.0,2.0,4096
1024,64,4,reshuffle_clipped,0.01756017172079495,0.018154002385436557,0.016845757482605837,0.2,1.0,1.5,2.0,2.0,4096
1024,128,4,reshuffle_clipped,0.017527576496997637,0.017695944439776273,0.016845757482605837,0.2,1.0,1.5,2.0,2.0,4096
1024,256,4,reshuffle_clipped,0.017525810141824267,0.017567939052810976,0.016845757482605837,0.2,1.0,1.5,2.0,2.0,4096
1024,512,4,reshuffle_clipped,0.01752576781619664,0.01753509219654539,0.016845757482605837,0.2,1.0,1.5,2.0,2.0,4096
1024,1,4,reshuffle_unclipped,0.04981756492853815,0.06741787261815366,0.016845757482605837,0.2,1.0,1.5,2.0,2.0,4096
1024,2,4,reshuffle_unclipped,0.0673074035562983,0.04974784669920322,0.016845757482605837,0.2,1.0,1.5,2.0,2.0,4096
1024,4,4,reshuffle_unclipped,0.026759087846825635,0.0370989580430284,0.016845757482605837,0.2,1.0,1.5,2.0,2.0,4096
1024,8,4,reshuffle_unclipped,0.03909845240723756,0.028503232897412405,0.016845757482605837,0.2,1.0,1.5,2.0,2.0,4096
1024,16,4,reshuffle_unclipped,0.01853553583785468,0.022729708899693456,0.016845757482605837,0.2,1.0,1.5,2.0,2.0,4096
1024,32,4,reshuffle_unclipped,0.0178940280195989,0.019522026453880462,0.016845757482605837,0.2,1.0,1.5,2.0,2.0,4096
1024,64,4,reshuffle_unclipped,0.01755989787974493,0.018149561445511695,0.016845757482605837,0.2,1.0,1.5,2.0,2.0,4096
1024,128,4,reshuffle_unclipped,0.017527496119428446,0.01769452112267904,0.016845757482605837,0.2,1.0,1.5,2.0,2.0,4096
1024,256,4,reshuffle_unclipped,0.01752579381445035,0.017567451992060935,0.016845757482605837,0.2,1.0,1.5,2.0,2.0,4096
1024,512,4,reshuffle_unclipped,0.01752576749827298,0.017534944574413326,0.016845757482605837,0.2,1.0,1.5,2.0,2.0,4096
2048,1,0,with_replacement_clipped,0.03405997296033098,0.04971229050148289,0.010615239454383585,0.2,1.0,1.5,2.0,2.0,4096
2048,2,0,with_replacement_clipped,0.02815476514024364,0.03677437470832145,0.010615239454383585,0.2,1.0,1.5,2.0,2.0,4096
2048,4,0,with_replacement_clipped,0.02305875079194772,0.028105101502780998,0.010615239454383585,0.2,1.0,1.5,2.0,2.0,4096
2048,8,0,with_replacement_clipped,0.019381286739676824,0.02143742897546091,0.010615239454383585,0.2,1.0,1.5,2.0,2.0,4096
2048,16,0,with_replacement_clipped,0.012693379149566423,0.016464422102881425,0.010615239454383585,0.2,1.0,1.5,2.0,2.0,4096
2048,32,0,with_replacement_clipped,0.011536370654247431,0.013383338437869053,0.010615239454383585,0.2,1.0,1.5,2.0,2.0,4096
2048,64,0,with_replacement_clipped,0.011298548651748569,0.011913391766085447,0.010615239454383585,0.2,1.0,1.5,2.0,2.0,4096
2048,128,0,with_replacement_clipped,0.011172609106785214,0.011381619059998323,0.010615239454383585,0.2,1.0,1.5,2.0,2.0,4096
2048,256,0,with_replacement_clipped,0.011168724862362587,0.011223792610796899,0.010615239454383585,0.2,1.0,1.5,2.0,2.0,4096
2048,512,0,with_replacement_clipped,0.011168394363474457,0.011182071593809349,0.010615239454383585,0.2,1.0,1.5,2.0,2.0,4096
2048,1,0,reshuffle_clipped,0.035583712024834575,0.0505885856302198,0.010615239454383585,0.2,1.0,1.5,2.0,2.0,4096
2048,2,0,reshuffle_clipped,0.027692461905249783,0.037343645946267726,0.010615239454383585,0.2,1.0,1.5,2.0,2.0,4096
2048,4,0,reshuffle_clipped,0.02068064391973809,0.028061774979840165,0.010615239454383585,0.2,1.0,1.5,2.0,2.0,4096
2048,8,0,reshuffle_clipped,0.015962515248246052,0.021221468868043568,0.010615239454383585,0.2,1.0,1.5,2.0,2.0,4096
2048,16,0,reshuffle_clipped,0.012914374075210221,0.016280965620412938,0.010615239454383585,0.2,1.0,1.5,2.0,2.0,4096
2048,32,0,reshuffle_clipped,0.011657969263728881,0.013273066634705092,0.010615239454383585,0.2,1.0,1.5,2.0,2.0,4096
2048,64,0,reshuffle_clipped,0.01126828395939189,0.011867411072652479,0.010615239454383585,0.2,1.0,1.5,2.0,2.0,4096
2048,128,0,reshuffle_clipped,0.011194948717782099,0.011366977269494755,0.010615239454383585,0.2,1.0,1.5,2.0,2.0,4096
2048,256,0,reshuffle_clipped,0.011168586838980539,0.011219934146729131,0.010615239454383585,0.2,1.0,1.5,2.0,2.0,4096
2048,512,0,reshuffle_clipped,0.011168391858315418,0.011181139498468851,0.010615239454383585,0.2,1.0,1.5,2.0,2.0,4096
2048,1,0,reshuffle_unclipped,0.03559889710565759,0.050428835054503074,0.010615239454383585,0.2,1.0,1.5,2.0,2.0,4096
2048,2,0,reshuffle_unclipped,0.02767856808866121,0.03726295913109478,0.010615239454383585,0.2,1.0,1.5,2.0,2.0,4096
2048,4,0,reshuffle_unclipped,0.02067256808747704,0.028025582603049617,0.010615239454383585,0.2,1.0,1.5,2.0,2.0,4096
2048,8,0,reshuffle_unclipped,0.015965072201998796,0.02120383752383468,0.010615239454383585,0.2,1.0,1.5,2.0,2.0,4096
2048,16,0,reshuffle_unclipped,0.01292576355900534,0.0162738129017838,0.010615239454383585,0.2,1.0,1.5,2.0,2.0,4096
2048,32,0,reshuffle_unclipped,0.011654838644539112,0.013270153270416082,0.010615239454383585,0.2,1.0,1.5,2.0,2.0,4096
2048,64,0,reshuffle_unclipped,0.011268186972738008,0.011866385152298988,0.010615239454383585,0.2,1.0,1.5,2.0,2.0,4096
2048,128,0,reshuffle_unclipped,0.011194793528898546,0.01136669559676211,0.010615239454383585,0.2,1.0,1.5,2.0,2.0,4096
2048,256,0,reshuffle_unclipped,0.01116858366313277,0.011219853286598388,0.010615239454383585,0.2,1.0,1.5,2.0,2.0,4096
2048,512,0,reshuffle_unclipped,0.011168391609175309,0.011181116045962699,0.010615239454383585,0.2,1.0,1.5,2.0,2.0,4096
2048,1,1,with_replacement_clipped,0.04278194691023902,0.05556515571271945,0.010615239454383585,0.2,1.0,1.5,2.0,2.0,4096
2048,2,1,with_replacement_clipped,0.028812320909258466,0.03970130325530579,0.010615239454383585,0.2,1.0,1.5,2.0,2.0,4096
2048,4,1,with_replacement_clipped,0.02118900642511589,0.029299364414499547,0.010615239454383585,0.2,1.0,1.5,2.0,2.0,4096
2048,8,1,with_replacement_clipped,0.01637312932272763,0.021991848420552466,0.010615239454383585,0.2,1.0,1.5,2.0,2.0,4096
2048,16,1,with_replacement_clipped,0.013611190985270754,0.01717097669596648,0.010615239454383585,0.2,1.0,1.5,2.0,2.0,4096
2048,32,1,with_replacement_clipped,0.01206751513501313,0.014130673596593743,0.010615239454383585,0.2,1.0,1.5,2.0,2.0,4096
2048,64,1,with_replacement_clipped,0.011685936050282134,0.01252082876522169,0.010615239454383585,0.2,1.0,1.5,2.0,2.0,4096
2048,128,1,with_replacement_clipped,0.011623104282607351,0.011882227195916325,0.010615239454383585,0.2,1.0,1.5,2.0,2.0,4096
2048,256,1,with_replacement_clipped,0.011604059116279883,0.0116810522773331,0.010615239454383585,0.2,1.0,1.5,2.0,2.0,4096
2048,512,1,with_replacement_clipped,0.011602354239719009,0.011623078933259066,0.010615239454383585,0.2,1.0,1.5,2.0,2.0,4096
2048,1,1,reshuffle_clipped,0.03490965543697329,0.05187775501018693,0.010615239454383585,0.2,1.0,1.5,2.0,2.0,4096
2048,2,1,reshuffle_clipped,0.02607849404852237,0.03747046228775589,0.010615239454383585,0.2,1.0,1.5,2.0,2.0,4096
2048,4,1,reshuffle_clipped,0.020677050233667976,0.027644017941915944,0.010615239454383585,0.2,1.0,1.5,2.0,2.0,4096
2048,8,1,reshuffle_clipped,0.018943041726863105,0.02107717861404597,0.010615239454383585,0.2,1.0,1.5,2.0,2.0,4096
2048,16,1,reshuffle_clipped,0.013482696841151706,0.016627255128912822,0.010615239454383585,0.2,1.0,1.5,2.0,2.0,4096
2048,32,1,reshuffle_clipped,0.011989020688796447,0.013843236428860203,0.010615239454383585,0.2,1.0,1.5,2.0,2.0,4096
2048,64,1,reshuffle_clipped,0.011764963099924381,0.012397863414284418,0.010615239454383585,0.2,1.0,1.5,2.0,2.0,4096
2048,128,1,reshuffle_clipped,0.012028274278852643,0.011844528227809214,0.010615239454383585,0.2,1.0,1.5,2.0,2.0,4096
2048,256,1,reshuffle_clipped,0.011603468548631472,0.011670949557523137,0.010615239454383585,0.2,1.0,1.5,2.0,2.0,4096
2048,512,1,reshuffle_clipped,0.011602352678294946,0.011620598368231897,0.010615239454383585,0.2,1.0,1.5,2.0,2.0,4096
2048,1,1,reshuffle_unclipped,0.034863658989275195,0.05148721560655545,0.010615239454383585,0.2,1.0,1.5,2.0,2.0,4096
2048,2,1,reshuffle_unclipped,0.026193277807019095,0.03728087401846697,0.010615239454383585,0.2,1.0,1.5,2.0,2.0,4096
2048,4,1,reshuffle_unclipped,0.020592634143444727,0.027515827095661555,0.010615239454383585,0.2,1.0,1.5,2.0,2.0,4096
2048,8,1,reshuffle_unclipped,0.018913504566986806,0.020981380775775292,0.010615239454383585,0.2,1.0,1.5,2.0,2.0,4096
2048,16,1,reshuffle_unclipped,0.013457497861802156,0.016567583370189713,0.010615239454383585,0.2,1.0,1.5,2.0,2.0,4096
2048,32,1,reshuffle_unclipped,0.011979586678345634,0.01380914352221849,0.010615239454383585,0.2,1.0,1.5,2.0,2.0,4096
2048,64,1,reshuffle_unclipped,0.011757117834354945,0.012383440429310557,0.010615239454383585,0.2,1.0,1.5,2.0,2.0,4096
2048,128,1,reshuffle_unclipped,0.011987361750595645,0.011840061460412787,0.010615239454383585,0.2,1.0,1.5,2.0,2.0,4096
2048,256,1,reshuffle_unclipped,0.011603458540270123,0.011669762834297681,0.010615239454383585,0.2,1.0,1.5,2.0,2.0,4096
2048,512,1,reshuffle_unclipped,0.011602352660327218,0.011620300686124373,0.010615239454383585,0.2,1.0,1.5,2.0,2.0,4096
2048,1,2,with_replacement_clipped,0.038957763445417966,0.053493738899666306,0.010615239454383585,0.2,1.0,1.5,2.0,2.0,4096
2048,2,2,with_replacement_clipped,0.027192254649043054,0.038184967142305064,0.010615239454383585,0.2,1.0,1.5,2.0,2.0,4096
2048,4,2,with_replacement_clipped,0.022717299767610867,0.0272236960377201,0.010615239454383585,0.2,1.0,1.5,2.0,2.0,4096
2048,8,2,with_replacement_clipped,0.014779977981900946,0.019791749902334566,0.010615239454383585,0.2,1.0,1.5,2.0,2.0,4096
2048,16,2,with_replacement_clipped,0.012750130014098528,0.015285038237373665,0.010615239454383585,0.2,1.0,1.5,2.0,2.0,4096
2048,32,2,with_replacement_clipped,0.011404509776416646,0.012784731376640785,0.010615239454383585,0.2,1.0,1.5,2.0,2.0,4096
2048,64,2,with_replacement_clipped,0.010962716335203534,0.01157659848886692,0.010615239454383585,0.2,1.0,1.5,2.0,2.0,4096
2048,128,2,with_replacement_clipped,0.010923514054397721,0.011114640209306602,0.010615239454383585,0.2,1.0,1.5,2.0,2.0,4096
2048,256,2,with_replacement_clipped,0.010917843054252183,0.010971949487480074,0.010615239454383585,0.2,1.0,1.5,2.0,2.0,4096
2048,512,2,with_replacement_clipped,0.010917668125498084,0.010932627886902146,0.010615239454383585,0.2,1.0,1.5,2.0,2.0,4096
2048,1,2,reshuffle_clipped,0.03480982782569006,0.048029785600596626,0.010615239454383585,0.2,1.0,1.5,2.0,2.0,4096
2048,2,2,reshuffle_clipped,0.02330003133851257,0.034867414988189085,0.010615239454383585,0.2,1.0,1.5,2.0,2.0,4096
2048,4,2,reshuffle_clipped,0.01763366002364446,0.025351001947486115,0.010615239454383585,0.2,1.0,1.5,2.0,2.0,4096
2048,8,2,reshuffle_clipped,0.01424889172381814,0.018968278882715774,0.010615239454383585,0.2,1.0,1.5,2.0,2.0,4096
2048,16,2,reshuffle_clipped,0.01204536797893668,0.014955870459192071,0.010615239454383585,0.2,1.0,1.5,2.0,2.0,4096
2048,32,2,reshuffle_clipped,0.011354239201235657,0.012646500480357538,0.010615239454383585,0.2,1.0,1.5,2.0,2.0,4096
2048,64,2,reshuffle_clipped,0.011313751554914507,0.01152340935681152,0.010615239454383585,0.2,1.0,1.5,2.0,2.0,4096
2048,128,2,reshuffle_clipped,0.01092165535904922,0.011097328124567747,0.010615239454383585,0.2,1.0,1.5,2.0,2.0,4096
2048,256,2,reshuffle_clipped,0.01091776828819705,0.010967045193986455,0.010615239454383585,0.2,1.0,1.5,2.0,2.0,4096
2048,512,2,reshuffle_clipped,0.010917666413143593,0.010931289568215565,0.010615239454383585,0.2,1.0,1.5,2.0,2.0,4096
2048,1,2,reshuffle_unclipped,0.0345445081230447,0.0476729174988398,0.010615239454383585,0.2,1.0,1.5,2.0,2.0,4096
2048,2,2,reshuffle_unclipped,0.023191419810770313,0.034592160960428504,0.010615239454383585,0.2,1.0,1.5,2.0,2.0,4096
2048,4,2,reshuffle_unclipped,0.017593567527321018,0.02517897065284487,0.010615239454383585,0.2,1.0,1.5,2.0,2.0,4096
2048,8,2,reshuffle_unclipped,0.014235506316737312,0.01888165894623691,0.010615239454383585,0.2,1.0,1.5,2.0,2.0,4096
2048,16,2,reshuffle_unclipped,0.012041937372290295,0.014920033839587617,0.010615239454383585,0.2,1.0,1.5,2.0,2.0,4096
2048,32,2,reshuffle_unclipped,0.011350791097802671,0.012632954586589942,0.010615239454383585,0.2,1.0,1.5,2.0,2.0,4096
2048,64,2,reshuffle_unclipped,0.011312710844527809,0.011518035847049857,0.010615239454383585,0.2,1.0,1.5,2.0,2.0,4096
2048,128,2,reshuffle_unclipped,0.010921500092888553,0.01109513200565086,0.010615239454383585,0.2,1.0,1.5,2.0,2.0,4096
2048,256,2,reshuffle_unclipped,0.010917757149068274,0.010966326115973922,0.010615239454383585,0.2,1.0,1.5,2.0,2.0,4096
2048,512,2,reshuffle_unclipped,0.010917666412863824,0.010931101881124977,0.010615239454383585,0.2,1.0,1.5,2.0,2.0,4096
2048,1,3,with_replacement_clipped,0.035312885582327626,0.05329827480703252,0.010615239454383585,0.2,1.0,1.5,2.0,2.0,4096
2048,2,3,with_replacement_clipped,0.027859019397291112,0.03767937881728867,0.010615239454383585,0.2,1.0,1.5,2.0,2.0,4096
2048,4,3,with_replacement_clipped,0.02149096000949905,0.027408305373608447,0.010615239454383585,0.2,1.0,1.5,2.0,2.0,4096
2048,8,3,with_replacement_clipped,0.01733326658349552,0.021182143145853836,0.010615239454383585,0.2,1.0,1.5,2.0,2.0,4096
2048,16,3,with_replacement_clipped,0.013692408692834527,0.016896542801759,0.010615239454383585,0.2,1.0,1.5,2.0,2.0,4096
2048,32,3,with_replacement_clipped,0.012642588028209497,0.014271271534786812,0.010615239454383585,0.2,1.0,1.5,2.0,2.0,4096
2048,64,3,with_replacement_clipped,0.012283654258611037,0.012947787920052708,0.010615239454383585,0.2,1.0,1.5,2.0,2.0,4096
2048,128,3,with_replacement_clipped,0.012237995939060489,0.012444667908553206,0.010615239454383585,0.2,1.0,1.5,2.0,2.0,4096
2048,256,3,with_replacement_clipped,0.01222824536968448,0.012287438482327532,0.010615239454383585,0.2,1.0,1.5,2.0,2.0,4096
2048,512,3,with_replacement_clipped,0.012227279130145388,0.012242447997353802,0.010615239454383585,0.2,1.0,1.5,2.0,2.0,4096
2048,1,3,reshuffle_clipped,0.037631969119374165,0.0502272170354168,0.010615239454383585,0.2,1.0,1.5,2.0,2.0,4096
2048,2,3,reshuffle_clipped,0.025453394690346177,0.03558996220980514,0.010615239454383585,0.2,1.0,1.5,2.0,2.0,4096
2048,4,3,reshuffle_clipped,0.019789874684506256,0.026500649249867943,0.010615239454383585,0.2,1.0,1.5,2.0,2.0,4096
2048,8,3,reshuffle_clipped,0.019504270814543652,0.02050632156067041,0.010615239454383585,0.2,1.0,1.5,2.0,2.0,4096
2048,16,3,reshuffle_clipped,0.013442244428604823,0.016487175045640443,0.010615239454383585,0.2,1.0,1.5,2.0,2.0,4096
2048,32,3,reshuffle_clipped,0.012543834591605896,0.014046711633508171,0.010615239454383585,0.2,1.0,1.5,2.0,2.0,4096
2048,64,3,reshuffle_clipped,0.012549395124467674,0.012860468792199608,0.010615239454383585,0.2,1.0,1.5,2.0,2.0,4096
2048,128,3,reshuffle_clipped,0.01223604787043215,0.012417953745672344,0.010615239454383585,0.2,1.0,1.5,2.0,2.0,4096
2048,256,3,reshuffle_clipped,0.012227853481244992,0.012279668724747726,0.010615239454383585,0.2,1.0,1.5,2.0,2.0,4096
2048,512,3,reshuffle_clipped,0.012227214074496286,0.012240159340226228,0.010615239454383585,0.2,1.0,1.5,2.0,2.0,4096
2048,1,3,reshuffle_unclipped,0.037874882781121,0.050147035271306664,0.010615239454383585,0.2,1.0,1.5,2.0,2.0,4096
2048,2,3,reshuffle_unclipped,0.025407768613224618,0.03551521104278329,0.010615239454383585,0.2,1.0,1.5,2.0,2.0,4096
2048,4,3,reshuffle_unclipped,0.019786148323631292,0.026448240830220186,0.010615239454383585,0.2,1.0,1.5,2.0,2.0,4096
2048,8,3,reshuffle_unclipped,0.01944216028459617,0.020470709883274926,0.010615239454383585,0.2,1.0,1.5,2.0,2.0,4096
2048,16,3,reshuffle_unclipped,0.013439535386530605,0.01646325167490254,0.010615239454383585,0.2,1.0,1.5,2.0,2.0,4096
2048,32,3,reshuffle_unclipped,0.012537241339144167,0.014029789847914774,0.010615239454383585,0.2,1.0,1.5,2.0,2.0,4096
2048,64,3,reshuffle_unclipped,0.012707485459292902,0.012849946958867152,0.010615239454383585,0.2,1.0,1.5,2.0,2.0,4096
2048,128,3,reshuffle_unclipped,0.012235332491224174,0.012412811129386631,0.010615239454383585,0.2,1.0,1.5,2.0,2.0,4096
2048,256,3,reshuffle_unclipped,0.01222779168145286,0.01227773126736449,0.010615239454383585,0.2,1.0,1.5,2.0,2.0,4096
2048,512,3,reshuffle_unclipped,0.012227213463212235,0.012239600578016601,0.010615239454383585,0.2,1.0,1.5,2.0,2.0,4096
2048,1,4,with_replacement_clipped,0.03569981612769226,0.0513824902942648,0.010615239454383585,0.2,1.0,1.5,2.0,2.0,4096
2048,2,4,with_replacement_clipped,0.028829872166407183,0.03769456515929539,0.010615239454383585,0.2,1.0,1.5,2.0,2.0,4096
2048,4,4,with_replacement_clipped,0.020563623490100925,0.02697452883902335,0.010615239454383585,0.2,1.0,1.5,2.0,2.0,4096
2048,8,4,with_replacement_clipped,0.014196081408612365,0.01971424630975834,0.010615239454383585,0.2,1.0,1.5,2.0,2.0,4096
2048,16,4,with_replacement_clipped,0.012008215848655166,0.015159360154495514,0.010615239454383585,0.2,1.0,1.5,2.0,2.0,4096
2048,32,4,with_replacement_clipped,0.011107618194512982,0.01252004553538994,0.010615239454383585,0.2,1.0,1.5,2.0,2.0,4096
2048,64,4,with_replacement_clipped,0.010465714076593798,0.011180907975216802,0.010615239454383585,0.2,1.0,1.5,2.0,2.0,4096
2048,128,4,with_replacement_clipped,0.010398648041838732,0.010645301229031805,0.010615239454383585,0.2,1.0,1.5,2.0,2.0,4096
2048,256,4,with_replacement_clipped,0.010392363037477096,0.010467009970992171,0.010615239454383585,0.2,1.0,1.5,2.0,2.0,4096
2048,512,4,with_replacement_clipped,0.010392059389785248,0.010414744443572738,0.010615239454383585,0.2,1.0,1.5,2.0,2.0,4096
2048,1,4,reshuffle_clipped,0.049443693920460156,0.048077510402447766,0.010615239454383585,0.2,1.0,1.5,2.0,2.0,4096
2048,2,4,reshuffle_clipped,0.08867263358494692,0.03425902598911993,0.010615239454383585,0.2,1.0,1.5,2.0,2.0,4096
2048,4,4,reshuffle_clipped,0.017943163974601325,0.02534977790598396,0.010615239454383585,0.2,1.0,1.5,2.0,2.0,4096
2048,8,4,reshuffle_clipped,0.02000376121561137,0.019041683761706712,0.010615239454383585,0.2,1.0,1.5,2.0,2.0,4096
2048,16,4,reshuffle_clipped,0.015611840908158951,0.01491990020182136,0.010615239454383585,0.2,1.0,1.5,2.0,2.0,4096
2048,32,4,reshuffle_clipped,0.010821850247733994,0.012421051720072266,0.010615239454383585,0.2,1.0,1.5,2.0,2.0,4096
2048,64,4,reshuffle_clipped,0.01045238376239587,0.011144005899026553,0.010615239454383585,0.2,1.0,1.5,2.0,2.0,4096
2048,128,4,reshuffle_clipped,0.010411421887694637,0.010626965758587813,0.010615239454383585,0.2,1.0,1.5,2.0,2.0,4096
2048,256,4,reshuffle_clipped,0.010392408918119045,0.010459125957084422,0.010615239454383585,0.2,1.0,1.5,2.0,2.0,4096
2048,512,4,reshuffle_clipped,0.010392146019611732,0.010411389602004075,0.010615239454383585,0.2,1.0,1.5,2.0,2.0,4096
2048,1,4,reshuffle_unclipped,0.04951997901583627,0.04782208069722172,0.010615239454383585,0.2,1.0,1.5,2.0,2.0,4096
2048,2,4,reshuffle_unclipped,0.08870008794534684,0.034130394474078694,0.010615239454383585,0.2,1.0,1.5,2.0,2.0,4096
2048,4,4,reshuffle_unclipped,0.0179057598676381,0.02528062750614555,0.010615239454383585,0.2,1.0,1.5,2.0,2.0,4096
2048,8,4,reshuffle_unclipped,0.019951640669132367,0.018998483031413254,0.010615239454383585,0.2,1.0,1.5,2.0,2.0,4096
2048,16,4,reshuffle_unclipped,0.01559039863245369,0.014888689278133499,0.010615239454383585,0.2,1.0,1.5,2.0,2.0,4096
2048,32,4,reshuffle_unclipped,0.010813280833750768,0.012400022402152698,0.010615239454383585,0.2,1.0,1.5,2.0,2.0,4096
2048,64,4,reshuffle_unclipped,0.010451405249158854,0.011134500933315751,0.010615239454383585,0.2,1.0,1.5,2.0,2.0,4096
2048,128,4,reshuffle_unclipped,0.010411355973083396,0.010624108795462621,0.010615239454383585,0.2,1.0,1.5,2.0,2.0,4096
2048,256,4,reshuffle_unclipped,0.010392406178136238,0.01045838303588829,0.010615239454383585,0.2,1.0,1.5,2.0,2.0,4096
2048,512,4,reshuffle_unclipped,0.01039214591155799,0.01041120042198272,0.010615239454383585,0.2,1.0,1.5,2.0,2.0,4096
4096,1,0,with_replacement_clipped,0.041870010287964346,0.03669233550050775,0.006688487682220755,0.2,1.0,1.5,2.0,2.0,4096
4096,2,0,with_replacement_clipped,0.019302042767031024,0.02684819639781646,0.006688487682220755,0.2,1.0,1.5,2.0,2.0,4096
4096,4,0,with_replacement_clipped,0.013723109810634583,0.019736247342859066,0.006688487682220755,0.2,1.0,1.5,2.0,2.0,4096
4096,8,0,with_replacement_clipped,0.010315751111892958,0.014436561470697603,0.006688487682220755,0.2,1.0,1.5,2.0,2.0,4096
4096,16,0,with_replacement_clipped,0.008594233104066767,0.011029362408788535,0.006688487682220755,0.2,1.0,1.5,2.0,2.0,4096
4096,32,0,with_replacement_clipped,0.0076856588547404205,0.009040533319590238,0.006688487682220755,0.2,1.0,1.5,2.0,2.0,4096
4096,64,0,with_replacement_clipped,0.0073329641805956755,0.007953131562592463,0.006688487682220755,0.2,1.0,1.5,2.0,2.0,4096
4096,128,0,with_replacement_clipped,0.007255160227932886,0.007471044717542836,0.006688487682220755,0.2,1.0,1.5,2.0,2.0,4096
4096,256,0,with_replacement_clipped,0.007244913687066204,0.007306773048390376,0.006688487682220755,0.2,1.0,1.5,2.0,2.0,4096
4096,512,0,with_replacement_clipped,0.007243848376241067,0.0072601136837190765,0.006688487682220755,0.2,1.0,1.5,2.0,2.0,4096
4096,1,0,reshuffle_clipped,0.02467332683646583,0.036639437872775266,0.006688487682220755,0.2,1.0,1.5,2.0,2.0,4096
4096,2,0,reshuffle_clipped,0.019688732199428054,0.02620232409096934,0.006688487682220755,0.2,1.0,1.5,2.0,2.0,4096
4096,4,0,reshuffle_clipped,0.014525160534502474,0.019058970522113663,0.006688487682220755,0.2,1.0,1.5,2.0,2.0,4096
4096,8,0,reshuffle_clipped,0.010481633019865624,0.014197660274940956,0.006688487682220755,0.2,1.0,1.5,2.0,2.0,4096
4096,16,0,reshuffle_clipped,0.008628300437869706,0.010999625713731068,0.006688487682220755,0.2,1.0,1.5,2.0,2.0,4096
4096,32,0,reshuffle_clipped,0.009880726796959028,0.009017026172930782,0.006688487682220755,0.2,1.0,1.5,2.0,2.0,4096
4096,64,0,reshuffle_clipped,0.007394378748018551,0.00793910336882565,0.006688487682220755,0.2,1.0,1.5,2.0,2.0,4096
4096,128,0,reshuffle_clipped,0.007252853069033639,0.007467340671728147,0.006688487682220755,0.2,1.0,1.5,2.0,2.0,4096
4096,256,0,reshuffle_clipped,0.007244612706563816,0.007306043656964528,0.006688487682220755,0.2,1.0,1.5,2.0,2.0,4096
4096,512,0,reshuffle_clipped,0.007243723953003771,0.007259901656339945,0.006688487682220755,0.2,1.0,1.5,2.0,2.0,4096
4096,1,0,reshuffle_unclipped,0.02466852071727397,0.03649513290798606,0.006688487682220755,0.2,1.0,1.5,2.0,2.0,4096
4096,2,0,reshuffle_unclipped,0.019545329574383166,0.026119487903723947,0.006688487682220755,0.2,1.0,1.5,2.0,2.0,4096
4096,4,0,reshuffle_unclipped,0.014494668639958682,0.019012606065159084,0.006688487682220755,0.2,1.0,1.5,2.0,2.0,4096
4096,8,0,reshuffle_unclipped,0.010469797984159469,0.014178005448401214,0.006688487682220755,0.2,1.0,1.5,2.0,2.0,4096
4096,16,0,reshuffle_unclipped,0.008646236528576177,0.01098928061663039,0.006688487682220755,0.2,1.0,1.5,2.0,2.0,4096
4096,32,0,reshuffle_unclipped,0.009888351187176386,0.009009625447763616,0.006688487682220755,0.2,1.0,1.5,2.0,2.0,4096
4096,64,0,reshuffle_unclipped,0.007393870610078594,0.007934432544913906,0.006688487682220755,0.2,1.0,1.5,2.0,2.0,4096
4096,128,0,reshuffle_unclipped,0.007252650577543776,0.007465434505363935,0.006688487682220755,0.2,1.0,1.5,2.0,2.0,4096
4096,256,0,reshuffle_unclipped,0.00724454175049688,0.0073054386511981415,0.006688487682220755,0.2,1.0,1.5,2.0,2.0,4096
4096,512,0,reshuffle_unclipped,0.007243713114618737,0.0072597129041700615,0.006688487682220755,0.2,1.0,1.5,2.0,2.0,4096
4096,1,1,with_replacement_clipped,0.02452880877884709,0.03712577240952296,0.006688487682220755,0.2,1.0,1.5,2.0,2.0,4096
4096,2,1,with_replacement_clipped,0.018036156731511457,0.026367072667830595,0.006688487682220755,0.2,1.0,1.5,2.0,2.0,4096
4096,4,1,with_replacement_clipped,0.021661660460600918,0.01923650558935266,0.006688487682220755,0.2,1.0,1.5,2.0,2.0,4096
4096,8,1,with_replacement_clipped,0.011390237247230525,0.014507469665992229,0.006688487682220755,0.2,1.0,1.5,2.0,2.0,4096
4096,16,1,with_replacement_clipped,0.009121797473079583,0.011436944896204584,0.006688487682220755,0.2,1.0,1.5,2.0,2.0,4096
4096,32,1,with_replacement_clipped,0.008199781150213815,0.009492735298846663,0.006688487682220755,0.2,1.0,1.5,2.0,2.0,4096
4096,64,1,with_replacement_clipped,0.007957597845512527,0.008471426794740963,0.006688487682220755,0.2,1.0,1.5,2.0,2.0,4096
4096,128,1,with_replacement_clipped,0.007877314010868988,0.008052675652344621,0.006688487682220755,0.2,1.0,1.5,2.0,2.0,4096
4096,256,1,with_replacement_clipped,0.007870103277083287,0.007918632044598584,0.006688487682220755,0.2,1.0,1.5,2.0,2.0,4096
4096,512,1,with_replacement_clipped,0.007869768902526693,0.007882190993987456,0.006688487682220755,0.2,1.0,1.5,2.0,2.0,4096
4096,1,1,reshuffle_clipped,0.024939120490407737,0.03567727271176393,0.006688487682220755,0.2,1.0,1.5,2.0,2.0,4096
4096,2,1,reshuffle_clipped,0.017742430060304685,0.025692912703626895,0.006688487682220755,0.2,1.0,1.5,2.0,2.0,4096
4096,4,1,reshuffle_clipped,0.018146526598703288,0.018988467509002387,0.006688487682220755,0.2,1.0,1.5,2.0,2.0,4096
4096,8,1,reshuffle_clipped,0.010841441700203684,0.014442484887514104,0.006688487682220755,0.2,1.0,1.5,2.0,2.0,4096
4096,16,1,reshuffle_clipped,0.0091463058358884,0.011358694347202415,0.006688487682220755,0.2,1.0,1.5,2.0,2.0,4096
4096,32,1,reshuffle_clipped,0.00823222394030774,0.009444048100485035,0.006688487682220755,0.2,1.0,1.5,2.0,2.0,4096
4096,64,1,reshuffle_clipped,0.007924162480529986,0.008448562605030399,0.006688487682220755,0.2,1.0,1.5,2.0,2.0,4096
4096,128,1,reshuffle_clipped,0.007876718862141158,0.008043865952128975,0.006688487682220755,0.2,1.0,1.5,2.0,2.0,4096
4096,256,1,reshuffle_clipped,0.007870038799511925,0.007916038026704042,0.006688487682220755,0.2,1.0,1.5,2.0,2.0,4096
4096,512,1,reshuffle_clipped,0.007869768304676287,0.007881503900881633,0.006688487682220755,0.2,1.0,1.5,2.0,2.0,4096
4096,1,1,reshuffle_unclipped,0.024811754473435286,0.035507332037414664,0.006688487682220755,0.2,1.0,1.5,2.0,2.0,4096
4096,2,1,reshuffle_unclipped,0.01767416282690419,0.025580951707419464,0.006688487682220755,0.2,1.0,1.5,2.0,2.0,4096
4096,4,1,reshuffle_unclipped,0.017900724818469983,0.018914803698100165,0.006688487682220755,0.2,1.0,1.5,2.0,2.0,4096
4096,8,1,reshuffle_unclipped,0.010861436277823861,0.014397083100063417,0.006688487682220755,0.2,1.0,1.5,2.0,2.0,4096
4096,16,1,reshuffle_unclipped,0.009290583304970129,0.011335971334526474,0.006688487682220755,0.2,1.0,1.5,2.0,2.0,4096
4096,32,1,reshuffle_unclipped,0.00823594233858955,0.009434473888833072,0.006688487682220755,0.2,1.0,1.5,2.0,2.0,4096
4096,64,1,reshuffle_unclipped,0.007923482776779523,0.008444717407849408,0.006688487682220755,0.2,1.0,1.5,2.0,2.0,4096
4096,128,1,reshuffle_unclipped,0.007876557936981507,0.008042386304547159,0.006688487682220755,0.2,1.0,1.5,2.0,2.0,4096
4096,256,1,reshuffle_unclipped,0.007870018894035293,0.007915552387127987,0.006688487682220755,0.2,1.0,1.5,2.0,2.0,4096
4096,512,1,reshuffle_unclipped,0.007869768123576279,0.007881369342096402,0.006688487682220755,0.2,1.0,1.5,2.0,2.0,4096
4096,1,2,with_replacement_clipped,0.02464124837975714,0.03511578926568628,0.006688487682220755,0.2,1.0,1.5,2.0,2.0,4096
4096,2,2,with_replacement_clipped,0.020959677732164502,0.025103755839807573,0.006688487682220755,0.2,1.0,1.5,2.0,2.0,4096
4096,4,2,with_replacement_clipped,0.012847430382110028,0.01812493006170105,0.006688487682220755,0.2,1.0,1.5,2.0,2.0,4096
4096,8,2,with_replacement_clipped,0.010259437138782003,0.01347231665503658,0.006688487682220755,0.2,1.0,1.5,2.0,2.0,4096
4096,16,2,with_replacement_clipped,0.00948652550227442,0.010461042004714998,0.006688487682220755,0.2,1.0,1.5,2.0,2.0,4096
4096,32,2,with_replacement_clipped,0.0075575205585769875,0.008616834052722042,0.006688487682220755,0.2,1.0,1.5,2.0,2.0,4096
4096,64,2,with_replacement_clipped,0.007328662007963128,0.007602091052951725,0.006688487682220755,0.2,1.0,1.5,2.0,2.0,4096
4096,128,2,with_replacement_clipped,0.006971867791960774,0.007165984513911272,0.006688487682220755,0.2,1.0,1.5,2.0,2.0,4096
4096,256,2,with_replacement_clipped,0.006954177707538817,0.007017821369309767,0.006688487682220755,0.2,1.0,1.5,2.0,2.0,4096
4096,512,2,with_replacement_clipped,0.006951283666657795,0.0069703271945332265,0.006688487682220755,0.2,1.0,1.5,2.0,2.0,4096
4096,1,2,reshuffle_clipped,0.02363338983735248,0.034354706611096505,0.006688487682220755,0.2,1.0,1.5,2.0,2.0,4096
4096,2,2,reshuffle_clipped,0.017328736376817467,0.024570169543259156,0.006688487682220755,0.2,1.0,1.5,2.0,2.0,4096
4096,4,2,reshuffle_clipped,0.012420639820536209,0.017839595471940306,0.006688487682220755,0.2,1.0,1.5,2.0,2.0,4096
4096,8,2,reshuffle_clipped,0.012806897043652852,0.013299708513315267,0.006688487682220755,0.2,1.0,1.5,2.0,2.0,4096
4096,16,2,reshuffle_clipped,0.008376760834337268,0.010329759519532905,0.006688487682220755,0.2,1.0,1.5,2.0,2.0,4096
4096,32,2,reshuffle_clipped,0.007489889249775725,0.00851085044740039,0.006688487682220755,0.2,1.0,1.5,2.0,2.0,4096
4096,64,2,reshuffle_clipped,0.007054954198237952,0.007551045127766846,0.006688487682220755,0.2,1.0,1.5,2.0,2.0,4096
4096,128,2,reshuffle_clipped,0.006970212161901186,0.0071499628914325365,0.006688487682220755,0.2,1.0,1.5,2.0,2.0,4096
4096,256,2,reshuffle_clipped,0.006954260473633686,0.007012437039767049,0.006688487682220755,0.2,1.0,1.5,2.0,2.0,4096
4096,512,2,reshuffle_clipped,0.0069512454037793025,0.006968544461434329,0.006688487682220755,0.2,1.0,1.5,2.0,2.0,4096
4096,1,2,reshuffle_unclipped,0.02336758053798996,0.034226209324367395,0.006688487682220755,0.2,1.0,1.5,2.0,2.0,4096
4096,2,2,reshuffle_unclipped,0.01734097933939173,0.02448632498248222,0.006688487682220755,0.2,1.0,1.5,2.0,2.0,4096
4096,4,2,reshuffle_unclipped,0.01235829144415154,0.017784396062230243,0.006688487682220755,0.2,1.0,1.5,2.0,2.0,4096
4096,8,2,reshuffle_unclipped,0.012805181464759919,0.013264766515504454,0.006688487682220755,0.2,1.0,1.5,2.0,2.0,4096
4096,16,2,reshuffle_unclipped,0.008362004679681621,0.010305978418961331,0.006688487682220755,0.2,1.0,1.5,2.0,2.0,4096
4096,32,2,reshuffle_unclipped,0.0074816252383003165,0.008494499695346757,0.006688487682220755,0.2,1.0,1.5,2.0,2.0,4096
4096,64,2,reshuffle_unclipped,0.00705280254813194,0.007541553810536945,0.006688487682220755,0.2,1.0,1.5,2.0,2.0,4096
4096,128,2,reshuffle_unclipped,0.006971878882915984,0.007146268356191967,0.006688487682220755,0.2,1.0,1.5,2.0,2.0,4096
4096,256,2,reshuffle_unclipped,0.006954266387426177,0.007011395801153433,0.006688487682220755,0.2,1.0,1.5,2.0,2.0,4096
4096,512,2,reshuffle_unclipped,0.006951245409167029,0.006968281461070859,0.006688487682220755,0.2,1.0,1.5,2.0,2.0,4096
4096,1,3,with_replacement_clipped,0.02654220815401321,0.03609844977082218,0.006688487682220755,0.2,1.0,1.5,2.0,2.0,4096
4096,2,3,with_replacement_clipped,0.02142603202300993,0.02597884858597657,0.006688487682220755,0.2,1.0,1.5,2.0,2.0,4096
4096,4,3,with_replacement_clipped,0.014098222726553535,0.018974478889275448,0.006688487682220755,0.2,1.0,1.5,2.0,2.0,4096
4096,8,3,with_replacement_clipped,0.010356019248204451,0.014092970269608705,0.006688487682220755,0.2,1.0,1.5,2.0,2.0,4096
4096,16,3,with_replacement_clipped,0.0080951513889694,0.010739661120197435,0.006688487682220755,0.2,1.0,1.5,2.0,2.0,4096
4096,32,3,with_replacement_clipped,0.0071059783222683645,0.0085340675965903,0.006688487682220755,0.2,1.0,1.5,2.0,2.0,4096
4096,64,3,with_replacement_clipped,0.006893608530460894,0.007400825103784508,0.006688487682220755,0.2,1.0,1.5,2.0,2.0,4096
4096,128,3,with_replacement_clipped,0.0067921034505970136,0.006967298982730038,0.006688487682220755,0.2,1.0,1.5,2.0,2.0,4096
4096,256,3,with_replacement_clipped,0.0067875790276132825,0.006834475574665629,0.006688487682220755,0.2,1.0,1.5,2.0,2.0,4096
4096,512,3,with_replacement_clipped,0.006786900791964267,0.006798785944972621,0.006688487682220755,0.2,1.0,1.5,2.0,2.0,4096
4096,1,3,reshuffle_clipped,0.030620601483415083,0.036125975522137976,0.006688487682220755,0.2,1.0,1.5,2.0,2.0,4096
4096,2,3,reshuffle_clipped,0.017926025985340065,0.026007280894685514,0.006688487682220755,0.2,1.0,1.5,2.0,2.0,4096
4096,4,3,reshuffle_clipped,0.01583227485860588,0.018967868534108093,0.006688487682220755,0.2,1.0,1.5,2.0,2.0,4096
4096,8,3,reshuffle_clipped,0.010296407510495207,0.013890535122469223,0.006688487682220755,0.2,1.0,1.5,2.0,2.0,4096
4096,16,3,reshuffle_clipped,0.007836811078979143,0.010452091315905784,0.006688487682220755,0.2,1.0,1.5,2.0,2.0,4096
4096,32,3,reshuffle_clipped,0.0072218409279160515,0.008378903681670965,0.006688487682220755,0.2,1.0,1.5,2.0,2.0,4096
4096,64,3,reshuffle_clipped,0.0068318441041056,0.007348486150463115,0.006688487682220755,0.2,1.0,1.5,2.0,2.0,4096
4096,128,3,reshuffle_clipped,0.006794033967281209,0.006951525838007164,0.006688487682220755,0.2,1.0,1.5,2.0,2.0,4096
4096,256,3,reshuffle_clipped,0.006787483967040655,0.006830645643707535,0.006688487682220755,0.2,1.0,1.5,2.0,2.0,4096
4096,512,3,reshuffle_clipped,0.006786879598585767,0.006797865865691947,0.006688487682220755,0.2,1.0,1.5,2.0,2.0,4096
4096,1,3,reshuffle_unclipped,0.030397780360904278,0.035913961047257165,0.006688487682220755,0.2,1.0,1.5,2.0,2.0,4096
4096,2,3,reshuffle_unclipped,0.018122560640834808,0.025835167505508932,0.006688487682220755,0.2,1.0,1.5,2.0,2.0,4096
4096,4,3,reshuffle_unclipped,0.01563480102904821,0.01886518396834919,0.006688487682220755,0.2,1.0,1.5,2.0,2.0,4096
4096,8,3,reshuffle_unclipped,0.011007426377232819,0.01383834087314555,0.006688487682220755,0.2,1.0,1.5,2.0,2.0,4096
4096,16,3,reshuffle_unclipped,0.007833248222259127,0.010428129143122607,0.006688487682220755,0.2,1.0,1.5,2.0,2.0,4096
4096,32,3,reshuffle_unclipped,0.007224268867731855,0.00836852720293883,0.006688487682220755,0.2,1.0,1.5,2.0,2.0,4096
4096,64,3,reshuffle_unclipped,0.006829676303098194,0.007343502184963912,0.006688487682220755,0.2,1.0,1.5,2.0,2.0,4096
4096,128,3,reshuffle_unclipped,0.006793577829214321,0.006949439276821555,0.006688487682220755,0.2,1.0,1.5,2.0,2.0,4096
4096,256,3,reshuffle_unclipped,0.0067874476311186125,0.0068298363961458945,0.006688487682220755,0.2,1.0,1.5,2.0,2.0,4096
4096,512,3,reshuffle_unclipped,0.0067868774935189455,0.0067975444795811924,0.006688487682220755,0.2,1.0,1.5,2.0,2.0,4096
4096,1,4,with_replacement_clipped,0.025563316818398022,0.037789984023692075,0.006688487682220755,0.2,1.0,1.5,2.0,2.0,4096
4096,2,4,with_replacement_clipped,0.03011120460216351,0.027272153625456513,0.006688487682220755,0.2,1.0,1.5,2.0,2.0,4096
4096,4,4,with_replacement_clipped,0.013345397208495325,0.019248226617241068,0.006688487682220755,0.2,1.0,1.5,2.0,2.0,4096
4096,8,4,with_replacement_clipped,0.010005912254137682,0.01408568463795507,0.006688487682220755,0.2,1.0,1.5,2.0,2.0,4096
4096,16,4,with_replacement_clipped,0.008228173118081048,0.010694167107268523,0.006688487682220755,0.2,1.0,1.5,2.0,2.0,4096
4096,32,4,with_replacement_clipped,0.007109664669475234,0.008585948137928753,0.006688487682220755,0.2,1.0,1.5,2.0,2.0,4096
4096,64,4,with_replacement_clipped,0.006727018155205034,0.007399369827340332,0.006688487682220755,0.2,1.0,1.5,2.0,2.0,4096
4096,128,4,with_replacement_clipped,0.006668108701389709,0.006889715398127739,0.006688487682220755,0.2,1.0,1.5,2.0,2.0,4096
4096,256,4,with_replacement_clipped,0.006655378232474145,0.00672036988092589,0.006688487682220755,0.2,1.0,1.5,2.0,2.0,4096
4096,512,4,with_replacement_clipped,0.006651877724919587,0.006671417432162224,0.006688487682220755,0.2,1.0,1.5,2.0,2.0,4096
4096,1,4,reshuffle_clipped,0.02462119047945866,0.03603715278405579,0.006688487682220755,0.2,1.0,1.5,2.0,2.0,4096
4096,2,4,reshuffle_clipped,0.017471158427451106,0.02566837861967626,0.006688487682220755,0.2,1.0,1.5,2.0,2.0,4096
4096,4,4,reshuffle_clipped,0.012905190281706544,0.01857854735964586,0.006688487682220755,0.2,1.0,1.5,2.0,2.0,4096
4096,8,4,reshuffle_clipped,0.009704529302802389,0.013707826250996886,0.006688487682220755,0.2,1.0,1.5,2.0,2.0,4096
4096,16,4,reshuffle_clipped,0.00797694264167278,0.010529651501612955,0.006688487682220755,0.2,1.0,1.5,2.0,2.0,4096
4096,32,4,reshuffle_clipped,0.007072149421143781,0.008506139283080388,0.006688487682220755,0.2,1.0,1.5,2.0,2.0,4096
4096,64,4,reshuffle_clipped,0.006733202040597998,0.007372201922037167,0.006688487682220755,0.2,1.0,1.5,2.0,2.0,4096
4096,128,4,reshuffle_clipped,0.006753097124201907,0.006881859626916245,0.006688487682220755,0.2,1.0,1.5,2.0,2.0,4096
4096,256,4,reshuffle_clipped,0.006655249667032023,0.006718269039823022,0.006688487682220755,0.2,1.0,1.5,2.0,2.0,4096
4096,512,4,reshuffle_clipped,0.006652050877314524,0.0066708485322280785,0.006688487682220755,0.2,1.0,1.5,2.0,2.0,4096
4096,1,4,reshuffle_unclipped,0.024619970997371347,0.035860495870118365,0.006688487682220755,0.2,1.0,1.5,2.0,2.0,4096
4096,2,4,reshuffle_unclipped,0.017457243992610706,0.025556543247216776,0.006688487682220755,0.2,1.0,1.5,2.0,2.0,4096
4096,4,4,reshuffle_unclipped,0.012795373331779988,0.01849203519488689,0.006688487682220755,0.2,1.0,1.5,2.0,2.0,4096
4096,8,4,reshuffle_unclipped,0.00966485191560277,0.013639311990805474,0.006688487682220755,0.2,1.0,1.5,2.0,2.0,4096
4096,16,4,reshuffle_unclipped,0.007952042068489311,0.01047913691158698,0.006688487682220755,0.2,1.0,1.5,2.0,2.0,4096
4096,32,4,reshuffle_unclipped,0.007060465711695707,0.00847545519765169,0.006688487682220755,0.2,1.0,1.5,2.0,2.0,4096
4096,64,4,reshuffle_unclipped,0.006729152460130248,0.007356936412641968,0.006688487682220755,0.2,1.0,1.5,2.0,2.0,4096
4096,128,4,reshuffle_unclipped,0.006749397897884677,0.006874787573986055,0.006688487682220755,0.2,1.0,1.5,2.0,2.0,4096
4096,256,4,reshuffle_unclipped,0.006653399185764002,0.00671451928500976,0.006688487682220755,0.2,1.0,1.5,2.0,2.0,4096
4096,512,4,reshuffle_unclipped,0.0066511665857310635,0.006668603337918958,0.006688487682220755,0.2,1.0,1.5,2.0,2.0,4096
8192,1,0,with_replacement_clipped,0.02095767197553885,0.0253073842045554,0.004214565226077187,0.2,1.0,1.5,2.0,2.0,4096
8192,2,0,with_replacement_clipped,0.012637595694751078,0.017836710116644523,0.004214565226077187,0.2,1.0,1.5,2.0,2.0,4096
8192,4,0,with_replacement_clipped,0.009398298677036518,0.01298702198775278,0.004214565226077187,0.2,1.0,1.5,2.0,2.0,4096
8192,8,0,with_replacement_clipped,0.011406037740836298,0.009673396898177077,0.004214565226077187,0.2,1.0,1.5,2.0,2.0,4096
8192,16,0,with_replacement_clipped,0.005780842992834483,0.007378025871620774,0.004214565226077187,0.2,1.0,1.5,2.0,2.0,4096
8192,32,0,with_replacement_clipped,0.004582835143327253,0.005795674411886971,0.004214565226077187,0.2,1.0,1.5,2.0,2.0,4096
8192,64,0,with_replacement_clipped,0.0041793530493173725,0.004802309929858732,0.004214565226077187,0.2,1.0,1.5,2.0,2.0,4096
8192,128,0,with_replacement_clipped,0.004078995996560532,0.0043150815404796325,0.004214565226077187,0.2,1.0,1.5,2.0,2.0,4096
8192,256,0,with_replacement_clipped,0.004068875080338572,0.004137559999265647,0.004214565226077187,0.2,1.0,1.5,2.0,2.0,4096
8192,512,0,with_replacement_clipped,0.004068335181817576,0.0040862169933710175,0.004214565226077187,0.2,1.0,1.5,2.0,2.0,4096
8192,1,0,reshuffle_clipped,0.016513214247859703,0.025149458321971258,0.004214565226077187,0.2,1.0,1.5,2.0,2.0,4096
8192,2,0,reshuffle_clipped,0.01184889880961876,0.01768831938802832,0.004214565226077187,0.2,1.0,1.5,2.0,2.0,4096
8192,4,0,reshuffle_clipped,0.00892119569831688,0.012833782893007295,0.004214565226077187,0.2,1.0,1.5,2.0,2.0,4096
8192,8,0,reshuffle_clipped,0.0067877951245036965,0.009548176224153925,0.004214565226077187,0.2,1.0,1.5,2.0,2.0,4096
8192,16,0,reshuffle_clipped,0.005378382457600471,0.007280426982753339,0.004214565226077187,0.2,1.0,1.5,2.0,2.0,4096
8192,32,0,reshuffle_clipped,0.004971636124560266,0.0057187879721920425,0.004214565226077187,0.2,1.0,1.5,2.0,2.0,4096
8192,64,0,reshuffle_clipped,0.004193366750498404,0.004760433702666004,0.004214565226077187,0.2,1.0,1.5,2.0,2.0,4096
8192,128,0,reshuffle_clipped,0.004077597003333975,0.004298496526831356,0.004214565226077187,0.2,1.0,1.5,2.0,2.0,4096
8192,256,0,reshuffle_clipped,0.004069629012484108,0.004132633203575779,0.004214565226077187,0.2,1.0,1.5,2.0,2.0,4096
8192,512,0,reshuffle_clipped,0.004068335854228147,0.004085023684955346,0.004214565226077187,0.2,1.0,1.5,2.0,2.0,4096
8192,1,0,reshuffle_unclipped,0.01641547115433817,0.025012144280544175,0.004214565226077187,0.2,1.0,1.5,2.0,2.0,4096
8192,2,0,reshuffle_unclipped,0.011817695995234377,0.0175993999594235,0.004214565226077187,0.2,1.0,1.5,2.0,2.0,4096
8192,4,0,reshuffle_unclipped,0.00889099927787843,0.012780886956194965,0.004214565226077187,0.2,1.0,1.5,2.0,2.0,4096
8192,8,0,reshuffle_unclipped,0.006764945907167681,0.009511837249999348,0.004214565226077187,0.2,1.0,1.5,2.0,2.0,4096
8192,16,0,reshuffle_unclipped,0.005361099233328506,0.007254127671604816,0.004214565226077187,0.2,1.0,1.5,2.0,2.0,4096
8192,32,0,reshuffle_unclipped,0.004960471562631164,0.005698948042416318,0.004214565226077187,0.2,1.0,1.5,2.0,2.0,4096
8192,64,0,reshuffle_unclipped,0.004190391362739438,0.004748346381577787,0.004214565226077187,0.2,1.0,1.5,2.0,2.0,4096
8192,128,0,reshuffle_unclipped,0.004077217674064353,0.004293445363438472,0.004214565226077187,0.2,1.0,1.5,2.0,2.0,4096
8192,256,0,reshuffle_unclipped,0.004069218329576762,0.0041310895478832215,0.004214565226077187,0.2,1.0,1.5,2.0,2.0,4096
8192,512,0,reshuffle_unclipped,0.0040683346703974076,0.004084606672086825,0.004214565226077187,0.2,1.0,1.5,2.0,2.0,4096
8192,1,1,with_replacement_clipped,0.016804643663315452,0.02467750267999076,0.004214565226077187,0.2,1.0,1.5,2.0,2.0,4096
8192,2,1,with_replacement_clipped,0.02404854075751646,0.017891622281363033,0.004214565226077187,0.2,1.0,1.5,2.0,2.0,4096
8192,4,1,with_replacement_clipped,0.009306424358978773,0.013064687356375814,0.004214565226077187,0.2,1.0,1.5,2.0,2.0,4096
8192,8,1,with_replacement_clipped,0.0069649898099725495,0.009646439001273382,0.004214565226077187,0.2,1.0,1.5,2.0,2.0,4096
8192,16,1,with_replacement_clipped,0.006849042798266627,0.007365280167049247,0.004214565226077187,0.2,1.0,1.5,2.0,2.0,4096
8192,32,1,with_replacement_clipped,0.004957805238468133,0.005955808201830134,0.004214565226077187,0.2,1.0,1.5,2.0,2.0,4096
8192,64,1,with_replacement_clipped,0.004677682802305307,0.005152608085310745,0.004214565226077187,0.2,1.0,1.5,2.0,2.0,4096
8192,128,1,with_replacement_clipped,0.004608774686721368,0.004780807786781482,0.004214565226077187,0.2,1.0,1.5,2.0,2.0,4096
8192,256,1,with_replacement_clipped,0.004599732771145026,0.004650748396803993,0.004214565226077187,0.2,1.0,1.5,2.0,2.0,4096
8192,512,1,with_replacement_clipped,0.004598906104336364,0.004612945302731647,0.004214565226077187,0.2,1.0,1.5,2.0,2.0,4096
8192,1,1,reshuffle_clipped,0.034072533710512665,0.02545226678663911,0.004214565226077187,0.2,1.0,1.5,2.0,2.0,4096
8192,2,1,reshuffle_clipped,0.013013522000601038,0.01809004603366915,0.004214565226077187,0.2,1.0,1.5,2.0,2.0,4096
8192,4,1,reshuffle_clipped,0.00909108025126237,0.01308384192952138,0.004214565226077187,0.2,1.0,1.5,2.0,2.0,4096
8192,8,1,reshuffle_clipped,0.007167967088073556,0.009660944741543036,0.004214565226077187,0.2,1.0,1.5,2.0,2.0,4096
8192,16,1,reshuffle_clipped,0.005716919953305445,0.0073670338537736935,0.004214565226077187,0.2,1.0,1.5,2.0,2.0,4096
8192,32,1,reshuffle_clipped,0.004951657511544433,0.005933950460948808,0.004214565226077187,0.2,1.0,1.5,2.0,2.0,4096
8192,64,1,reshuffle_clipped,0.0046650468402056845,0.005135064364283802,0.004214565226077187,0.2,1.0,1.5,2.0,2.0,4096
8192,128,1,reshuffle_clipped,0.0046328979709878764,0.004773078102509426,0.004214565226077187,0.2,1.0,1.5,2.0,2.0,4096
8192,256,1,reshuffle_clipped,0.004600314213516743,0.0046484487813785716,0.004214565226077187,0.2,1.0,1.5,2.0,2.0,4096
8192,512,1,reshuffle_clipped,0.004598823939619575,0.0046123963837793065,0.004214565226077187,0.2,1.0,1.5,2.0,2.0,4096
8192,1,1,reshuffle_unclipped,0.03753742482020106,0.025335771719838005,0.004214565226077187,0.2,1.0,1.5,2.0,2.0,4096
8192,2,1,reshuffle_unclipped,0.012955496787879705,0.01800091351247919,0.004214565226077187,0.2,1.0,1.5,2.0,2.0,4096
8192,4,1,reshuffle_unclipped,0.00906435366963436,0.013017052145821372,0.004214565226077187,0.2,1.0,1.5,2.0,2.0,4096
8192,8,1,reshuffle_unclipped,0.0071564493140064,0.009615031644282263,0.004214565226077187,0.2,1.0,1.5,2.0,2.0,4096
8192,16,1,reshuffle_unclipped,0.005713178125148845,0.007342056993053954,0.004214565226077187,0.2,1.0,1.5,2.0,2.0,4096
8192,32,1,reshuffle_unclipped,0.004954613255100462,0.005923911100846082,0.004214565226077187,0.2,1.0,1.5,2.0,2.0,4096
8192,64,1,reshuffle_unclipped,0.00466619370574903,0.0051317838426277055,0.004214565226077187,0.2,1.0,1.5,2.0,2.0,4096
8192,128,1,reshuffle_unclipped,0.004629851403419997,0.004771988034765356,0.004214565226077187,0.2,1.0,1.5,2.0,2.0,4096
8192,256,1,reshuffle_unclipped,0.004600234862879828,0.004648070951691104,0.004214565226077187,0.2,1.0,1.5,2.0,2.0,4096
8192,512,1,reshuffle_unclipped,0.004598807736798786,0.004612263247176924,0.004214565226077187,0.2,1.0,1.5,2.0,2.0,4096
8192,1,2,with_replacement_clipped,0.03628854509899471,0.0244231825246632,0.004214565226077187,0.2,1.0,1.5,2.0,2.0,4096
8192,2,2,with_replacement_clipped,0.012283588099117967,0.017781368944828756,0.004214565226077187,0.2,1.0,1.5,2.0,2.0,4096
8192,4,2,with_replacement_clipped,0.010034805876141152,0.013090166376350363,0.004214565226077187,0.2,1.0,1.5,2.0,2.0,4096
8192,8,2,with_replacement_clipped,0.008191117411930373,0.009696461657787037,0.004214565226077187,0.2,1.0,1.5,2.0,2.0,4096
8192,16,2,with_replacement_clipped,0.006886515463623423,0.007339660172296762,0.004214565226077187,0.2,1.0,1.5,2.0,2.0,4096
8192,32,2,with_replacement_clipped,0.004756846303811968,0.005842283222848953,0.004214565226077187,0.2,1.0,1.5,2.0,2.0,4096
8192,64,2,with_replacement_clipped,0.0044850257323565896,0.00497039952138901,0.004214565226077187,0.2,1.0,1.5,2.0,2.0,4096
8192,128,2,with_replacement_clipped,0.004400322731427622,0.004577485362995166,0.004214565226077187,0.2,1.0,1.5,2.0,2.0,4096
8192,256,2,with_replacement_clipped,0.004394200287864878,0.004444440076324052,0.004214565226077187,0.2,1.0,1.5,2.0,2.0,4096
8192,512,2,with_replacement_clipped,0.004393360373058347,0.004406929554940649,0.004214565226077187,0.2,1.0,1.5,2.0,2.0,4096
8192,1,2,reshuffle_clipped,0.01694900045649053,0.026032095589087676,0.004214565226077187,0.2,1.0,1.5,2.0,2.0,4096
8192,2,2,reshuffle_clipped,0.012544449751172523,0.01813931437805561,0.004214565226077187,0.2,1.0,1.5,2.0,2.0,4096
8192,4,2,reshuffle_clipped,0.009690787158305271,0.013050189759395358,0.004214565226077187,0.2,1.0,1.5,2.0,2.0,4096
8192,8,2,reshuffle_clipped,0.006798885418610726,0.009599175620819947,0.004214565226077187,0.2,1.0,1.5,2.0,2.0,4096
8192,16,2,reshuffle_clipped,0.005428932205343013,0.007262880708626218,0.004214565226077187,0.2,1.0,1.5,2.0,2.0,4096
8192,32,2,reshuffle_clipped,0.00470243739529866,0.005764636165388643,0.004214565226077187,0.2,1.0,1.5,2.0,2.0,4096
8192,64,2,reshuffle_clipped,0.0045183027639100265,0.004929983798378107,0.004214565226077187,0.2,1.0,1.5,2.0,2.0,4096
8192,128,2,reshuffle_clipped,0.004399283246735378,0.004563545421991626,0.004214565226077187,0.2,1.0,1.5,2.0,2.0,4096
8192,256,2,reshuffle_clipped,0.004393784831023465,0.004440635213338869,0.004214565226077187,0.2,1.0,1.5,2.0,2.0,4096
8192,512,2,reshuffle_clipped,0.004393361958447043,0.004405958366543126,0.004214565226077187,0.2,1.0,1.5,2.0,2.0,4096
8192,1,2,reshuffle_unclipped,0.01694685176561916,0.025911005689390247,0.004214565226077187,0.2,1.0,1.5,2.0,2.0,4096
8192,2,2,reshuffle_unclipped,0.012545893115350778,0.0180686660919383,0.004214565226077187,0.2,1.0,1.5,2.0,2.0,4096
8192,4,2,reshuffle_unclipped,0.009728533605194187,0.013010615528948654,0.004214565226077187,0.2,1.0,1.5,2.0,2.0,4096
8192,8,2,reshuffle_unclipped,0.006790302226458024,0.009574474383287086,0.004214565226077187,0.2,1.0,1.5,2.0,2.0,4096
8192,16,2,reshuffle_unclipped,0.005428409014615201,0.007247948292988605,0.004214565226077187,0.2,1.0,1.5,2.0,2.0,4096
8192,32,2,reshuffle_unclipped,0.004700240012728042,0.005756752494872721,0.004214565226077187,0.2,1.0,1.5,2.0,2.0,4096
8192,64,2,reshuffle_unclipped,0.00451817510865152,0.004926714375612591,0.004214565226077187,0.2,1.0,1.5,2.0,2.0,4096
8192,128,2,reshuffle_unclipped,0.0043991722771429325,0.004562362298704236,0.004214565226077187,0.2,1.0,1.5,2.0,2.0,4096
8192,256,2,reshuffle_unclipped,0.004393773976885965,0.004440250711332478,0.004214565226077187,0.2,1.0,1.5,2.0,2.0,4096
8192,512,2,reshuffle_unclipped,0.004393361487419898,0.004405852990826692,0.004214565226077187,0.2,1.0,1.5,2.0,2.0,4096
8192,1,3,with_replacement_clipped,0.02298057294145613,0.026133908507274935,0.004214565226077187,0.2,1.0,1.5,2.0,2.0,4096
8192,2,3,with_replacement_clipped,0.01219435726632019,0.01857712965648718,0.004214565226077187,0.2,1.0,1.5,2.0,2.0,4096
8192,4,3,with_replacement_clipped,0.009053911496318706,0.0131790774450813,0.004214565226077187,0.2,1.0,1.5,2.0,2.0,4096
8192,8,3,with_replacement_clipped,0.006814546949920715,0.009606945229378022,0.004214565226077187,0.2,1.0,1.5,2.0,2.0,4096
8192,16,3,with_replacement_clipped,0.005476836222655961,0.007297980440723605,0.004214565226077187,0.2,1.0,1.5,2.0,2.0,4096
8192,32,3,with_replacement_clipped,0.004691752522883065,0.005735691303678483,0.004214565226077187,0.2,1.0,1.5,2.0,2.0,4096
8192,64,3,with_replacement_clipped,0.004212990038589888,0.004788284110968469,0.004214565226077187,0.2,1.0,1.5,2.0,2.0,4096
8192,128,3,with_replacement_clipped,0.004155980219112642,0.0043510279605960015,0.004214565226077187,0.2,1.0,1.5,2.0,2.0,4096
8192,256,3,with_replacement_clipped,0.0041438554502202865,0.004200328893184975,0.004214565226077187,0.2,1.0,1.5,2.0,2.0,4096
8192,512,3,with_replacement_clipped,0.0041434248119664495,0.004157822915968,0.004214565226077187,0.2,1.0,1.5,2.0,2.0,4096
8192,1,3,reshuffle_clipped,0.05157119846011684,0.025353334965098756,0.004214565226077187,0.2,1.0,1.5,2.0,2.0,4096
8192,2,3,reshuffle_clipped,0.028244790069398593,0.017835312942156623,0.004214565226077187,0.2,1.0,1.5,2.0,2.0,4096
8192,4,3,reshuffle_clipped,0.015269659851612981,0.012810167005026898,0.004214565226077187,0.2,1.0,1.5,2.0,2.0,4096
8192,8,3,reshuffle_clipped,0.007304460113988564,0.00947547829146718,0.004214565226077187,0.2,1.0,1.5,2.0,2.0,4096
8192,16,3,reshuffle_clipped,0.005402168115544554,0.007217250326781819,0.004214565226077187,0.2,1.0,1.5,2.0,2.0,4096
8192,32,3,reshuffle_clipped,0.004534481455271066,0.0056797475288741005,0.004214565226077187,0.2,1.0,1.5,2.0,2.0,4096
8192,64,3,reshuffle_clipped,0.004205300496733052,0.0047611295459483545,0.004214565226077187,0.2,1.0,1.5,2.0,2.0,4096
8192,128,3,reshuffle_clipped,0.00415179407476923,0.004340081868749004,0.004214565226077187,0.2,1.0,1.5,2.0,2.0,4096
8192,256,3,reshuffle_clipped,0.004143947996597282,0.004196956539517564,0.004214565226077187,0.2,1.0,1.5,2.0,2.0,4096
8192,512,3,reshuffle_clipped,0.004143423237749093,0.004156947043295728,0.004214565226077187,0.2,1.0,1.5,2.0,2.0,4096
8192,1,3,reshuffle_unclipped,0.052238850268416986,0.025194730116960686,0.004214565226077187,0.2,1.0,1.5,2.0,2.0,4096
8192,2,3,reshuffle_unclipped,0.028148791007469292,0.017741507140043317,0.004214565226077187,0.2,1.0,1.5,2.0,2.0,4096
8192,4,3,reshuffle_unclipped,0.015232234167251462,0.01275462931161258,0.004214565226077187,0.2,1.0,1.5,2.0,2.0,4096
8192,8,3,reshuffle_unclipped,0.007207190585675898,0.009440862768540398,0.004214565226077187,0.2,1.0,1.5,2.0,2.0,4096
8192,16,3,reshuffle_unclipped,0.005385046486789233,0.007193848413359429,0.004214565226077187,0.2,1.0,1.5,2.0,2.0,4096
8192,32,3,reshuffle_unclipped,0.0045279378915993205,0.005664228316098021,0.004214565226077187,0.2,1.0,1.5,2.0,2.0,4096
8192,64,3,reshuffle_unclipped,0.004204309950695074,0.004753369606064492,0.004214565226077187,0.2,1.0,1.5,2.0,2.0,4096
8192,128,3,reshuffle_unclipped,0.004151668591004717,0.004337354999671378,0.004214565226077187,0.2,1.0,1.5,2.0,2.0,4096
8192,256,3,reshuffle_unclipped,0.004143940292504128,0.00419618119028383,0.004214565226077187,0.2,1.0,1.5,2.0,2.0,4096
8192,512,3,reshuffle_unclipped,0.004143423194563887,0.004156747410562828,0.004214565226077187,0.2,1.0,1.5,2.0,2.0,4096
8192,1,4,with_replacement_clipped,0.03774910108012466,0.024557020868130774,0.004214565226077187,0.2,1.0,1.5,2.0,2.0,4096
8192,2,4,with_replacement_clipped,0.012191791792638585,0.017689536696130565,0.004214565226077187,0.2,1.0,1.5,2.0,2.0,4096
8192,4,4,with_replacement_clipped,0.009862009015877983,0.012984018227339625,0.004214565226077187,0.2,1.0,1.5,2.0,2.0,4096
8192,8,4,with_replacement_clipped,0.015196531906717136,0.009571638340320699,0.004214565226077187,0.2,1.0,1.5,2.0,2.0,4096
8192,16,4,with_replacement_clipped,0.005259493085829231,0.007202136684724136,0.004214565226077187,0.2,1.0,1.5,2.0,2.0,4096
8192,32,4,with_replacement_clipped,0.004941669396955761,0.0056178744907155,0.004214565226077187,0.2,1.0,1.5,2.0,2.0,4096
8192,64,4,with_replacement_clipped,0.004337345269833952,0.004695986181565705,0.004214565226077187,0.2,1.0,1.5,2.0,2.0,4096
8192,128,4,with_replacement_clipped,0.004092401663746863,0.004278148672184748,0.004214565226077187,0.2,1.0,1.5,2.0,2.0,4096
8192,256,4,with_replacement_clipped,0.004082679346873904,0.004135128497952769,0.004214565226077187,0.2,1.0,1.5,2.0,2.0,4096
8192,512,4,with_replacement_clipped,0.004082106034974088,0.0040951981383398235,0.004214565226077187,0.2,1.0,1.5,2.0,2.0,4096
8192,1,4,reshuffle_clipped,0.016609983238738777,0.025129309012425733,0.004214565226077187,0.2,1.0,1.5,2.0,2.0,4096
8192,2,4,reshuffle_clipped,0.014726502218977871,0.017784979366857634,0.004214565226077187,0.2,1.0,1.5,2.0,2.0,4096
8192,4,4,reshuffle_clipped,0.009567447821333395,0.0129024225338696,0.004214565226077187,0.2,1.0,1.5,2.0,2.0,4096
8192,8,4,reshuffle_clipped,0.007000774496208272,0.00947765386054373,0.004214565226077187,0.2,1.0,1.5,2.0,2.0,4096
8192,16,4,reshuffle_clipped,0.005221390744162524,0.007096314024155683,0.004214565226077187,0.2,1.0,1.5,2.0,2.0,4096
8192,32,4,reshuffle_clipped,0.0044573610040724845,0.005552476125362319,0.004214565226077187,0.2,1.0,1.5,2.0,2.0,4096
8192,64,4,reshuffle_clipped,0.004142585238752784,0.004669361516732148,0.004214565226077187,0.2,1.0,1.5,2.0,2.0,4096
8192,128,4,reshuffle_clipped,0.004094402694579381,0.004269078745192061,0.004214565226077187,0.2,1.0,1.5,2.0,2.0,4096
8192,256,4,reshuffle_clipped,0.004082731802932403,0.004132575361721192,0.004214565226077187,0.2,1.0,1.5,2.0,2.0,4096
8192,512,4,reshuffle_clipped,0.00408210712686457,0.004094580178666271,0.004214565226077187,0.2,1.0,1.5,2.0,2.0,4096
8192,1,4,reshuffle_unclipped,0.016582155632758565,0.02500892024933464,0.004214565226077187,0.2,1.0,1.5,2.0,2.0,4096
8192,2,4,reshuffle_unclipped,0.013560966333011756,0.017709786928041604,0.004214565226077187,0.2,1.0,1.5,2.0,2.0,4096
8192,4,4,reshuffle_unclipped,0.009683417047499927,0.012856043239027013,0.004214565226077187,0.2,1.0,1.5,2.0,2.0,4096
8192,8,4,reshuffle_unclipped,0.006976821312005811,0.009448734415413806,0.004214565226077187,0.2,1.0,1.5,2.0,2.0,4096
8192,16,4,reshuffle_unclipped,0.005214744316635555,0.007079352037715262,0.004214565226077187,0.2,1.0,1.5,2.0,2.0,4096
8192,32,4,reshuffle_unclipped,0.004453627843778233,0.005543213591468076,0.004214565226077187,0.2,1.0,1.5,2.0,2.0,4096
8192,64,4,reshuffle_unclipped,0.004141316238125221,0.004664626492340261,0.004214565226077187,0.2,1.0,1.5,2.0,2.0,4096
8192,128,4,reshuffle_unclipped,0.004091650991534935,0.004267040456316015,0.004214565226077187,0.2,1.0,1.5,2.0,2.0,4096
8192,256,4,reshuffle_unclipped,0.004082708087461466,0.0041318602211083385,0.004214565226077187,0.2,1.0,1.5,2.0,2.0,4096
8192,512,4,reshuffle_unclipped,0.004082106839649685,0.004094380193305077,0.004214565226077187,0.2,1.0,1.5,2.0,2.0,4096
