mu,n,K,seed,protocol,last,average,floor
0.35,2048,1,0,with_replacement,0.03836481926930285,0.0579907018048036,0.021373447279393193
0.35,2048,2,0,with_replacement,0.03148369842326778,0.04223757222710327,0.021373447279393193
0.35,2048,4,0,with_replacement,0.02667108727609047,0.03283817210184617,0.021373447279393193
0.35,2048,8,0,with_replacement,0.0249605807054108,0.027715821847227963,0.021373447279393193
0.35,2048,16,0,with_replacement,0.024353332339782676,0.025402398038720176,0.021373447279393193
0.35,2048,32,0,with_replacement,0.024165918467069423,0.024529875173857286,0.021373447279393193
0.35,2048,64,0,with_replacement,0.02420931101169522,0.024262178038895847,0.021373447279393193
0.35,2048,128,0,with_replacement,0.024153136298736097,0.024184977284980372,0.021373447279393193
0.35,2048,256,0,with_replacement,0.024153119138203075,0.024163176861144896,0.021373447279393193
0.35,2048,1,0,reshuffle,0.03669577730219097,0.05345491960200084,0.021373447279393193
0.35,2048,2,0,reshuffle,0.03475342731912672,0.039650775139397874,0.021373447279393193
0.35,2048,4,0,reshuffle,0.026096956198464777,0.03134342887758506,0.021373447279393193
0.35,2048,8,0,reshuffle,0.04042999512587688,0.027138775330779782,0.021373447279393193
0.35,2048,16,0,reshuffle,0.024228572807541118,0.02523081996467143,0.021373447279393193
0.35,2048,32,0,reshuffle,0.024159265726080955,0.02448590451278024,0.021373447279393193
0.35,2048,64,0,reshuffle,0.02415344002994366,0.024247433447192674,0.021373447279393193
0.35,2048,128,0,reshuffle,0.024153143627498555,0.024180105929070862,0.021373447279393193
0.35,2048,256,0,reshuffle,0.024153134165507885,0.02416139319755123,0.021373447279393193
0.35,2048,1,0,cyclic,0.05453720091169039,0.0575955374935137,0.021373447279393193
0.35,2048,2,0,cyclic,0.04406689805676445,0.04095608594651539,0.021373447279393193
0.35,2048,4,0,cyclic,0.03626380986728163,0.03189581465813778,0.021373447279393193
0.35,2048,8,0,cyclic,0.030266362278649175,0.027360686623435593,0.021373447279393193
0.35,2048,16,0,cyclic,0.026110947543555266,0.02531313064544569,0.021373447279393193
0.35,2048,32,0,cyclic,0.02438670527647387,0.024515843420686106,0.021373447279393193
0.35,2048,64,0,cyclic,0.02415871066151211,0.024256262692132186,0.021373447279393193
0.35,2048,128,0,cyclic,0.02415318324242371,0.024182327434407992,0.021373447279393193
0.35,2048,256,0,cyclic,0.024153119487722155,0.024161932722474008,0.021373447279393193
0.35,2048,1,1,with_replacement,0.03892516069192892,0.06478498496594748,0.021373447279393193
0.35,2048,2,1,with_replacement,0.028707069692192777,0.04354352234284948,0.021373447279393193
0.35,2048,4,1,with_replacement,0.024262294251886005,0.03147609823149956,0.021373447279393193
0.35,2048,8,1,with_replacement,0.02310207427981605,0.026082589852923263,0.021373447279393193
0.35,2048,16,1,with_replacement,0.02244407671779949,0.02365539863412823,0.021373447279393193
0.35,2048,32,1,with_replacement,0.02211903214361296,0.02260988049795848,0.021373447279393193
0.35,2048,64,1,with_replacement,0.022069128064903326,0.022221320431958205,0.021373447279393193
0.35,2048,128,1,with_replacement,0.02206301458354527,0.022104324330957607,0.021373447279393193
0.35,2048,256,1,with_replacement,0.02206296726219354,0.02207339968555181,0.021373447279393193
0.35,2048,1,1,reshuffle,0.03967250114215683,0.055850987133695754,0.021373447279393193
0.35,2048,2,1,reshuffle,0.029842374346038706,0.040730063332333255,0.021373447279393193
0.35,2048,4,1,reshuffle,0.02491632984420945,0.031216608170656256,0.021373447279393193
0.35,2048,8,1,reshuffle,0.04384337345655214,0.026006002480092657,0.021373447279393193
0.35,2048,16,1,reshuffle,0.022220411836491014,0.023546262094978742,0.021373447279393193
0.35,2048,32,1,reshuffle,0.02209164008383535,0.022552938266104744,0.021373447279393193
0.35,2048,64,1,reshuffle,0.022065051822937203,0.022205696513815085,0.021373447279393193
0.35,2048,128,1,reshuffle,0.02206300350370585,0.022100527538883818,0.021373447279393193
0.35,2048,256,1,reshuffle,0.022062966906185043,0.022072388709862497,0.021373447279393193
0.35,2048,1,1,cyclic,0.03626850053434705,0.05430740721506266,0.021373447279393193
0.35,2048,2,1,cyclic,0.02867886314099052,0.04051995296864606,0.021373447279393193
0.35,2048,4,1,cyclic,0.024548912480105455,0.03129445104540521,0.021373447279393193
0.35,2048,8,1,cyclic,0.022857793166885992,0.026029147726049324,0.021373447279393193
0.35,2048,16,1,cyclic,0.022266825369113445,0.023549709148835384,0.021373447279393193
0.35,2048,32,1,cyclic,0.022090006499530572,0.022552445359161746,0.021373447279393193
0.35,2048,64,1,cyclic,0.022064568794629768,0.022203583736394052,0.021373447279393193
0.35,2048,128,1,cyclic,0.02206299202077072,0.022099698160636536,0.021373447279393193
0.35,2048,256,1,cyclic,0.02206296687363964,0.022072179058711904,0.021373447279393193
0.35,2048,1,2,with_replacement,0.04116953375481736,0.05835721732814834,0.021373447279393193
0.35,2048,2,2,with_replacement,0.03138893480337925,0.04142447687169537,0.021373447279393193
0.35,2048,4,2,with_replacement,0.02807442737402005,0.03313782922938349,0.021373447279393193
0.35,2048,8,2,with_replacement,0.04709976851506763,0.028666975590486567,0.021373447279393193
0.35,2048,16,2,with_replacement,0.024582924524443717,0.026164268710838365,0.021373447279393193
0.35,2048,32,2,with_replacement,0.024428423498348402,0.025002211959699903,0.021373447279393193
0.35,2048,64,2,with_replacement,0.024415376943412195,0.024591444325968572,0.021373447279393193
0.35,2048,128,2,with_replacement,0.024415162934309932,0.024468522030427025,0.021373447279393193
0.35,2048,256,2,with_replacement,0.0244151363247226,0.024432904461024415,0.021373447279393193
0.35,2048,1,2,reshuffle,0.03650044062120438,0.04953279831990389,0.021373447279393193
0.35,2048,2,2,reshuffle,0.030901083763081767,0.0391617954997113,0.021373447279393193
0.35,2048,4,2,reshuffle,0.027037512850300358,0.0323061123516374,0.021373447279393193
0.35,2048,8,2,reshuffle,0.02523601812940479,0.02807376902575549,0.021373447279393193
0.35,2048,16,2,reshuffle,0.024525550709818114,0.02582823312679112,0.021373447279393193
0.35,2048,32,2,reshuffle,0.024422788891961655,0.024883915320616835,0.021373447279393193
0.35,2048,64,2,reshuffle,0.02441536387299951,0.0245581201166102,0.021373447279393193
0.35,2048,128,2,reshuffle,0.024415137076846408,0.0244603022119559,0.021373447279393193
0.35,2048,256,2,reshuffle,0.024415136325361377,0.024431002080358043,0.021373447279393193
0.35,2048,1,2,cyclic,0.03648620669914159,0.053405908593169064,0.021373447279393193
0.35,2048,2,2,cyclic,0.03070604209531406,0.040753537236850115,0.021373447279393193
0.35,2048,4,2,cyclic,0.026932733365050296,0.03295860280460228,0.021373447279393193
0.35,2048,8,2,cyclic,0.025115109872609308,0.02828067021933945,0.021373447279393193
0.35,2048,16,2,cyclic,0.024546468683864148,0.025896630483709413,0.021373447279393193
0.35,2048,32,2,cyclic,0.02443088879643651,0.024908761418357694,0.021373447279393193
0.35,2048,64,2,cyclic,0.024416312728922945,0.024568487970796065,0.021373447279393193
0.35,2048,128,2,cyclic,0.02441515628700847,0.024464858496392527,0.021373447279393193
0.35,2048,256,2,cyclic,0.02441513633389312,0.02443310336265278,0.021373447279393193
0.35,2048,1,3,with_replacement,0.04809515024670631,0.07121201446936785,0.021373447279393193
0.35,2048,2,3,with_replacement,0.03595280638892986,0.04930504168031504,0.021373447279393193
0.35,2048,4,3,with_replacement,0.028074910731286193,0.03667753050713522,0.021373447279393193
0.35,2048,8,3,with_replacement,0.022508509614732754,0.028385050910488943,0.021373447279393193
0.35,2048,16,3,with_replacement,0.021767591983306637,0.02371915471637534,0.021373447279393193
0.35,2048,32,3,with_replacement,0.021326530450012808,0.022024060081648464,0.021373447279393193
0.35,2048,64,3,with_replacement,0.021296029386788255,0.021496077032694776,0.021373447279393193
0.35,2048,128,3,with_replacement,0.021290225537216247,0.021346044053755404,0.021373447279393193
0.35,2048,256,3,with_replacement,0.02128978248321004,0.021304100906210224,0.021373447279393193
0.35,2048,1,3,reshuffle,0.03739544517088207,0.05149018859837274,0.021373447279393193
0.35,2048,2,3,reshuffle,0.032415069970196594,0.039221683710852835,0.021373447279393193
0.35,2048,4,3,reshuffle,0.024028152156069925,0.030857751759184805,0.021373447279393193
0.35,2048,8,3,reshuffle,0.02196865347391831,0.025529129980134884,0.021373447279393193
0.35,2048,16,3,reshuffle,0.021434510205778533,0.022813177277083853,0.021373447279393193
0.35,2048,32,3,reshuffle,0.021372355986587772,0.021759347712042885,0.021373447279393193
0.35,2048,64,3,reshuffle,0.02129727118583715,0.021424898288601474,0.021373447279393193
0.35,2048,128,3,reshuffle,0.02129035245694854,0.021326140444231277,0.021373447279393193
0.35,2048,256,3,reshuffle,0.021289778701848856,0.021298718004517644,0.021373447279393193
0.35,2048,1,3,cyclic,0.036708953094282834,0.05798958088300467,0.021373447279393193
0.35,2048,2,3,cyclic,0.028841796967771196,0.04150704826602772,0.021373447279393193
0.35,2048,4,3,cyclic,0.024036782461934338,0.03159110233701353,0.021373447279393193
0.35,2048,8,3,cyclic,0.021953636940787145,0.02575713329256697,0.021373447279393193
0.35,2048,16,3,cyclic,0.02142391902328319,0.02287292426430661,0.021373447279393193
0.35,2048,32,3,cyclic,0.021320028262603662,0.021776174853589247,0.021373447279393193
0.35,2048,64,3,cyclic,0.02129533731406249,0.021429657598836017,0.021373447279393193
0.35,2048,128,3,cyclic,0.02129033164529484,0.021327537433527784,0.021373447279393193
0.35,2048,256,3,cyclic,0.02128977877975364,0.02129905656622235,0.021373447279393193
0.35,2048,1,4,with_replacement,0.03387558710197764,0.05338360429553717,0.021373447279393193
0.35,2048,2,4,with_replacement,0.02789460801344457,0.03816019900189235,0.021373447279393193
0.35,2048,4,4,with_replacement,0.023700380661474046,0.02963304171130845,0.021373447279393193
0.35,2048,8,4,with_replacement,0.021487573812896184,0.024947849101751768,0.021373447279393193
0.35,2048,16,4,with_replacement,0.02034609821526858,0.02212424714755899,0.021373447279393193
0.35,2048,32,4,with_replacement,0.020227239997500937,0.02074342420972723,0.021373447279393193
0.35,2048,64,4,with_replacement,0.020137724819714223,0.02029121683462009,0.021373447279393193
0.35,2048,128,4,with_replacement,0.020137590206489222,0.020173004168305954,0.021373447279393193
0.35,2048,256,4,with_replacement,0.020137589751436157,0.020144821298978245,0.021373447279393193
0.35,2048,1,4,reshuffle,0.03397292139161334,0.05435415905366596,0.021373447279393193
0.35,2048,2,4,reshuffle,0.04261327258307082,0.03790253618434194,0.021373447279393193
0.35,2048,4,4,reshuffle,0.02384413417457446,0.029531073529718174,0.021373447279393193
0.35,2048,8,4,reshuffle,0.021301141792716024,0.02465097554950113,0.021373447279393193
0.35,2048,16,4,reshuffle,0.020262875962358567,0.021862138396668576,0.021373447279393193
0.35,2048,32,4,reshuffle,0.020145427552709757,0.02064623695702024,0.021373447279393193
0.35,2048,64,4,reshuffle,0.0201377089736755,0.02026305867612982,0.021373447279393193
0.35,2048,128,4,reshuffle,0.020137590106569247,0.020164666684438153,0.021373447279393193
0.35,2048,256,4,reshuffle,0.02013758975146,0.02014212041092682,0.021373447279393193
0.35,2048,1,4,cyclic,0.03450231523957679,0.05387994619987746,0.021373447279393193
0.35,2048,2,4,cyclic,0.027403425486866466,0.03888774704203622,0.021373447279393193
0.35,2048,4,4,cyclic,0.02312611247470405,0.029903767644366395,0.021373447279393193
0.35,2048,8,4,cyclic,0.02093170570676316,0.02460829699179337,0.021373447279393193
0.35,2048,16,4,cyclic,0.020248483790258662,0.021778213721554206,0.021373447279393193
0.35,2048,32,4,cyclic,0.020147670837329202,0.02061086722085387,0.021373447279393193
0.35,2048,64,4,cyclic,0.020137788731084714,0.02025359882855414,0.021373447279393193
0.35,2048,128,4,cyclic,0.020137590126956092,0.02016257957099885,0.021373447279393193
0.35,2048,256,4,cyclic,0.02013758975146,0.02014173862195512,0.021373447279393193
0.35,2048,1,5,with_replacement,0.040155326780584706,0.054395174108960914,0.021373447279393193
0.35,2048,2,5,with_replacement,0.03092877127477344,0.041996738639619106,0.021373447279393193
0.35,2048,4,5,with_replacement,0.02409911704027814,0.032080379395178965,0.021373447279393193
0.35,2048,8,5,with_replacement,0.021130084687386603,0.025646074324614028,0.021373447279393193
0.35,2048,16,5,with_replacement,0.020013198574707798,0.022102819072285784,0.021373447279393193
0.35,2048,32,5,with_replacement,0.01986273482201598,0.020599647285190984,0.021373447279393193
0.35,2048,64,5,with_replacement,0.019854191532349474,0.02008765434187934,0.021373447279393193
0.35,2048,128,5,with_replacement,0.01985209660126722,0.019930129217374554,0.021373447279393193
0.35,2048,256,5,with_replacement,0.019852089503224743,0.019880848334010656,0.021373447279393193
0.35,2048,1,5,reshuffle,0.03406262739003296,0.05397221776762582,0.021373447279393193
0.35,2048,2,5,reshuffle,0.02645838769331185,0.03824885304881176,0.021373447279393193
0.35,2048,4,5,reshuffle,0.02226876164133568,0.028979791120776758,0.021373447279393193
0.35,2048,8,5,reshuffle,0.020447045583148114,0.02386874137948019,0.021373447279393193
0.35,2048,16,5,reshuffle,0.019979115356641444,0.02136921530197651,0.021373447279393193
0.35,2048,32,5,reshuffle,0.01986689333833656,0.020355863274357025,0.021373447279393193
0.35,2048,64,5,reshuffle,0.019858333406057648,0.020008941347581802,0.021373447279393193
0.35,2048,128,5,reshuffle,0.019852097350768785,0.019902978549630922,0.021373447279393193
0.35,2048,256,5,reshuffle,0.019852090877165343,0.01987036095012124,0.021373447279393193
0.35,2048,1,5,cyclic,0.034035803139626626,0.055206479361281036,0.021373447279393193
0.35,2048,2,5,cyclic,0.02645586041889984,0.03954290970268932,0.021373447279393193
0.35,2048,4,5,cyclic,0.02229004233112043,0.0297036573290468,0.021373447279393193
0.35,2048,8,5,cyclic,0.020436651088776705,0.024198648945682626,0.021373447279393193
0.35,2048,16,5,cyclic,0.019940792586844266,0.02149052078374809,0.021373447279393193
0.35,2048,32,5,cyclic,0.019858575148392666,0.020393772941399633,0.021373447279393193
0.35,2048,64,5,cyclic,0.019852235829337768,0.02002144878661386,0.021373447279393193
0.35,2048,128,5,cyclic,0.019852102063929015,0.019907874118066594,0.021373447279393193
0.35,2048,256,5,cyclic,0.019852089807365216,0.01987261550953946,0.021373447279393193
0.35,2048,1,6,with_replacement,0.04525034928134549,0.06246430803844244,0.021373447279393193
0.35,2048,2,6,with_replacement,0.029699682886587725,0.04277667844203933,0.021373447279393193
0.35,2048,4,6,with_replacement,0.025298741712741716,0.03201008661695328,0.021373447279393193
0.35,2048,8,6,with_replacement,0.02118180403443149,0.02543869345826743,0.021373447279393193
0.35,2048,16,6,with_replacement,0.020689518373806504,0.022188385176778538,0.021373447279393193
0.35,2048,32,6,with_replacement,0.020503422724858323,0.02098993616813063,0.021373447279393193
0.35,2048,64,6,with_replacement,0.02049056885205491,0.020623132202249726,0.021373447279393193
0.35,2048,128,6,with_replacement,0.02048743502313653,0.020523029753788714,0.021373447279393193
0.35,2048,256,6,with_replacement,0.020487191919020327,0.02049634176577492,0.021373447279393193
0.35,2048,1,6,reshuffle,0.050844377260712684,0.048881351374878604,0.021373447279393193
0.35,2048,2,6,reshuffle,0.028194489685836075,0.03665635637913294,0.021373447279393193
0.35,2048,4,6,reshuffle,0.022876260623230543,0.02856131057597453,0.021373447279393193
0.35,2048,8,6,reshuffle,0.02156416148818337,0.023973187548745417,0.021373447279393193
0.35,2048,16,6,reshuffle,0.020862522550756848,0.021689508748456328,0.021373447279393193
0.35,2048,32,6,reshuffle,0.02050450885920864,0.020838731237617023,0.021373447279393193
0.35,2048,64,6,reshuffle,0.020489175267042106,0.020582496061562018,0.021373447279393193
0.35,2048,128,6,reshuffle,0.020487321017612425,0.020512234105146243,0.021373447279393193
0.35,2048,256,6,reshuffle,0.02048718992253644,0.020493551925571264,0.021373447279393193
0.35,2048,1,6,cyclic,0.038003328002863136,0.049695366692143826,0.021373447279393193
0.35,2048,2,6,cyclic,0.027358161186716638,0.0363834015227283,0.021373447279393193
0.35,2048,4,6,cyclic,0.022617570387473234,0.028400945225719187,0.021373447279393193
0.35,2048,8,6,cyclic,0.0209697491748426,0.023863262250878346,0.021373447279393193
0.35,2048,16,6,cyclic,0.02056005361059343,0.021664173792347193,0.021373447279393193
0.35,2048,32,6,cyclic,0.020497071765545317,0.020834512409189834,0.021373447279393193
0.35,2048,64,6,cyclic,0.02048872306377346,0.02058097947689667,0.021373447279393193
0.35,2048,128,6,cyclic,0.020487287031000192,0.020511601687726637,0.021373447279393193
0.35,2048,256,6,cyclic,0.020487189701591347,0.02049337367468821,0.021373447279393193
0.35,2048,1,7,with_replacement,0.03879714487349244,0.060391545180779306,0.021373447279393193
0.35,2048,2,7,with_replacement,0.0292857718231936,0.04281024705814022,0.021373447279393193
0.35,2048,4,7,with_replacement,0.025872443194399658,0.031029173529942417,0.021373447279393193
0.35,2048,8,7,with_replacement,0.01904543877308349,0.023862929220555874,0.021373447279393193
0.35,2048,16,7,with_replacement,0.017808157586340204,0.019949488216436457,0.021373447279393193
0.35,2048,32,7,with_replacement,0.017653583905111687,0.01833955618508334,0.021373447279393193
0.35,2048,64,7,with_replacement,0.01763826878218979,0.017823245509849237,0.021373447279393193
0.35,2048,128,7,with_replacement,0.017637502210383967,0.017684113672720533,0.021373447279393193
0.35,2048,256,7,with_replacement,0.01763749593878883,0.01764903535545245,0.021373447279393193
0.35,2048,1,7,reshuffle,0.03483541368115809,0.05413901547795867,0.021373447279393193
0.35,2048,2,7,reshuffle,0.026140934986436333,0.03898117410660302,0.021373447279393193
0.35,2048,4,7,reshuffle,0.0222024055153043,0.02876074318933751,0.021373447279393193
0.35,2048,8,7,reshuffle,0.018499658550710323,0.02261204486521451,0.021373447279393193
0.35,2048,16,7,reshuffle,0.01777520890825751,0.01946320399366785,0.021373447279393193
0.35,2048,32,7,reshuffle,0.01765022604228471,0.018190743297146296,0.021373447279393193
0.35,2048,64,7,reshuffle,0.01763806822929092,0.017785578514663895,0.021373447279393193
0.35,2048,128,7,reshuffle,0.0176375042849411,0.017674733158939516,0.021373447279393193
0.35,2048,256,7,reshuffle,0.01763749722756857,0.01764673354392327,0.021373447279393193
0.35,2048,1,7,cyclic,0.034885855908720245,0.05231749952447401,0.021373447279393193
0.35,2048,2,7,cyclic,0.02653221613765123,0.03794730189545633,0.021373447279393193
0.35,2048,4,7,cyclic,0.021547582932326108,0.028736250777117837,0.021373447279393193
0.35,2048,8,7,cyclic,0.019019626219862286,0.023045048019772207,0.021373447279393193
0.35,2048,16,7,cyclic,0.01799291266792301,0.019915069828109776,0.021373447279393193
0.35,2048,32,7,cyclic,0.017687574413822037,0.018448208155236297,0.021373447279393193
0.35,2048,64,7,cyclic,0.017639588766648208,0.01787664614860165,0.021373447279393193
0.35,2048,128,7,cyclic,0.017637524460431073,0.017699209352070235,0.021373447279393193
0.35,2048,256,7,cyclic,0.01763749585666306,0.01765286448282486,0.021373447279393193
0.35,2048,1,8,with_replacement,0.043086029055391155,0.0628865719480039,0.021373447279393193
0.35,2048,2,8,with_replacement,0.032171869885688445,0.04472287102786437,0.021373447279393193
0.35,2048,4,8,with_replacement,0.027473538546574368,0.03445000261002394,0.021373447279393193
0.35,2048,8,8,with_replacement,0.02521371290313272,0.028810960160757213,0.021373447279393193
0.35,2048,16,8,with_replacement,0.024415482420375646,0.025880532366660797,0.021373447279393193
0.35,2048,32,8,with_replacement,0.024333603456138345,0.024772467151143902,0.021373447279393193
0.35,2048,64,8,with_replacement,0.024574702587729362,0.0244453054593214,0.021373447279393193
0.35,2048,128,8,with_replacement,0.024330541500581004,0.024359569646966985,0.021373447279393193
0.35,2048,256,8,with_replacement,0.024330540437488637,0.02433784209423902,0.021373447279393193
0.35,2048,1,8,reshuffle,0.06363418039862365,0.05441435274062281,0.021373447279393193
0.35,2048,2,8,reshuffle,0.030847114684694893,0.04065081295491239,0.021373447279393193
0.35,2048,4,8,reshuffle,0.0265777214220512,0.032680697695984195,0.021373447279393193
0.35,2048,8,8,reshuffle,0.024818585253598573,0.027897152138002514,0.021373447279393193
0.35,2048,16,8,reshuffle,0.024383642388074323,0.025560525965995524,0.021373447279393193
0.35,2048,32,8,reshuffle,0.024341657177810047,0.024683936736204025,0.021373447279393193
0.35,2048,64,8,reshuffle,0.02433064906561045,0.02442298708157801,0.021373447279393193
0.35,2048,128,8,reshuffle,0.024330539566937336,0.02435405806165325,0.021373447279393193
0.35,2048,256,8,reshuffle,0.02433054157420052,0.024336487492216154,0.021373447279393193
0.35,2048,1,8,cyclic,0.03838509955209241,0.055213129919139424,0.021373447279393193
0.35,2048,2,8,cyclic,0.03143417257124846,0.04192577511565589,0.021373447279393193
0.35,2048,4,8,cyclic,0.027142252988979886,0.033306967957186254,0.021373447279393193
0.35,2048,8,8,cyclic,0.025220756250723755,0.028129210039461824,0.021373447279393193
0.35,2048,16,8,cyclic,0.024579724460308067,0.025627374432614015,0.021373447279393193
0.35,2048,32,8,cyclic,0.024379902612136736,0.024700815190840993,0.021373447279393193
0.35,2048,64,8,cyclic,0.02433334264656987,0.02442697518928041,0.021373447279393193
0.35,2048,128,8,cyclic,0.02433055404574832,0.02435500062531715,0.021373447279393193
0.35,2048,256,8,cyclic,0.02433054364554136,0.024336731040324144,0.021373447279393193
0.35,2048,1,9,with_replacement,0.039599810554856806,0.052042589999114826,0.021373447279393193
0.35,2048,2,9,with_replacement,0.031707981184903734,0.041154066875145216,0.021373447279393193
0.35,2048,4,9,with_replacement,0.024778078244319907,0.03203596526504996,0.021373447279393193
0.35,2048,8,9,with_replacement,0.021865964997090984,0.025937748895367214,0.021373447279393193
0.35,2048,16,9,with_replacement,0.0211382497142268,0.022777976623907074,0.021373447279393193
0.35,2048,32,9,with_replacement,0.021012430006827943,0.021541552272686035,0.021373447279393193
0.35,2048,64,9,with_replacement,0.020981408360929592,0.02114158274963832,0.021373447279393193
0.35,2048,128,9,with_replacement,0.020971445638316644,0.021020270552044876,0.021373447279393193
0.35,2048,256,9,with_replacement,0.020969211242188465,0.02098280981303621,0.021373447279393193
0.35,2048,1,9,reshuffle,0.03918632520024556,0.0554684636932479,0.021373447279393193
0.35,2048,2,9,reshuffle,0.029182719244928036,0.03998004366271664,0.021373447279393193
0.35,2048,4,9,reshuffle,0.031553740204949325,0.030764336199898122,0.021373447279393193
0.35,2048,8,9,reshuffle,0.02174201374870098,0.025301932900930982,0.021373447279393193
0.35,2048,16,9,reshuffle,0.021100573639246736,0.022528806745510527,0.021373447279393193
0.35,2048,32,9,reshuffle,0.021920946508836886,0.02146109965452489,0.021373447279393193
0.35,2048,64,9,reshuffle,0.020979116050601154,0.021118575409276842,0.021373447279393193
0.35,2048,128,9,reshuffle,0.020969642608164918,0.021011990095293896,0.021373447279393193
0.35,2048,256,9,reshuffle,0.02096920926676701,0.02098035875104328,0.021373447279393193
0.35,2048,1,9,cyclic,0.03581162307017814,0.052018572096632236,0.021373447279393193
0.35,2048,2,9,cyclic,0.028309654000435388,0.03924086995406983,0.021373447279393193
0.35,2048,4,9,cyclic,0.023618724929615854,0.030675802542827122,0.021373447279393193
0.35,2048,8,9,cyclic,0.021586720027043912,0.025273325710838065,0.021373447279393193
0.35,2048,16,9,cyclic,0.02109748827498175,0.022516983024110534,0.021373447279393193
0.35,2048,32,9,cyclic,0.021005661678527375,0.021458130918424773,0.021373447279393193
0.35,2048,64,9,cyclic,0.02097684851474031,0.021117160886453854,0.021373447279393193
0.35,2048,128,9,cyclic,0.020969615337489905,0.021011293710164494,0.021373447279393193
0.35,2048,256,9,cyclic,0.02096920938527986,0.020980131424929643,0.021373447279393193
0.5,2048,1,0,with_replacement,0.042678849277985556,0.0606104427416679,0.016850325164570426
0.5,2048,2,0,with_replacement,0.03600559924474457,0.04413094471367113,0.016850325164570426
0.5,2048,4,0,with_replacement,0.025309652624813692,0.03340541772008448,0.016850325164570426
0.5,2048,8,0,with_replacement,0.02177572562869451,0.026509385416687802,0.016850325164570426
0.5,2048,16,0,with_replacement,0.021020455401953814,0.022888305645763184,0.016850325164570426
0.5,2048,32,0,with_replacement,0.020769737843989958,0.02142348557274971,0.016850325164570426
0.5,2048,64,0,with_replacement,0.02076179249339919,0.02093303740604107,0.016850325164570426
0.5,2048,128,0,with_replacement,0.020745608558660852,0.020794645297318348,0.016850325164570426
0.5,2048,256,0,with_replacement,0.020745511438680475,0.02075852681373897,0.016850325164570426
0.5,2048,1,0,reshuffle,0.035749541475751316,0.05213531665487753,0.016850325164570426
0.5,2048,2,0,reshuffle,0.028140063218681812,0.03841331207887544,0.016850325164570426
0.5,2048,4,0,reshuffle,0.023920945081649676,0.030162612181107506,0.016850325164570426
0.5,2048,8,0,reshuffle,0.021769270117718002,0.02521419098282701,0.016850325164570426
0.5,2048,16,0,reshuffle,0.02093861450181131,0.022495532055722293,0.016850325164570426
0.5,2048,32,0,reshuffle,0.020761623113756227,0.021301576264872907,0.016850325164570426
0.5,2048,64,0,reshuffle,0.020746772905338697,0.020898391849655355,0.016850325164570426
0.5,2048,128,0,reshuffle,0.020745662917501483,0.020786059821417683,0.016850325164570426
0.5,2048,256,0,reshuffle,0.020745499621221294,0.020756518599837157,0.016850325164570426
0.5,2048,1,0,cyclic,0.08119187250755386,0.05265146218924461,0.016850325164570426
0.5,2048,2,0,cyclic,0.042048542321186023,0.03919439385998403,0.016850325164570426
0.5,2048,4,0,cyclic,0.02637395307495863,0.030611294751377246,0.016850325164570426
0.5,2048,8,0,cyclic,0.02184758951541118,0.025390728375318108,0.016850325164570426
0.5,2048,16,0,cyclic,0.02091691972214204,0.022559747032729005,0.016850325164570426
0.5,2048,32,0,cyclic,0.020761862393347454,0.021320877283336714,0.016850325164570426
0.5,2048,64,0,cyclic,0.020746855415090873,0.02090443650693569,0.016850325164570426
0.5,2048,128,0,cyclic,0.02074564096888426,0.020787722326487266,0.016850325164570426
0.5,2048,256,0,cyclic,0.020745501073480405,0.02075687113847954,0.016850325164570426
0.5,2048,1,1,with_replacement,0.044831852214711185,0.05901033988590256,0.016850325164570426
0.5,2048,2,1,with_replacement,0.03359970889089934,0.04356004256384188,0.016850325164570426
0.5,2048,4,1,with_replacement,0.02462183709260583,0.032925513941074805,0.016850325164570426
0.5,2048,8,1,with_replacement,0.02125905309977258,0.02600274633424247,0.016850325164570426
0.5,2048,16,1,with_replacement,0.02175757291615748,0.02228510074049149,0.016850325164570426
0.5,2048,32,1,with_replacement,0.019677313080067198,0.02053772534473567,0.016850325164570426
0.5,2048,64,1,with_replacement,0.019650898129581096,0.019891892934568098,0.016850325164570426
0.5,2048,128,1,with_replacement,0.019642732826866256,0.0197063415526475,0.016850325164570426
0.5,2048,256,1,with_replacement,0.019641698888675823,0.019658146719053415,0.016850325164570426
0.5,2048,1,1,reshuffle,0.04119628292821728,0.05534113997872121,0.016850325164570426
0.5,2048,2,1,reshuffle,0.029345012772851523,0.04049116072240378,0.016850325164570426
0.5,2048,4,1,reshuffle,0.023516265461825298,0.030836343646969744,0.016850325164570426
0.5,2048,8,1,reshuffle,0.02089620833627978,0.02496803664004245,0.016850325164570426
0.5,2048,16,1,reshuffle,0.01991092858673614,0.021785405160607087,0.016850325164570426
0.5,2048,32,1,reshuffle,0.01966266684227701,0.02033408679129068,0.016850325164570426
0.5,2048,64,1,reshuffle,0.01964287114138582,0.01983127368547123,0.016850325164570426
0.5,2048,128,1,reshuffle,0.019650145556265965,0.019690676910738968,0.016850325164570426
0.5,2048,256,1,reshuffle,0.01964169864498528,0.019654181547965634,0.016850325164570426
0.5,2048,1,1,cyclic,0.03584627400616876,0.056187766187380174,0.016850325164570426
0.5,2048,2,1,cyclic,0.027933638143147747,0.039957501975571914,0.016850325164570426
0.5,2048,4,1,cyclic,0.02332946906877192,0.030358791321507657,0.016850325164570426
0.5,2048,8,1,cyclic,0.02092998616143274,0.02477443283220807,0.016850325164570426
0.5,2048,16,1,cyclic,0.01990899501207652,0.02175876217476655,0.016850325164570426
0.5,2048,32,1,cyclic,0.01967489661239476,0.020352682909283968,0.016850325164570426
0.5,2048,64,1,cyclic,0.019646035101136803,0.019846344710344722,0.016850325164570426
0.5,2048,128,1,cyclic,0.019641993166797097,0.019697048956245782,0.016850325164570426
0.5,2048,256,1,cyclic,0.019641700611765782,0.019656052103268824,0.016850325164570426
0.5,2048,1,2,with_replacement,0.03901002550081771,0.05891258251483987,0.016850325164570426
0.5,2048,2,2,with_replacement,0.03465884503381057,0.04275135374227533,0.016850325164570426
0.5,2048,4,2,with_replacement,0.023468988719720158,0.031847433748558016,0.016850325164570426
0.5,2048,8,2,with_replacement,0.018635222960422273,0.024303372754542155,0.016850325164570426
0.5,2048,16,2,with_replacement,0.016778961272511633,0.01972493446566891,0.016850325164570426
0.5,2048,32,2,with_replacement,0.016135375132582622,0.017413801519516738,0.016850325164570426
0.5,2048,64,2,with_replacement,0.016041080867560894,0.016447578067393356,0.016850325164570426
0.5,2048,128,2,with_replacement,0.01603931605259865,0.016145331558257366,0.016850325164570426
0.5,2048,256,2,with_replacement,0.016039308251506054,0.016066674883462893,0.016850325164570426
0.5,2048,1,2,reshuffle,0.03574859310320495,0.05340708302406655,0.016850325164570426
0.5,2048,2,2,reshuffle,0.028375612767547475,0.039181185037849335,0.016850325164570426
0.5,2048,4,2,reshuffle,0.021973633416326493,0.029936938497696224,0.016850325164570426
0.5,2048,8,2,reshuffle,0.01810427856365605,0.023317047497895486,0.016850325164570426
0.5,2048,16,2,reshuffle,0.016672867339255323,0.019238195170537622,0.016850325164570426
0.5,2048,32,2,reshuffle,0.01609906144993636,0.017165005558999986,0.016850325164570426
0.5,2048,64,2,reshuffle,0.016049139573378862,0.01636557658933818,0.016850325164570426
0.5,2048,128,2,reshuffle,0.01603937258294099,0.016125351176462938,0.016850325164570426
0.5,2048,256,2,reshuffle,0.0160393084702463,0.016062063593387976,0.016850325164570426
0.5,2048,1,2,cyclic,0.03596651501351962,0.053250298716531766,0.016850325164570426
0.5,2048,2,2,cyclic,0.02781118466451196,0.039698693051587554,0.016850325164570426
0.5,2048,4,2,cyclic,0.02181690064253563,0.030212243396632657,0.016850325164570426
0.5,2048,8,2,cyclic,0.018141403900328628,0.023506109317459056,0.016850325164570426
0.5,2048,16,2,cyclic,0.01652540451714155,0.019306638409536257,0.016850325164570426
0.5,2048,32,2,cyclic,0.016091435144994688,0.01719293725747441,0.016850325164570426
0.5,2048,64,2,cyclic,0.016041032749577213,0.016374928423135843,0.016850325164570426
0.5,2048,128,2,cyclic,0.016039334227696992,0.016127841086413006,0.016850325164570426
0.5,2048,256,2,cyclic,0.01603930846582379,0.016062475669755154,0.016850325164570426
0.5,2048,1,3,with_replacement,0.041021671627378666,0.05844536719317722,0.016850325164570426
0.5,2048,2,3,with_replacement,0.03094905338424876,0.043195481672314066,0.016850325164570426
0.5,2048,4,3,with_replacement,0.023067536356149505,0.03167741223801179,0.016850325164570426
0.5,2048,8,3,with_replacement,0.018918217257526605,0.0239879174839398,0.016850325164570426
0.5,2048,16,3,with_replacement,0.017248945779757885,0.019880304195049374,0.016850325164570426
0.5,2048,32,3,with_replacement,0.016879386475184374,0.017824671215684876,0.016850325164570426
0.5,2048,64,3,with_replacement,0.01685355946652201,0.017119193930662534,0.016850325164570426
0.5,2048,128,3,with_replacement,0.01685262609216737,0.01692217651250621,0.016850325164570426
0.5,2048,256,3,with_replacement,0.016852458359596444,0.01687088094255633,0.016850325164570426
0.5,2048,1,3,reshuffle,0.035521433798798914,0.05625108012311973,0.016850325164570426
0.5,2048,2,3,reshuffle,0.02715381294771351,0.039447743450095045,0.016850325164570426
0.5,2048,4,3,reshuffle,0.021073322485894497,0.028958121750644324,0.016850325164570426
0.5,2048,8,3,reshuffle,0.018348500962312074,0.02263174750678484,0.016850325164570426
0.5,2048,16,3,reshuffle,0.01707024548668821,0.019141278691594828,0.016850325164570426
0.5,2048,32,3,reshuffle,0.01734970276712142,0.017582078626395402,0.016850325164570426
0.5,2048,64,3,reshuffle,0.016857565565562272,0.017053405303984755,0.016850325164570426
0.5,2048,128,3,reshuffle,0.016852493771920482,0.01690522982206515,0.016850325164570426
0.5,2048,256,3,reshuffle,0.016852459330290816,0.016866530907292454,0.016850325164570426
0.5,2048,1,3,cyclic,0.03576055387666799,0.056020811280647724,0.016850325164570426
0.5,2048,2,3,cyclic,0.026553493888073026,0.03973101518128128,0.016850325164570426
0.5,2048,4,3,cyclic,0.021228937808122742,0.02916420280943808,0.016850325164570426
0.5,2048,8,3,cyclic,0.018326081542261674,0.02273278239495387,0.016850325164570426
0.5,2048,16,3,cyclic,0.01717936035111395,0.01919097166120254,0.016850325164570426
0.5,2048,32,3,cyclic,0.0169139702587304,0.017604322054190394,0.016850325164570426
0.5,2048,64,3,cyclic,0.01686238344597351,0.01706129278074966,0.016850325164570426
0.5,2048,128,3,cyclic,0.016852909225897512,0.016907776705212433,0.016850325164570426
0.5,2048,256,3,cyclic,0.016852460094260144,0.016867251961167312,0.016850325164570426
0.5,2048,1,4,with_replacement,0.03342458029526341,0.04900417783753711,0.016850325164570426
0.5,2048,2,4,with_replacement,0.026132618828978493,0.03590186103238764,0.016850325164570426
0.5,2048,4,4,with_replacement,0.02361909721459029,0.027179271853245583,0.016850325164570426
0.5,2048,8,4,with_replacement,0.01858391637744767,0.022026208286831255,0.016850325164570426
0.5,2048,16,4,with_replacement,0.017327038109545598,0.019189536669004283,0.016850325164570426
0.5,2048,32,4,with_replacement,0.01701654113008598,0.01773818850992428,0.016850325164570426
0.5,2048,64,4,with_replacement,0.016936828845568117,0.01717247358542553,0.016850325164570426
0.5,2048,128,4,with_replacement,0.016929512892826,0.01699305556503194,0.016850325164570426
0.5,2048,256,4,with_replacement,0.01692946207473949,0.016945316771758315,0.016850325164570426
0.5,2048,1,4,reshuffle,0.035727130390759886,0.04978365906606596,0.016850325164570426
0.5,2048,2,4,reshuffle,0.028312009674027243,0.035181661666130744,0.016850325164570426
0.5,2048,4,4,reshuffle,0.02109418229758672,0.026544114209499797,0.016850325164570426
0.5,2048,8,4,reshuffle,0.018155318635262832,0.021620972720383377,0.016850325164570426
0.5,2048,16,4,reshuffle,0.017255799826703316,0.018922322015748606,0.016850325164570426
0.5,2048,32,4,reshuffle,0.01719377498401638,0.017630277111031743,0.016850325164570426
0.5,2048,64,4,reshuffle,0.01693205678264758,0.01713556664114744,0.016850325164570426
0.5,2048,128,4,reshuffle,0.016929528431884763,0.016983011766109887,0.016850325164570426
0.5,2048,256,4,reshuffle,0.01692946201195915,0.016942802556250757,0.016850325164570426
0.5,2048,1,4,cyclic,0.03609087635819501,0.05077342739697918,0.016850325164570426
0.5,2048,2,4,cyclic,0.026682504177316133,0.03547274309748343,0.016850325164570426
0.5,2048,4,4,cyclic,0.02124206597204865,0.026824980522820997,0.016850325164570426
0.5,2048,8,4,cyclic,0.01835400340591783,0.021786541884376166,0.016850325164570426
0.5,2048,16,4,cyclic,0.017240358911153587,0.018972138088565408,0.016850325164570426
0.5,2048,32,4,cyclic,0.016973014346484117,0.017642361050452516,0.016850325164570426
0.5,2048,64,4,cyclic,0.016931822356492317,0.017139050498363534,0.016850325164570426
0.5,2048,128,4,cyclic,0.016929509402640836,0.016983965952011956,0.016850325164570426
0.5,2048,256,4,cyclic,0.016929462003371566,0.01694304338932185,0.016850325164570426
0.5,2048,1,5,with_replacement,0.04129369798891602,0.05712301548133459,0.016850325164570426
0.5,2048,2,5,with_replacement,0.028342522957546377,0.04099995590379651,0.016850325164570426
0.5,2048,4,5,with_replacement,0.022588852656648572,0.03055180436085573,0.016850325164570426
0.5,2048,8,5,with_replacement,0.027758681810107627,0.02372552742826928,0.016850325164570426
0.5,2048,16,5,with_replacement,0.017327125561214966,0.019725973049200013,0.016850325164570426
0.5,2048,32,5,with_replacement,0.016886537911334893,0.017827296973762688,0.016850325164570426
0.5,2048,64,5,with_replacement,0.016831497426299937,0.017114100652318033,0.016850325164570426
0.5,2048,128,5,with_replacement,0.0168254137779263,0.01690158784880764,0.016850325164570426
0.5,2048,256,5,with_replacement,0.01682443094145497,0.016843788236646694,0.016850325164570426
0.5,2048,1,5,reshuffle,0.06734072007479129,0.05193104618577219,0.016850325164570426
0.5,2048,2,5,reshuffle,0.02566595199622701,0.03755136900383494,0.016850325164570426
0.5,2048,4,5,reshuffle,0.020657166786337902,0.028009980619743465,0.016850325164570426
0.5,2048,8,5,reshuffle,0.01804734864085885,0.022175761909612263,0.016850325164570426
0.5,2048,16,5,reshuffle,0.017090787781409097,0.018995323170744084,0.016850325164570426
0.5,2048,32,5,reshuffle,0.0168873481817566,0.017550776515838164,0.016850325164570426
0.5,2048,64,5,reshuffle,0.01682923692687012,0.017036054445258682,0.016850325164570426
0.5,2048,128,5,reshuffle,0.016824566876231163,0.01688071112562201,0.016850325164570426
0.5,2048,256,5,reshuffle,0.01682443057459447,0.016838336656276643,0.016850325164570426
0.5,2048,1,5,cyclic,0.03428911591675992,0.0546308851603796,0.016850325164570426
0.5,2048,2,5,cyclic,0.02544915636006446,0.03858935629015919,0.016850325164570426
0.5,2048,4,5,cyclic,0.02051000643515762,0.028300280673612743,0.016850325164570426
0.5,2048,8,5,cyclic,0.01801904582078885,0.02224074590480456,0.016850325164570426
0.5,2048,16,5,cyclic,0.017068841282548916,0.019020556050615423,0.016850325164570426
0.5,2048,32,5,cyclic,0.01686338478789687,0.017565084340345368,0.016850325164570426
0.5,2048,64,5,cyclic,0.016828987135265792,0.017041209500650054,0.016850325164570426
0.5,2048,128,5,cyclic,0.01682455711956783,0.016881950608719064,0.016850325164570426
0.5,2048,256,5,cyclic,0.016824430566872533,0.0168387169514461,0.016850325164570426
0.5,2048,1,6,with_replacement,0.04234210884065384,0.052932179091943955,0.016850325164570426
0.5,2048,2,6,with_replacement,0.02916853610392864,0.03837136856930554,0.016850325164570426
0.5,2048,4,6,with_replacement,0.022457829698695354,0.029293221820128924,0.016850325164570426
0.5,2048,8,6,with_replacement,0.019776829032234832,0.02355379726197688,0.016850325164570426
0.5,2048,16,6,with_replacement,0.018698484457071392,0.020473086207261168,0.016850325164570426
0.5,2048,32,6,with_replacement,0.01847611643016858,0.01911335690786784,0.016850325164570426
0.5,2048,64,6,with_replacement,0.018443486165546714,0.018631045459200538,0.016850325164570426
0.5,2048,128,6,with_replacement,0.01844027297384239,0.018490379046292825,0.016850325164570426
0.5,2048,256,6,with_replacement,0.01844014981359388,0.018452961068467225,0.016850325164570426
0.5,2048,1,6,reshuffle,0.0421425966186931,0.04913520007779754,0.016850325164570426
0.5,2048,2,6,reshuffle,0.026078150076640823,0.03578001180687005,0.016850325164570426
0.5,2048,4,6,reshuffle,0.02370088737072746,0.027900653785625326,0.016850325164570426
0.5,2048,8,6,reshuffle,0.019557467584073118,0.023014061679573396,0.016850325164570426
0.5,2048,16,6,reshuffle,0.0187026368174275,0.020314163696704527,0.016850325164570426
0.5,2048,32,6,reshuffle,0.018476764212330507,0.019067086815514042,0.016850325164570426
0.5,2048,64,6,reshuffle,0.018467715113659564,0.018619572887872395,0.016850325164570426
0.5,2048,128,6,reshuffle,0.01844041681255393,0.018487597306525428,0.016850325164570426
0.5,2048,256,6,reshuffle,0.018440140623912322,0.018452238328071052,0.016850325164570426
0.5,2048,1,6,cyclic,0.0328362623601777,0.048158750405815964,0.016850325164570426
0.5,2048,2,6,cyclic,0.0259204885562305,0.03549943257166552,0.016850325164570426
0.5,2048,4,6,cyclic,0.021828023675234336,0.027608023755539036,0.016850325164570426
0.5,2048,8,6,cyclic,0.019640857395080757,0.02287277904817674,0.016850325164570426
0.5,2048,16,6,cyclic,0.01872334911589387,0.02026793536492048,0.016850325164570426
0.5,2048,32,6,cyclic,0.018491725074701974,0.01905533503909443,0.016850325164570426
0.5,2048,64,6,cyclic,0.018448338554560035,0.018616902923601207,0.016850325164570426
0.5,2048,128,6,cyclic,0.01844067591261599,0.018486919265974625,0.016850325164570426
0.5,2048,256,6,cyclic,0.018440143959615882,0.018452076657897585,0.016850325164570426
0.5,2048,1,7,with_replacement,0.05952376742841464,0.05185201209066445,0.016850325164570426
0.5,2048,2,7,with_replacement,0.02836588943953908,0.038496499629650925,0.016850325164570426
0.5,2048,4,7,with_replacement,0.022044133413195367,0.029271544260928144,0.016850325164570426
0.5,2048,8,7,with_replacement,0.02050254810122411,0.022806124236679663,0.016850325164570426
0.5,2048,16,7,with_replacement,0.016682990312914644,0.018867223607585373,0.016850325164570426
0.5,2048,32,7,with_replacement,0.01617863960400757,0.017033032935902803,0.016850325164570426
0.5,2048,64,7,with_replacement,0.016145366149801457,0.016385307171582313,0.016850325164570426
0.5,2048,128,7,with_replacement,0.01614347467749729,0.016201656934521403,0.016850325164570426
0.5,2048,256,7,with_replacement,0.016143373994997524,0.016155933510604376,0.016850325164570426
0.5,2048,1,7,reshuffle,0.049738456092575496,0.05378534223708425,0.016850325164570426
0.5,2048,2,7,reshuffle,0.04266528017792522,0.03922443187551769,0.016850325164570426
0.5,2048,4,7,reshuffle,0.020439011342750477,0.02831107647283178,0.016850325164570426
0.5,2048,8,7,reshuffle,0.01954431508549206,0.021876343858013615,0.016850325164570426
0.5,2048,16,7,reshuffle,0.016395708880626927,0.018388720331646166,0.016850325164570426
0.5,2048,32,7,reshuffle,0.016165544343641595,0.016849278190402266,0.016850325164570426
0.5,2048,64,7,reshuffle,0.016144499712092274,0.01632757549181599,0.016850325164570426
0.5,2048,128,7,reshuffle,0.016143393620513435,0.0161849625507025,0.016850325164570426
0.5,2048,256,7,reshuffle,0.016143373994168056,0.01615082799252335,0.016850325164570426
0.5,2048,1,7,cyclic,0.0345169172083777,0.05509783481351735,0.016850325164570426
0.5,2048,2,7,cyclic,0.02569460421045854,0.038671283807629415,0.016850325164570426
0.5,2048,4,7,cyclic,0.020503674842680595,0.02784581468093044,0.016850325164570426
0.5,2048,8,7,cyclic,0.017654352880812636,0.02154436686161873,0.016850325164570426
0.5,2048,16,7,cyclic,0.01651227980583145,0.018249104514096694,0.016850325164570426
0.5,2048,32,7,cyclic,0.016208505815753466,0.016804975947365203,0.016850325164570426
0.5,2048,64,7,cyclic,0.016148609427612523,0.01631461391126823,0.016850325164570426
0.5,2048,128,7,cyclic,0.016143433201903996,0.01618087738231312,0.016850325164570426
0.5,2048,256,7,cyclic,0.01614337399309204,0.016149426851275326,0.016850325164570426
0.5,2048,1,8,with_replacement,0.039489299205736246,0.0599567134219232,0.016850325164570426
0.5,2048,2,8,with_replacement,0.029712588255614097,0.04255697998021187,0.016850325164570426
0.5,2048,4,8,with_replacement,0.022467429794606752,0.03122653189191682,0.016850325164570426
0.5,2048,8,8,with_replacement,0.019149407266420185,0.023415810256513424,0.016850325164570426
0.5,2048,16,8,with_replacement,0.015622649384613895,0.018610908222401166,0.016850325164570426
0.5,2048,32,8,with_replacement,0.015016060151975083,0.016197315052569102,0.016850325164570426
0.5,2048,64,8,with_replacement,0.014957089567207437,0.015288125129377052,0.016850325164570426
0.5,2048,128,8,with_replacement,0.01495527434710643,0.015027708796127892,0.016850325164570426
0.5,2048,256,8,with_replacement,0.014955262144600984,0.014966882334831478,0.016850325164570426
0.5,2048,1,8,reshuffle,0.10199491948708987,0.05330490824557945,0.016850325164570426
0.5,2048,2,8,reshuffle,0.027718077886922037,0.03911238977882073,0.016850325164570426
0.5,2048,4,8,reshuffle,0.020768000857349995,0.02916284543159601,0.016850325164570426
0.5,2048,8,8,reshuffle,0.01689494568283405,0.02227827413982185,0.016850325164570426
0.5,2048,16,8,reshuffle,0.015368118434700866,0.018059162464928523,0.016850325164570426
0.5,2048,32,8,reshuffle,0.01508004740826314,0.015977616697289993,0.016850325164570426
0.5,2048,64,8,reshuffle,0.014956158683209247,0.015220386586150263,0.016850325164570426
0.5,2048,128,8,reshuffle,0.01495527731952007,0.015012287842307563,0.016850325164570426
0.5,2048,256,8,reshuffle,0.014955262695146427,0.014964284819544612,0.016850325164570426
0.5,2048,1,8,cyclic,0.03626853231407641,0.05813319319864675,0.016850325164570426
0.5,2048,2,8,cyclic,0.02733284205856117,0.04090484892463102,0.016850325164570426
0.5,2048,4,8,cyclic,0.020737522940864648,0.029890037875875092,0.016850325164570426
0.5,2048,8,8,cyclic,0.016902724824376675,0.02254765870934491,0.016850325164570426
0.5,2048,16,8,cyclic,0.015347166348916072,0.01811818144387179,0.016850325164570426
0.5,2048,32,8,cyclic,0.014990192448146346,0.01598487457853106,0.016850325164570426
0.5,2048,64,8,cyclic,0.014956343971065452,0.015220598712892717,0.016850325164570426
0.5,2048,128,8,cyclic,0.014955281931244494,0.015011803409661897,0.016850325164570426
0.5,2048,256,8,cyclic,0.014955262207044424,0.014963899476983752,0.016850325164570426
0.5,2048,1,9,with_replacement,0.03506262585585591,0.0556910591256618,0.016850325164570426
0.5,2048,2,9,with_replacement,0.03788077949725442,0.0391343288360528,0.016850325164570426
0.5,2048,4,9,with_replacement,0.06606780520480221,0.02954458412587759,0.016850325164570426
0.5,2048,8,9,with_replacement,0.01914422179924224,0.023591532689010743,0.016850325164570426
0.5,2048,16,9,with_replacement,0.01769378664893608,0.020016402491734933,0.016850325164570426
0.5,2048,32,9,with_replacement,0.017290693963546436,0.01817932432068392,0.016850325164570426
0.5,2048,64,9,with_replacement,0.017201825892575715,0.017493837411804988,0.016850325164570426
0.5,2048,128,9,with_replacement,0.017183150725527195,0.017275038076928616,0.016850325164570426
0.5,2048,256,9,with_replacement,0.017176610790704202,0.017206916505369006,0.016850325164570426
0.5,2048,1,9,reshuffle,0.03629660572440027,0.04970119922107858,0.016850325164570426
0.5,2048,2,9,reshuffle,0.026360448413751007,0.03691334608960242,0.016850325164570426
0.5,2048,4,9,reshuffle,0.021655455429320136,0.028400585053708422,0.016850325164570426
0.5,2048,8,9,reshuffle,0.018661113850037814,0.02285558960145479,0.016850325164570426
0.5,2048,16,9,reshuffle,0.017598908986281976,0.019591689896951595,0.016850325164570426
0.5,2048,32,9,reshuffle,0.017264082558280335,0.018036243281825733,0.016850325164570426
0.5,2048,64,9,reshuffle,0.01719801040530588,0.01744728634093713,0.016850325164570426
0.5,2048,128,9,reshuffle,0.017179868407380824,0.017260528149173095,0.016850325164570426
0.5,2048,256,9,reshuffle,0.017176459627944566,0.017202212127714167,0.016850325164570426
0.5,2048,1,9,cyclic,0.03443641705283497,0.05104356586288767,0.016850325164570426
0.5,2048,2,9,cyclic,0.026562255037717468,0.03825818277296926,0.016850325164570426
0.5,2048,4,9,cyclic,0.021621587160659064,0.029160085993968254,0.016850325164570426
0.5,2048,8,9,cyclic,0.018905374183832698,0.023317286256202437,0.016850325164570426
0.5,2048,16,9,cyclic,0.017702348927892856,0.01993354394262675,0.016850325164570426
0.5,2048,32,9,cyclic,0.017297298212976844,0.018244033230906478,0.016850325164570426
0.5,2048,64,9,cyclic,0.01719996536844422,0.017536964289612992,0.016850325164570426
0.5,2048,128,9,cyclic,0.017181000671895433,0.01728760738044033,0.016850325164570426
0.5,2048,256,9,cyclic,0.017176362284839337,0.017209221296200186,0.016850325164570426
0.75,2048,1,0,with_replacement,0.038084982677953634,0.05322732767677194,0.012859312269799559
0.75,2048,2,0,with_replacement,0.05063932950603479,0.04012539339492831,0.012859312269799559
0.75,2048,4,0,with_replacement,0.024244833729102667,0.03083706133339504,0.012859312269799559
0.75,2048,8,0,with_replacement,0.017020530970006706,0.023566411141943817,0.012859312269799559
0.75,2048,16,0,with_replacement,0.014303479767299555,0.018296320944786407,0.012859312269799559
0.75,2048,32,0,with_replacement,0.013340102011423561,0.015106334923319344,0.012859312269799559
0.75,2048,64,0,with_replacement,0.013180869427999014,0.013742779361149642,0.012859312269799559
0.75,2048,128,0,with_replacement,0.01314673153255767,0.013305361770968872,0.012859312269799559
0.75,2048,256,0,with_replacement,0.013144409189891518,0.013184517539125907,0.012859312269799559
0.75,2048,1,0,reshuffle,0.03927502785604669,0.054006675597050094,0.012859312269799559
0.75,2048,2,0,reshuffle,0.027794422880937888,0.03991101551105249,0.012859312269799559
0.75,2048,4,0,reshuffle,0.0232129094559177,0.029924653317224638,0.012859312269799559
0.75,2048,8,0,reshuffle,0.016742434303776886,0.022688493281236344,0.012859312269799559
0.75,2048,16,0,reshuffle,0.018296400755041884,0.017635126060211732,0.012859312269799559
0.75,2048,32,0,reshuffle,0.013306192138177695,0.014794212012211257,0.012859312269799559
0.75,2048,64,0,reshuffle,0.01320733292325109,0.013645091491672793,0.012859312269799559
0.75,2048,128,0,reshuffle,0.013146895166321155,0.013279645456908329,0.012859312269799559
0.75,2048,256,0,reshuffle,0.013144312934062829,0.013178075731792343,0.012859312269799559
0.75,2048,1,0,cyclic,0.03781702387716817,0.05250966172077709,0.012859312269799559
0.75,2048,2,0,cyclic,0.028761241821937383,0.03924732155799207,0.012859312269799559
0.75,2048,4,0,cyclic,0.0218482925321623,0.029761568645851225,0.012859312269799559
0.75,2048,8,0,cyclic,0.016966983443145935,0.022632507041121172,0.012859312269799559
0.75,2048,16,0,cyclic,0.01442833648490786,0.01760837730207436,0.012859312269799559
0.75,2048,32,0,cyclic,0.013565941520080428,0.014791843567124669,0.012859312269799559
0.75,2048,64,0,cyclic,0.013268610303481346,0.013643746636578918,0.012859312269799559
0.75,2048,128,0,cyclic,0.013159882396416186,0.01328001277772573,0.012859312269799559
0.75,2048,256,0,cyclic,0.0131445258668389,0.013178301480026673,0.012859312269799559
0.75,2048,1,1,with_replacement,0.03883974477139598,0.05608759061564166,0.012859312269799559
0.75,2048,2,1,with_replacement,0.029841361928037935,0.04111965756010687,0.012859312269799559
0.75,2048,4,1,with_replacement,0.021827445676183957,0.030455591429205835,0.012859312269799559
0.75,2048,8,1,with_replacement,0.017734658435090388,0.023239660462321197,0.012859312269799559
0.75,2048,16,1,with_replacement,0.015995400520953433,0.01883588498565913,0.012859312269799559
0.75,2048,32,1,with_replacement,0.015274269103354597,0.01651785185706868,0.012859312269799559
0.75,2048,64,1,with_replacement,0.015055810706252438,0.015514217793097185,0.012859312269799559
0.75,2048,128,1,with_replacement,0.015022086729640569,0.01517035316930763,0.012859312269799559
0.75,2048,256,1,with_replacement,0.015017151619741166,0.015063135448159843,0.012859312269799559
0.75,2048,1,1,reshuffle,0.034846677252546976,0.049518966189095,0.012859312269799559
0.75,2048,2,1,reshuffle,0.02663135828094103,0.037142181107861,0.012859312269799559
0.75,2048,4,1,reshuffle,0.02143104801141924,0.028096268811579724,0.012859312269799559
0.75,2048,8,1,reshuffle,0.01807917416833122,0.022170381237092487,0.012859312269799559
0.75,2048,16,1,reshuffle,0.01577896101741343,0.018398458919462363,0.012859312269799559
0.75,2048,32,1,reshuffle,0.015172884689440265,0.01635226458720226,0.012859312269799559
0.75,2048,64,1,reshuffle,0.0150415428479211,0.015459637774361941,0.012859312269799559
0.75,2048,128,1,reshuffle,0.015021173686944465,0.01515103354847135,0.012859312269799559
0.75,2048,256,1,reshuffle,0.015017071389242815,0.01505688279651395,0.012859312269799559
0.75,2048,1,1,cyclic,0.03487049192552962,0.05359507575278223,0.012859312269799559
0.75,2048,2,1,cyclic,0.02625280043005199,0.03803636178868966,0.012859312269799559
0.75,2048,4,1,cyclic,0.020854712141535975,0.028427048004623996,0.012859312269799559
0.75,2048,8,1,cyclic,0.01751701549664261,0.0223291996602554,0.012859312269799559
0.75,2048,16,1,cyclic,0.01580249688648023,0.018500459551180074,0.012859312269799559
0.75,2048,32,1,cyclic,0.015182486122698917,0.016398630282232714,0.012859312269799559
0.75,2048,64,1,cyclic,0.015047885145511971,0.015474830161646757,0.012859312269799559
0.75,2048,128,1,cyclic,0.015021309691783905,0.015154942793120787,0.012859312269799559
0.75,2048,256,1,cyclic,0.015017110685274029,0.01505764478083491,0.012859312269799559
0.75,2048,1,2,with_replacement,0.03989432600949942,0.05387580470656121,0.012859312269799559
0.75,2048,2,2,with_replacement,0.029283586305388416,0.039897836855142116,0.012859312269799559
0.75,2048,4,2,with_replacement,0.02119293728884597,0.029611104573104688,0.012859312269799559
0.75,2048,8,2,with_replacement,0.015339639168045727,0.021504449994910482,0.012859312269799559
0.75,2048,16,2,with_replacement,0.013124045442822516,0.01659058248031247,0.012859312269799559
0.75,2048,32,2,with_replacement,0.012217534762907179,0.013868458591832456,0.012859312269799559
0.75,2048,64,2,with_replacement,0.012028424807910063,0.012641724863438807,0.012859312269799559
0.75,2048,128,2,with_replacement,0.0120343731998193,0.012190433390630459,0.012859312269799559
0.75,2048,256,2,with_replacement,0.012004862342172401,0.012055301252372376,0.012859312269799559
0.75,2048,1,2,reshuffle,0.0337667596038462,0.048365286458872454,0.012859312269799559
0.75,2048,2,2,reshuffle,0.025433329707952448,0.03630878357178632,0.012859312269799559
0.75,2048,4,2,reshuffle,0.019528812221178193,0.027355836107136454,0.012859312269799559
0.75,2048,8,2,reshuffle,0.015074676030414489,0.020640272234295196,0.012859312269799559
0.75,2048,16,2,reshuffle,0.014446620521478925,0.016203835705513692,0.012859312269799559
0.75,2048,32,2,reshuffle,0.01218630551893829,0.0136770304482935,0.012859312269799559
0.75,2048,64,2,reshuffle,0.012022302539915845,0.01254819130617656,0.012859312269799559
0.75,2048,128,2,reshuffle,0.012010780486179413,0.012159808642340512,0.012859312269799559
0.75,2048,256,2,reshuffle,0.012004408077999492,0.012046842089601164,0.012859312269799559
0.75,2048,1,2,cyclic,0.033979218642134414,0.0511563825457147,0.012859312269799559
0.75,2048,2,2,cyclic,0.025191196200556275,0.03749904424343687,0.012859312269799559
0.75,2048,4,2,cyclic,0.018915707711182488,0.027638218697746235,0.012859312269799559
0.75,2048,8,2,cyclic,0.014991274491530074,0.0206418595869137,0.012859312269799559
0.75,2048,16,2,cyclic,0.012949414889734142,0.016144655661364884,0.012859312269799559
0.75,2048,32,2,cyclic,0.012188050522868785,0.013649728254870241,0.012859312269799559
0.75,2048,64,2,cyclic,0.012028279909252688,0.01254244324925412,0.012859312269799559
0.75,2048,128,2,cyclic,0.012008160425632814,0.012160389900216064,0.012859312269799559
0.75,2048,256,2,cyclic,0.01200409011274404,0.012047356261707129,0.012859312269799559
0.75,2048,1,3,with_replacement,0.037662110326198914,0.05359581052983018,0.012859312269799559
0.75,2048,2,3,with_replacement,0.02662664234479783,0.03792707295630069,0.012859312269799559
0.75,2048,4,3,with_replacement,0.02021627937126157,0.027762071468368656,0.012859312269799559
0.75,2048,8,3,with_replacement,0.016379082894729502,0.021320248280941426,0.012859312269799559
0.75,2048,16,3,with_replacement,0.01477672761302235,0.017315259379046332,0.012859312269799559
0.75,2048,32,3,with_replacement,0.014152075601643825,0.015244396204272965,0.012859312269799559
0.75,2048,64,3,with_replacement,0.01406823441215166,0.014405328284440695,0.012859312269799559
0.75,2048,128,3,with_replacement,0.014050630703169672,0.014140236046788093,0.012859312269799559
0.75,2048,256,3,with_replacement,0.014049245371388198,0.014069648488760631,0.012859312269799559
0.75,2048,1,3,reshuffle,0.03451722992146116,0.0501344537505725,0.012859312269799559
0.75,2048,2,3,reshuffle,0.029408512025758917,0.035284681452714,0.012859312269799559
0.75,2048,4,3,reshuffle,0.01972573383589913,0.026390531274895455,0.012859312269799559
0.75,2048,8,3,reshuffle,0.016362424101583978,0.020741825525650192,0.012859312269799559
0.75,2048,16,3,reshuffle,0.015202401678441014,0.017133707861619323,0.012859312269799559
0.75,2048,32,3,reshuffle,0.014231508445246541,0.015177186687916767,0.012859312269799559
0.75,2048,64,3,reshuffle,0.014085247511161872,0.014381568177532314,0.012859312269799559
0.75,2048,128,3,reshuffle,0.014050092747491316,0.014134775071664153,0.012859312269799559
0.75,2048,256,3,reshuffle,0.014049232508239844,0.014068970125228814,0.012859312269799559
0.75,2048,1,3,cyclic,0.03370795684219795,0.04855656963966399,0.012859312269799559
0.75,2048,2,3,cyclic,0.02575622816131938,0.035319947112559764,0.012859312269799559
0.75,2048,4,3,cyclic,0.020421828621526753,0.02671830923593001,0.012859312269799559
0.75,2048,8,3,cyclic,0.01681142931997851,0.020999897066551552,0.012859312269799559
0.75,2048,16,3,cyclic,0.01488037976002589,0.017293484672355315,0.012859312269799559
0.75,2048,32,3,cyclic,0.014204315737542595,0.015256879688335334,0.012859312269799559
0.75,2048,64,3,cyclic,0.014066648437671308,0.014411694714327657,0.012859312269799559
0.75,2048,128,3,cyclic,0.01405029695096376,0.014143550790349511,0.012859312269799559
0.75,2048,256,3,cyclic,0.014049234121383718,0.014071041480305416,0.012859312269799559
0.75,2048,1,4,with_replacement,0.03640541053088772,0.05242952835921053,0.012859312269799559
0.75,2048,2,4,with_replacement,0.02815590415825155,0.03735633349843556,0.012859312269799559
0.75,2048,4,4,with_replacement,0.01993032920073077,0.027360507073217917,0.012859312269799559
0.75,2048,8,4,with_replacement,0.015405408947041213,0.02070730180492906,0.012859312269799559
0.75,2048,16,4,with_replacement,0.013602249354355177,0.016483001391996904,0.012859312269799559
0.75,2048,32,4,with_replacement,0.012974265639204367,0.014232404826680338,0.012859312269799559
0.75,2048,64,4,with_replacement,0.012727431201753306,0.013231455973362383,0.012859312269799559
0.75,2048,128,4,with_replacement,0.012660705708290022,0.012837118064856832,0.012859312269799559
0.75,2048,256,4,with_replacement,0.01265085114318602,0.012705205526964252,0.012859312269799559
0.75,2048,1,4,reshuffle,0.034834590684180725,0.0505117054565311,0.012859312269799559
0.75,2048,2,4,reshuffle,0.04141697948157171,0.036126386023957284,0.012859312269799559
0.75,2048,4,4,reshuffle,0.024056067414085253,0.026419560633927107,0.012859312269799559
0.75,2048,8,4,reshuffle,0.015369721857835,0.020162564209746225,0.012859312269799559
0.75,2048,16,4,reshuffle,0.013602593589710993,0.016246840031228463,0.012859312269799559
0.75,2048,32,4,reshuffle,0.01288074885328466,0.014128692670625125,0.012859312269799559
0.75,2048,64,4,reshuffle,0.012692681522372944,0.013173282562372119,0.012859312269799559
0.75,2048,128,4,reshuffle,0.012659295159917709,0.01281409404526529,0.012859312269799559
0.75,2048,256,4,reshuffle,0.012650317705970011,0.01269732905236896,0.012859312269799559
0.75,2048,1,4,cyclic,0.03328687828374838,0.05221124571296778,0.012859312269799559
0.75,2048,2,4,cyclic,0.02496477469679226,0.037559738723355544,0.012859312269799559
0.75,2048,4,4,cyclic,0.018988522245445307,0.027530403155760032,0.012859312269799559
0.75,2048,8,4,cyclic,0.015333808667499248,0.020704427921137948,0.012859312269799559
0.75,2048,16,4,cyclic,0.013564482191587188,0.016478595268747863,0.012859312269799559
0.75,2048,32,4,cyclic,0.012911457887364901,0.014222160586361977,0.012859312269799559
0.75,2048,64,4,cyclic,0.012699803606695615,0.013212962129445345,0.012859312269799559
0.75,2048,128,4,cyclic,0.012655927611078388,0.01282618107418013,0.012859312269799559
0.75,2048,256,4,cyclic,0.012649816612248396,0.012699577556081712,0.012859312269799559
0.75,2048,1,5,with_replacement,0.040013365944447626,0.051115859968545715,0.012859312269799559
0.75,2048,2,5,with_replacement,0.028761788793899744,0.03844781791139612,0.012859312269799559
0.75,2048,4,5,with_replacement,0.020494247632420037,0.02893353584313091,0.012859312269799559
0.75,2048,8,5,with_replacement,0.01588316942596041,0.021618338132753028,0.012859312269799559
0.75,2048,16,5,with_replacement,0.013018307509508546,0.01651796593856498,0.012859312269799559
0.75,2048,32,5,with_replacement,0.01226735891219607,0.01372966419802251,0.012859312269799559
0.75,2048,64,5,with_replacement,0.012027574104554493,0.012541232455134404,0.012859312269799559
0.75,2048,128,5,with_replacement,0.01200445999787956,0.012147007269671333,0.012859312269799559
0.75,2048,256,5,with_replacement,0.012002356122423452,0.012038888944422566,0.012859312269799559
0.75,2048,1,5,reshuffle,0.035796601445757234,0.04550844504915519,0.012859312269799559
0.75,2048,2,5,reshuffle,0.0457087795326945,0.03373581385207294,0.012859312269799559
0.75,2048,4,5,reshuffle,0.01996868665160483,0.025470023957865837,0.012859312269799559
0.75,2048,8,5,reshuffle,0.014662757722169881,0.01965768557097889,0.012859312269799559
0.75,2048,16,5,reshuffle,0.012944704812113808,0.015674725621702926,0.012859312269799559
0.75,2048,32,5,reshuffle,0.012119803161459042,0.013428910974649938,0.012859312269799559
0.75,2048,64,5,reshuffle,0.012102964183699,0.012445452622047552,0.012859312269799559
0.75,2048,128,5,reshuffle,0.012003611538430875,0.012121581929151705,0.012859312269799559
0.75,2048,256,5,reshuffle,0.012002383591789264,0.0120324334520522,0.012859312269799559
0.75,2048,1,5,cyclic,0.1771911064742945,0.04763708461305508,0.012859312269799559
0.75,2048,2,5,cyclic,0.07899385510755534,0.03453646144945199,0.012859312269799559
0.75,2048,4,5,cyclic,0.034796297555145454,0.025834451504264805,0.012859312269799559
0.75,2048,8,5,cyclic,0.018432000319183843,0.019790787449087077,0.012859312269799559
0.75,2048,16,5,cyclic,0.013579110775787,0.01575025110560879,0.012859312269799559
0.75,2048,32,5,cyclic,0.012180970595795801,0.013444184704316514,0.012859312269799559
0.75,2048,64,5,cyclic,0.01201142069255003,0.012443781100521918,0.012859312269799559
0.75,2048,128,5,cyclic,0.012002823728308172,0.012119480616094639,0.012859312269799559
0.75,2048,256,5,cyclic,0.01200232249044577,0.012031487974863916,0.012859312269799559
0.75,2048,1,6,with_replacement,0.04033309942906836,0.05287920785419546,0.012859312269799559
0.75,2048,2,6,with_replacement,0.031787867638102985,0.03894645664669549,0.012859312269799559
0.75,2048,4,6,with_replacement,0.020893199080745342,0.029397056502906374,0.012859312269799559
0.75,2048,8,6,with_replacement,0.016297949659169527,0.022180573154051877,0.012859312269799559
0.75,2048,16,6,with_replacement,0.014527946434784705,0.01755668984066453,0.012859312269799559
0.75,2048,32,6,with_replacement,0.01355537567189943,0.015006950933570571,0.012859312269799559
0.75,2048,64,6,with_replacement,0.013481945273742479,0.013895047544176635,0.012859312269799559
0.75,2048,128,6,with_replacement,0.013378564901001302,0.013516012740925405,0.012859312269799559
0.75,2048,256,6,with_replacement,0.013351666203291267,0.013396424287535612,0.012859312269799559
0.75,2048,1,6,reshuffle,0.03342296215655371,0.050932819796313644,0.012859312269799559
0.75,2048,2,6,reshuffle,0.026447854351460635,0.03655681718120103,0.012859312269799559
0.75,2048,4,6,reshuffle,0.019882787758292053,0.02734347602213791,0.012859312269799559
0.75,2048,8,6,reshuffle,0.017744893565734172,0.021172505085985914,0.012859312269799559
0.75,2048,16,6,reshuffle,0.014173937859895978,0.017116247394310384,0.012859312269799559
0.75,2048,32,6,reshuffle,0.013514273841442347,0.014816660073536407,0.012859312269799559
0.75,2048,64,6,reshuffle,0.013399837138291064,0.013829721431643916,0.012859312269799559
0.75,2048,128,6,reshuffle,0.013355994435365446,0.013493653364512737,0.012859312269799559
0.75,2048,256,6,reshuffle,0.013351091537170396,0.013389824188652106,0.012859312269799559
0.75,2048,1,6,cyclic,0.034830155270174704,0.050790530373271,0.012859312269799559
0.75,2048,2,6,cyclic,0.025714266357648907,0.03735286111952853,0.012859312269799559
0.75,2048,4,6,cyclic,0.019858324310960917,0.027706070942630633,0.012859312269799559
0.75,2048,8,6,cyclic,0.01619319760438959,0.02128281277556511,0.012859312269799559
0.75,2048,16,6,cyclic,0.01416656478967697,0.017198897746258306,0.012859312269799559
0.75,2048,32,6,cyclic,0.013507636035560181,0.01486840898979574,0.012859312269799559
0.75,2048,64,6,cyclic,0.0133835305795563,0.01385067904239026,0.012859312269799559
0.75,2048,128,6,cyclic,0.013355781327069556,0.013501819603555574,0.012859312269799559
0.75,2048,256,6,cyclic,0.013351126652560606,0.013393222345788483,0.012859312269799559
0.75,2048,1,7,with_replacement,0.04646653801295887,0.04967533664877528,0.012859312269799559
0.75,2048,2,7,with_replacement,0.025742852122485654,0.03606271954747028,0.012859312269799559
0.75,2048,4,7,with_replacement,0.021046935423044925,0.026789851977215024,0.012859312269799559
0.75,2048,8,7,with_replacement,0.016902096271397053,0.020796912543077264,0.012859312269799559
0.75,2048,16,7,with_replacement,0.0138185919137592,0.016857759742972142,0.012859312269799559
0.75,2048,32,7,with_replacement,0.01309650946192069,0.014445001198060407,0.012859312269799559
0.75,2048,64,7,with_replacement,0.01287846925684544,0.013329244904109333,0.012859312269799559
0.75,2048,128,7,with_replacement,0.012755209544400464,0.012925910081613472,0.012859312269799559
0.75,2048,256,7,with_replacement,0.01274869693712642,0.01279867536232007,0.012859312269799559
0.75,2048,1,7,reshuffle,0.0346491622349016,0.05196946751660011,0.012859312269799559
0.75,2048,2,7,reshuffle,0.03139451854789923,0.036874977832814744,0.012859312269799559
0.75,2048,4,7,reshuffle,0.01917211293006604,0.026903438505201663,0.012859312269799559
0.75,2048,8,7,reshuffle,0.015670952564586928,0.020479557123867863,0.012859312269799559
0.75,2048,16,7,reshuffle,0.013677681726753935,0.01654222591620609,0.012859312269799559
0.75,2048,32,7,reshuffle,0.012970606600440235,0.014292820840578,0.012859312269799559
0.75,2048,64,7,reshuffle,0.01278391159796658,0.013267734480573553,0.012859312269799559
0.75,2048,128,7,reshuffle,0.012752541531208273,0.012904653792218385,0.012859312269799559
0.75,2048,256,7,reshuffle,0.012748560946417185,0.012792349636456516,0.012859312269799559
0.75,2048,1,7,cyclic,0.038606647979203365,0.05297671799499607,0.012859312269799559
0.75,2048,2,7,cyclic,0.02711520830124335,0.037002873698444134,0.012859312269799559
0.75,2048,4,7,cyclic,0.020217976032938123,0.026749054131255633,0.012859312269799559
0.75,2048,8,7,cyclic,0.01574800568162043,0.020425575337128368,0.012859312269799559
0.75,2048,16,7,cyclic,0.01366015458244365,0.01649171495554076,0.012859312269799559
0.75,2048,32,7,cyclic,0.012983374722503317,0.014264897857600866,0.012859312269799559
0.75,2048,64,7,cyclic,0.012792871148928605,0.01326556607674653,0.012859312269799559
0.75,2048,128,7,cyclic,0.012755036954643287,0.012907761846381318,0.012859312269799559
0.75,2048,256,7,cyclic,0.012749112040545404,0.012795119042374433,0.012859312269799559
0.75,2048,1,8,with_replacement,0.038667644838801266,0.055626432984341924,0.012859312269799559
0.75,2048,2,8,with_replacement,0.02732915250705452,0.039794443351899765,0.012859312269799559
0.75,2048,4,8,with_replacement,0.018942075624176616,0.028401388528001906,0.012859312269799559
0.75,2048,8,8,with_replacement,0.01520341300400069,0.02070130108737675,0.012859312269799559
0.75,2048,16,8,with_replacement,0.012794756230676906,0.016011085281406285,0.012859312269799559
0.75,2048,32,8,with_replacement,0.012119594166080465,0.0134865355029636,0.012859312269799559
0.75,2048,64,8,with_replacement,0.012080238209473338,0.012435850421464478,0.012859312269799559
0.75,2048,128,8,with_replacement,0.012049696996736163,0.012108057305615934,0.012859312269799559
0.75,2048,256,8,with_replacement,0.011995220605519477,0.012021338567981694,0.012859312269799559
0.75,2048,1,8,reshuffle,0.03549176675721203,0.05019243971417604,0.012859312269799559
0.75,2048,2,8,reshuffle,0.03309279364578172,0.03731113624679512,0.012859312269799559
0.75,2048,4,8,reshuffle,0.019980310373231468,0.027317322574991046,0.012859312269799559
0.75,2048,8,8,reshuffle,0.015356989613585392,0.020082039690148833,0.012859312269799559
0.75,2048,16,8,reshuffle,0.01265069227891863,0.015653868667418976,0.012859312269799559
0.75,2048,32,8,reshuffle,0.012317135304733889,0.013339628316121156,0.012859312269799559
0.75,2048,64,8,reshuffle,0.012739070562160072,0.012390578689806728,0.012859312269799559
0.75,2048,128,8,reshuffle,0.011996106913292951,0.012095725033835424,0.012859312269799559
0.75,2048,256,8,reshuffle,0.011994880807405916,0.012018161503077027,0.012859312269799559
0.75,2048,1,8,cyclic,0.03538782975905507,0.053994050004770915,0.012859312269799559
0.75,2048,2,8,cyclic,0.025137830292169407,0.03837120727959436,0.012859312269799559
0.75,2048,4,8,cyclic,0.018255451400127572,0.027483434154898928,0.012859312269799559
0.75,2048,8,8,cyclic,0.014485434155488435,0.020104271451486536,0.012859312269799559
0.75,2048,16,8,cyclic,0.01267600335693281,0.01566786789613637,0.012859312269799559
0.75,2048,32,8,cyclic,0.012096961728792557,0.013352413572506749,0.012859312269799559
0.75,2048,64,8,cyclic,0.012007042533426321,0.012397263499606367,0.012859312269799559
0.75,2048,128,8,cyclic,0.011996302652020958,0.01209859807756046,0.012859312269799559
0.75,2048,256,8,cyclic,0.0119947101088076,0.012019266338998724,0.012859312269799559
0.75,2048,1,9,with_replacement,0.038559408046715586,0.0552083484524947,0.012859312269799559
0.75,2048,2,9,with_replacement,0.03282415298341181,0.041249605431392306,0.012859312269799559
0.75,2048,4,9,with_replacement,0.022161291892117557,0.03101539864951383,0.012859312269799559
0.75,2048,8,9,with_replacement,0.018013209586884724,0.023680999690847745,0.012859312269799559
0.75,2048,16,9,with_replacement,0.017224530260108013,0.019030615475919933,0.012859312269799559
0.75,2048,32,9,with_replacement,0.015584903745335443,0.016393760856407136,0.012859312269799559
0.75,2048,64,9,with_replacement,0.014801163161271511,0.01527810562501667,0.012859312269799559
0.75,2048,128,9,with_replacement,0.014773941564653923,0.014910521067730095,0.012859312269799559
0.75,2048,256,9,with_replacement,0.014773059586104548,0.014807850633118493,0.012859312269799559
0.75,2048,1,9,reshuffle,0.05859436171135588,0.052049964969379116,0.012859312269799559
0.75,2048,2,9,reshuffle,0.02700902542481425,0.03832335612167614,0.012859312269799559
0.75,2048,4,9,reshuffle,0.028762537739474858,0.029065859426449576,0.012859312269799559
0.75,2048,8,9,reshuffle,0.020287509751638996,0.022579873903426088,0.012859312269799559
0.75,2048,16,9,reshuffle,0.015687869898728377,0.018425710772555903,0.012859312269799559
0.75,2048,32,9,reshuffle,0.014981734632664922,0.01616068388859971,0.012859312269799559
0.75,2048,64,9,reshuffle,0.014792132979974216,0.01520397816668258,0.012859312269799559
0.75,2048,128,9,reshuffle,0.014774469440999033,0.014890364670811614,0.012859312269799559
0.75,2048,256,9,reshuffle,0.014772988621565397,0.014802701535947123,0.012859312269799559
0.75,2048,1,9,cyclic,0.14903227327014426,0.05308959655212566,0.012859312269799559
0.75,2048,2,9,cyclic,0.061961493180938534,0.0387767987024611,0.012859312269799559
0.75,2048,4,9,cyclic,0.02981083856911203,0.02919063777299964,0.012859312269799559
0.75,2048,8,9,cyclic,0.01878667872983332,0.02267567296996026,0.012859312269799559
0.75,2048,16,9,cyclic,0.015668961570664837,0.018509549031234838,0.012859312269799559
0.75,2048,32,9,cyclic,0.014988067471838994,0.01621781792020018,0.012859312269799559
0.75,2048,64,9,cyclic,0.01481775642868363,0.015232279081434753,0.012859312269799559
0.75,2048,128,9,cyclic,0.014777072872040558,0.014900824970376841,0.012859312269799559
0.75,2048,256,9,cyclic,0.014773031574440309,0.014805650355283856,0.012859312269799559
1.0,2048,1,0,with_replacement,0.03405997296033098,0.04971229050148289,0.010615239454383585
1.0,2048,2,0,with_replacement,0.02815476514024364,0.03677437470832145,0.010615239454383585
1.0,2048,4,0,with_replacement,0.02305875079194772,0.028105101502780998,0.010615239454383585
1.0,2048,8,0,with_replacement,0.019381286739676824,0.02143742897546091,0.010615239454383585
1.0,2048,16,0,with_replacement,0.012693379149566423,0.016464422102881425,0.010615239454383585
1.0,2048,32,0,with_replacement,0.011536370654247431,0.013383338437869053,0.010615239454383585
1.0,2048,64,0,with_replacement,0.011298548651748569,0.011913391766085447,0.010615239454383585
1.0,2048,128,0,with_replacement,0.011172609106785214,0.011381619059998323,0.010615239454383585
1.0,2048,256,0,with_replacement,0.011168724862362587,0.011223792610796899,0.010615239454383585
1.0,2048,1,0,reshuffle,0.035583712024834575,0.0505885856302198,0.010615239454383585
1.0,2048,2,0,reshuffle,0.027692461905249783,0.037343645946267726,0.010615239454383585
1.0,2048,4,0,reshuffle,0.02068064391973809,0.028061774979840165,0.010615239454383585
1.0,2048,8,0,reshuffle,0.015962515248246052,0.021221468868043568,0.010615239454383585
1.0,2048,16,0,reshuffle,0.012914374075210221,0.016280965620412938,0.010615239454383585
1.0,2048,32,0,reshuffle,0.011657969263728881,0.013273066634705092,0.010615239454383585
1.0,2048,64,0,reshuffle,0.01126828395939189,0.011867411072652479,0.010615239454383585
1.0,2048,128,0,reshuffle,0.011194948717782099,0.011366977269494755,0.010615239454383585
1.0,2048,256,0,reshuffle,0.011168586838980539,0.011219934146729131,0.010615239454383585
1.0,2048,1,0,cyclic,0.04074782724928192,0.050150433502635074,0.010615239454383585
1.0,2048,2,0,cyclic,0.029480974636855034,0.037247807521355515,0.010615239454383585
1.0,2048,4,0,cyclic,0.021602863452932792,0.027929523158864086,0.010615239454383585
1.0,2048,8,0,cyclic,0.0159899086219983,0.021100077623563435,0.010615239454383585
1.0,2048,16,0,cyclic,0.012746786764108857,0.016250408090826493,0.010615239454383585
1.0,2048,32,0,cyclic,0.011476974700960318,0.013291394534632774,0.010615239454383585
1.0,2048,64,0,cyclic,0.011217968922797498,0.011880633796380907,0.010615239454383585
1.0,2048,128,0,cyclic,0.011176803361980986,0.011371160436704336,0.010615239454383585
1.0,2048,256,0,cyclic,0.011168592739783939,0.011221211806937692,0.010615239454383585
1.0,2048,1,1,with_replacement,0.04278194691023902,0.05556515571271945,0.010615239454383585
1.0,2048,2,1,with_replacement,0.028812320909258466,0.03970130325530579,0.010615239454383585
1.0,2048,4,1,with_replacement,0.02118900642511589,0.029299364414499547,0.010615239454383585
1.0,2048,8,1,with_replacement,0.01637312932272763,0.021991848420552466,0.010615239454383585
1.0,2048,16,1,with_replacement,0.013611190985270754,0.01717097669596648,0.010615239454383585
1.0,2048,32,1,with_replacement,0.01206751513501313,0.014130673596593743,0.010615239454383585
1.0,2048,64,1,with_replacement,0.011685936050282134,0.01252082876522169,0.010615239454383585
1.0,2048,128,1,with_replacement,0.011623104282607351,0.011882227195916325,0.010615239454383585
1.0,2048,256,1,with_replacement,0.011604059116279883,0.0116810522773331,0.010615239454383585
1.0,2048,1,1,reshuffle,0.03490965543697329,0.05187775501018693,0.010615239454383585
1.0,2048,2,1,reshuffle,0.02607849404852237,0.03747046228775589,0.010615239454383585
1.0,2048,4,1,reshuffle,0.020677050233667976,0.027644017941915944,0.010615239454383585
1.0,2048,8,1,reshuffle,0.018943041726863105,0.02107717861404597,0.010615239454383585
1.0,2048,16,1,reshuffle,0.013482696841151706,0.016627255128912822,0.010615239454383585
1.0,2048,32,1,reshuffle,0.011989020688796447,0.013843236428860203,0.010615239454383585
1.0,2048,64,1,reshuffle,0.011764963099924381,0.012397863414284418,0.010615239454383585
1.0,2048,128,1,reshuffle,0.012028274278852643,0.011844528227809214,0.010615239454383585
1.0,2048,256,1,reshuffle,0.011603468548631472,0.011670949557523137,0.010615239454383585
1.0,2048,1,1,cyclic,0.04338238932222372,0.05152291897517869,0.010615239454383585
1.0,2048,2,1,cyclic,0.03467724458881278,0.03749981932900074,0.010615239454383585
1.0,2048,4,1,cyclic,0.027391968631743997,0.027701336442244914,0.010615239454383585
1.0,2048,8,1,cyclic,0.02058320045350497,0.021171107680813903,0.010615239454383585
1.0,2048,16,1,cyclic,0.015548659630610065,0.016729611934334043,0.010615239454383585
1.0,2048,32,1,cyclic,0.013067653803936421,0.013894409489043752,0.010615239454383585
1.0,2048,64,1,cyclic,0.012079893494397321,0.012422987468544219,0.010615239454383585
1.0,2048,128,1,cyclic,0.011683002024943155,0.01185331091990865,0.010615239454383585
1.0,2048,256,1,cyclic,0.01160588682358542,0.011673183233522485,0.010615239454383585
1.0,2048,1,2,with_replacement,0.038957763445417966,0.053493738899666306,0.010615239454383585
1.0,2048,2,2,with_replacement,0.027192254649043054,0.038184967142305064,0.010615239454383585
1.0,2048,4,2,with_replacement,0.022717299767610867,0.0272236960377201,0.010615239454383585
1.0,2048,8,2,with_replacement,0.014779977981900946,0.019791749902334566,0.010615239454383585
1.0,2048,16,2,with_replacement,0.012750130014098528,0.015285038237373665,0.010615239454383585
1.0,2048,32,2,with_replacement,0.011404509776416646,0.012784731376640785,0.010615239454383585
1.0,2048,64,2,with_replacement,0.010962716335203534,0.01157659848886692,0.010615239454383585
1.0,2048,128,2,with_replacement,0.010923514054397721,0.011114640209306602,0.010615239454383585
1.0,2048,256,2,with_replacement,0.010917843054252183,0.010971949487480074,0.010615239454383585
1.0,2048,1,2,reshuffle,0.03480982782569006,0.048029785600596626,0.010615239454383585
1.0,2048,2,2,reshuffle,0.02330003133851257,0.034867414988189085,0.010615239454383585
1.0,2048,4,2,reshuffle,0.01763366002364446,0.025351001947486115,0.010615239454383585
1.0,2048,8,2,reshuffle,0.01424889172381814,0.018968278882715774,0.010615239454383585
1.0,2048,16,2,reshuffle,0.01204536797893668,0.014955870459192071,0.010615239454383585
1.0,2048,32,2,reshuffle,0.011354239201235657,0.012646500480357538,0.010615239454383585
1.0,2048,64,2,reshuffle,0.011313751554914507,0.01152340935681152,0.010615239454383585
1.0,2048,128,2,reshuffle,0.01092165535904922,0.011097328124567747,0.010615239454383585
1.0,2048,256,2,reshuffle,0.01091776828819705,0.010967045193986455,0.010615239454383585
1.0,2048,1,2,cyclic,0.060773214300149966,0.04971885111866433,0.010615239454383585
1.0,2048,2,2,cyclic,0.04771560426448357,0.03585296821992569,0.010615239454383585
1.0,2048,4,2,cyclic,0.03718915160505288,0.02582932378281232,0.010615239454383585
1.0,2048,8,2,cyclic,0.02743786709728369,0.01919463473426778,0.010615239454383585
1.0,2048,16,2,cyclic,0.01826692413996322,0.01506551431562877,0.010615239454383585
1.0,2048,32,2,cyclic,0.012567016850641042,0.012701985227529116,0.010615239454383585
1.0,2048,64,2,cyclic,0.011041851465251645,0.011552427330003378,0.010615239454383585
1.0,2048,128,2,cyclic,0.010922520811784197,0.011109455878612748,0.010615239454383585
1.0,2048,256,2,cyclic,0.010917814229242257,0.010970824746697186,0.010615239454383585
1.0,2048,1,3,with_replacement,0.035312885582327626,0.05329827480703252,0.010615239454383585
1.0,2048,2,3,with_replacement,0.027859019397291112,0.03767937881728867,0.010615239454383585
1.0,2048,4,3,with_replacement,0.02149096000949905,0.027408305373608447,0.010615239454383585
1.0,2048,8,3,with_replacement,0.01733326658349552,0.021182143145853836,0.010615239454383585
1.0,2048,16,3,with_replacement,0.013692408692834527,0.016896542801759,0.010615239454383585
1.0,2048,32,3,with_replacement,0.012642588028209497,0.014271271534786812,0.010615239454383585
1.0,2048,64,3,with_replacement,0.012283654258611037,0.012947787920052708,0.010615239454383585
1.0,2048,128,3,with_replacement,0.012237995939060489,0.012444667908553206,0.010615239454383585
1.0,2048,256,3,with_replacement,0.01222824536968448,0.012287438482327532,0.010615239454383585
1.0,2048,1,3,reshuffle,0.037631969119374165,0.0502272170354168,0.010615239454383585
1.0,2048,2,3,reshuffle,0.025453394690346177,0.03558996220980514,0.010615239454383585
1.0,2048,4,3,reshuffle,0.019789874684506256,0.026500649249867943,0.010615239454383585
1.0,2048,8,3,reshuffle,0.019504270814543652,0.02050632156067041,0.010615239454383585
1.0,2048,16,3,reshuffle,0.013442244428604823,0.016487175045640443,0.010615239454383585
1.0,2048,32,3,reshuffle,0.012543834591605896,0.014046711633508171,0.010615239454383585
1.0,2048,64,3,reshuffle,0.012549395124467674,0.012860468792199608,0.010615239454383585
1.0,2048,128,3,reshuffle,0.01223604787043215,0.012417953745672344,0.010615239454383585
1.0,2048,256,3,reshuffle,0.012227853481244992,0.012279668724747726,0.010615239454383585
1.0,2048,1,3,cyclic,0.0380654078268728,0.05062430230511311,0.010615239454383585
1.0,2048,2,3,cyclic,0.02997773459467158,0.03581665838374925,0.010615239454383585
1.0,2048,4,3,cyclic,0.02448345116432165,0.02656427037845848,0.010615239454383585
1.0,2048,8,3,cyclic,0.020330577118255293,0.02048253150211853,0.010615239454383585
1.0,2048,16,3,cyclic,0.017406533638856886,0.016450003660537307,0.010615239454383585
1.0,2048,32,3,cyclic,0.015358158360457301,0.014033374882122706,0.010615239454383585
1.0,2048,64,3,cyclic,0.013742426157297273,0.01285729537701146,0.010615239454383585
1.0,2048,128,3,cyclic,0.012624455851304214,0.012416658409694113,0.010615239454383585
1.0,2048,256,3,cyclic,0.012255453035348517,0.012279107294989409,0.010615239454383585
1.0,2048,1,4,with_replacement,0.03569981612769226,0.0513824902942648,0.010615239454383585
1.0,2048,2,4,with_replacement,0.028829872166407183,0.03769456515929539,0.010615239454383585
1.0,2048,4,4,with_replacement,0.020563623490100925,0.02697452883902335,0.010615239454383585
1.0,2048,8,4,with_replacement,0.014196081408612365,0.01971424630975834,0.010615239454383585
1.0,2048,16,4,with_replacement,0.012008215848655166,0.015159360154495514,0.010615239454383585
1.0,2048,32,4,with_replacement,0.011107618194512982,0.01252004553538994,0.010615239454383585
1.0,2048,64,4,with_replacement,0.010465714076593798,0.011180907975216802,0.010615239454383585
1.0,2048,128,4,with_replacement,0.010398648041838732,0.010645301229031805,0.010615239454383585
1.0,2048,256,4,with_replacement,0.010392363037477096,0.010467009970992171,0.010615239454383585
1.0,2048,1,4,reshuffle,0.049443693920460156,0.048077510402447766,0.010615239454383585
1.0,2048,2,4,reshuffle,0.08867263358494692,0.03425902598911993,0.010615239454383585
1.0,2048,4,4,reshuffle,0.017943163974601325,0.02534977790598396,0.010615239454383585
1.0,2048,8,4,reshuffle,0.02000376121561137,0.019041683761706712,0.010615239454383585
1.0,2048,16,4,reshuffle,0.015611840908158951,0.01491990020182136,0.010615239454383585
1.0,2048,32,4,reshuffle,0.010821850247733994,0.012421051720072266,0.010615239454383585
1.0,2048,64,4,reshuffle,0.01045238376239587,0.011144005899026553,0.010615239454383585
1.0,2048,128,4,reshuffle,0.010411421887694637,0.010626965758587813,0.010615239454383585
1.0,2048,256,4,reshuffle,0.010392408918119045,0.010459125957084422,0.010615239454383585
1.0,2048,1,4,cyclic,0.05816669959712625,0.047726208483038685,0.010615239454383585
1.0,2048,2,4,cyclic,0.03683618379735438,0.03480630027066187,0.010615239454383585
1.0,2048,4,4,cyclic,0.021983419551274332,0.025667061316491865,0.010615239454383585
1.0,2048,8,4,cyclic,0.01486146519159316,0.019259125764018954,0.010615239454383585
1.0,2048,16,4,cyclic,0.012048949338350481,0.015002228345505013,0.010615239454383585
1.0,2048,32,4,cyclic,0.010888949424131414,0.012446276557347001,0.010615239454383585
1.0,2048,64,4,cyclic,0.010504660482886901,0.011150281875247178,0.010615239454383585
1.0,2048,128,4,cyclic,0.010404237213059135,0.010630443677291402,0.010615239454383585
1.0,2048,256,4,cyclic,0.010392329153637941,0.010460910812564825,0.010615239454383585
1.0,2048,1,5,with_replacement,0.03715113408788831,0.052650930939909364,0.010615239454383585
1.0,2048,2,5,with_replacement,0.024255223642107002,0.036301520969293136,0.010615239454383585
1.0,2048,4,5,with_replacement,0.020142528191961627,0.02610338541737333,0.010615239454383585
1.0,2048,8,5,with_replacement,0.015412727820503319,0.019846276009226706,0.010615239454383585
1.0,2048,16,5,with_replacement,0.013307694450862599,0.01575541177919437,0.010615239454383585
1.0,2048,32,5,with_replacement,0.011636805305933494,0.013242493537881123,0.010615239454383585
1.0,2048,64,5,with_replacement,0.011374829613819519,0.011983131274469563,0.010615239454383585
1.0,2048,128,5,with_replacement,0.011312657231052514,0.01150716676582523,0.010615239454383585
1.0,2048,256,5,with_replacement,0.011300627037047638,0.011359425474148144,0.010615239454383585
1.0,2048,1,5,reshuffle,0.03563635092171845,0.04785003979090948,0.010615239454383585
1.0,2048,2,5,reshuffle,0.028771692082856636,0.03467599300647925,0.010615239454383585
1.0,2048,4,5,reshuffle,0.050751596605463516,0.025640826507363604,0.010615239454383585
1.0,2048,8,5,reshuffle,0.014514958744204737,0.01949231306288682,0.010615239454383585
1.0,2048,16,5,reshuffle,0.012954413470826525,0.01543887891863668,0.010615239454383585
1.0,2048,32,5,reshuffle,0.011822778028266675,0.013072264688959568,0.010615239454383585
1.0,2048,64,5,reshuffle,0.011355896450234557,0.011920652046437392,0.010615239454383585
1.0,2048,128,5,reshuffle,0.011310384473760399,0.011487213944383443,0.010615239454383585
1.0,2048,256,5,reshuffle,0.011300194564665862,0.011352961851485321,0.010615239454383585
1.0,2048,1,5,cyclic,0.044833704538074906,0.04978911484190809,0.010615239454383585
1.0,2048,2,5,cyclic,0.03802126228430117,0.03597859303334093,0.010615239454383585
1.0,2048,4,5,cyclic,0.031197830654987883,0.02637103935420785,0.010615239454383585
1.0,2048,8,5,cyclic,0.024605409118245977,0.019852385591950475,0.010615239454383585
1.0,2048,16,5,cyclic,0.01870311221268167,0.015598128971532758,0.010615239454383585
1.0,2048,32,5,cyclic,0.014091642331215867,0.013113858094807005,0.010615239454383585
1.0,2048,64,5,cyclic,0.011768582423322882,0.011923574930460805,0.010615239454383585
1.0,2048,128,5,cyclic,0.011323940112468045,0.01148443124339611,0.010615239454383585
1.0,2048,256,5,cyclic,0.011300136084480345,0.01135110052119148,0.010615239454383585
1.0,2048,1,6,with_replacement,0.0873387273996233,0.04914487483666713,0.010615239454383585
1.0,2048,2,6,with_replacement,0.02985819693757815,0.03518662186583371,0.010615239454383585
1.0,2048,4,6,with_replacement,0.01951407928006631,0.02597301981199556,0.010615239454383585
1.0,2048,8,6,with_replacement,0.015722883416985335,0.019923091704138987,0.010615239454383585
1.0,2048,16,6,with_replacement,0.01322535212355724,0.016061581210355967,0.010615239454383585
1.0,2048,32,6,with_replacement,0.01561733965956712,0.013792122631884412,0.010615239454383585
1.0,2048,64,6,with_replacement,0.0120467002084311,0.012656641658442689,0.010615239454383585
1.0,2048,128,6,with_replacement,0.01198694454866165,0.01219095451147421,0.010615239454383585
1.0,2048,256,6,with_replacement,0.011978494363018094,0.012036490551597426,0.010615239454383585
1.0,2048,1,6,reshuffle,0.03189360288449246,0.04884253769512836,0.010615239454383585
1.0,2048,2,6,reshuffle,0.0238657093893736,0.03473433526395492,0.010615239454383585
1.0,2048,4,6,reshuffle,0.018301228173329194,0.02560247392592164,0.010615239454383585
1.0,2048,8,6,reshuffle,0.016855712755083907,0.019588614385148174,0.010615239454383585
1.0,2048,16,6,reshuffle,0.019199232371655783,0.015820424830018606,0.010615239454383585
1.0,2048,32,6,reshuffle,0.013224647673829868,0.01366065958319275,0.010615239454383585
1.0,2048,64,6,reshuffle,0.012039651830737175,0.012591609270653285,0.010615239454383585
1.0,2048,128,6,reshuffle,0.011984431541761311,0.012166257805536358,0.010615239454383585
1.0,2048,256,6,reshuffle,0.011978321523173768,0.012029329792785046,0.010615239454383585
1.0,2048,1,6,cyclic,0.049852959686784035,0.04854082379318861,0.010615239454383585
1.0,2048,2,6,cyclic,0.03866393447279471,0.034594472301443656,0.010615239454383585
1.0,2048,4,6,cyclic,0.029152934846882222,0.025529750012372187,0.010615239454383585
1.0,2048,8,6,cyclic,0.020665745716322417,0.019640639806052042,0.010615239454383585
1.0,2048,16,6,cyclic,0.014757830018207917,0.015868683045130876,0.010615239454383585
1.0,2048,32,6,cyclic,0.012434073464976853,0.013683978163641872,0.010615239454383585
1.0,2048,64,6,cyclic,0.012040363785261722,0.01260042169552371,0.010615239454383585
1.0,2048,128,6,cyclic,0.011986022884384037,0.012169321700630042,0.010615239454383585
1.0,2048,256,6,cyclic,0.011978388033844082,0.01203053702636796,0.010615239454383585
1.0,2048,1,7,with_replacement,0.03374327753479111,0.0504568216026866,0.010615239454383585
1.0,2048,2,7,with_replacement,0.024587390273836295,0.035749015188058224,0.010615239454383585
1.0,2048,4,7,with_replacement,0.01933515241798827,0.026125028460138044,0.010615239454383585
1.0,2048,8,7,with_replacement,0.01467152199760663,0.019622552183255457,0.010615239454383585
1.0,2048,16,7,with_replacement,0.014687202785283245,0.015296901734538423,0.010615239454383585
1.0,2048,32,7,with_replacement,0.010492034469780307,0.01240551616752069,0.010615239454383585
1.0,2048,64,7,with_replacement,0.010029929707197939,0.010859112241637119,0.010615239454383585
1.0,2048,128,7,with_replacement,0.009990530309299969,0.010211975534906525,0.010615239454383585
1.0,2048,256,7,with_replacement,0.009943360922405919,0.01000936872597077,0.010615239454383585
1.0,2048,1,7,reshuffle,0.0491480726290647,0.05220899737227157,0.010615239454383585
1.0,2048,2,7,reshuffle,0.025974508425110746,0.03571921389426308,0.010615239454383585
1.0,2048,4,7,reshuffle,0.017976625534859587,0.025826106424496106,0.010615239454383585
1.0,2048,8,7,reshuffle,0.014146740401400603,0.019330797700014262,0.010615239454383585
1.0,2048,16,7,reshuffle,0.011681235457315567,0.014973345715307585,0.010615239454383585
1.0,2048,32,7,reshuffle,0.010516144383933158,0.012255899870484066,0.010615239454383585
1.0,2048,64,7,reshuffle,0.010043311525782554,0.010820324837101774,0.010615239454383585
1.0,2048,128,7,reshuffle,0.010037361129865018,0.010212450547792254,0.010615239454383585
1.0,2048,256,7,reshuffle,0.009943881069526242,0.010011858384048578,0.010615239454383585
1.0,2048,1,7,cyclic,0.03186527006834279,0.04852253469944051,0.010615239454383585
1.0,2048,2,7,cyclic,0.02345607995933371,0.03455746536233141,0.010615239454383585
1.0,2048,4,7,cyclic,0.017874968945290025,0.025244153619504276,0.010615239454383585
1.0,2048,8,7,cyclic,0.014029355641248903,0.019033489525778786,0.010615239454383585
1.0,2048,16,7,cyclic,0.011626225332437056,0.01485380488944692,0.010615239454383585
1.0,2048,32,7,cyclic,0.010439261604557921,0.012223645933706987,0.010615239454383585
1.0,2048,64,7,cyclic,0.010032172568390332,0.010815235890754062,0.010615239454383585
1.0,2048,128,7,cyclic,0.00994964950262932,0.0102124535586943,0.010615239454383585
1.0,2048,256,7,cyclic,0.009943317089006606,0.010012115483777102,0.010615239454383585
1.0,2048,1,8,with_replacement,0.03756715843667111,0.05390576256049304,0.010615239454383585
1.0,2048,2,8,with_replacement,0.029796080965129045,0.03912326314620176,0.010615239454383585
1.0,2048,4,8,with_replacement,0.02547712024467009,0.02823984130802618,0.010615239454383585
1.0,2048,8,8,with_replacement,0.014381207807508938,0.020623182499182685,0.010615239454383585
1.0,2048,16,8,with_replacement,0.011765866226520018,0.015365620609392443,0.010615239454383585
1.0,2048,32,8,with_replacement,0.010644862025493704,0.012373002503647331,0.010615239454383585
1.0,2048,64,8,with_replacement,0.010229631362130738,0.01093746228894747,0.010615239454383585
1.0,2048,128,8,with_replacement,0.010189608239115654,0.010409548690259438,0.010615239454383585
1.0,2048,256,8,with_replacement,0.010178890731183818,0.010242590108662873,0.010615239454383585
1.0,2048,1,8,reshuffle,0.034916080344599865,0.04943591939156088,0.010615239454383585
1.0,2048,2,8,reshuffle,0.03333210199036355,0.03640310071975394,0.010615239454383585
1.0,2048,4,8,reshuffle,0.018210962238727688,0.026658438778672088,0.010615239454383585
1.0,2048,8,8,reshuffle,0.013698208269014824,0.01965364791226076,0.010615239454383585
1.0,2048,16,8,reshuffle,0.01148736804002422,0.01495051819682601,0.010615239454383585
1.0,2048,32,8,reshuffle,0.010463307315931607,0.012192162564726832,0.010615239454383585
1.0,2048,64,8,reshuffle,0.010228728394598914,0.010879758895903358,0.010615239454383585
1.0,2048,128,8,reshuffle,0.010187637719003051,0.010393692672283763,0.010615239454383585
1.0,2048,256,8,reshuffle,0.010178609905119209,0.01023877616105181,0.010615239454383585
1.0,2048,1,8,cyclic,0.03456810782120452,0.05287974279024301,0.010615239454383585
1.0,2048,2,8,cyclic,0.02500984779569674,0.03750624417480209,0.010615239454383585
1.0,2048,4,8,cyclic,0.018129058901870578,0.02705975729356464,0.010615239454383585
1.0,2048,8,8,cyclic,0.013870156910348971,0.019830428263991107,0.010615239454383585
1.0,2048,16,8,cyclic,0.011490315749667187,0.015103129903010179,0.010615239454383585
1.0,2048,32,8,cyclic,0.010483402729630348,0.012296695376935255,0.010615239454383585
1.0,2048,64,8,cyclic,0.010233889765015642,0.010921587789503629,0.010615239454383585
1.0,2048,128,8,cyclic,0.010186852500117194,0.010404329948544311,0.010615239454383585
1.0,2048,256,8,cyclic,0.010178311652640902,0.010240770035791368,0.010615239454383585
1.0,2048,1,9,with_replacement,0.034521014688247066,0.05089949418799901,0.010615239454383585
1.0,2048,2,9,with_replacement,0.025996364022479082,0.03673634478760264,0.010615239454383585
1.0,2048,4,9,with_replacement,0.019160694741671477,0.02646821592321669,0.010615239454383585
1.0,2048,8,9,with_replacement,0.014863233902593547,0.0198219447385536,0.010615239454383585
1.0,2048,16,9,with_replacement,0.011877360456135227,0.015260417551533408,0.010615239454383585
1.0,2048,32,9,with_replacement,0.013969718286266697,0.012388307887331413,0.010615239454383585
1.0,2048,64,9,with_replacement,0.010231856273812272,0.01092258997471124,0.010615239454383585
1.0,2048,128,9,with_replacement,0.010108527631293295,0.010354955587668814,0.010615239454383585
1.0,2048,256,9,with_replacement,0.01010045075817577,0.01017732547634523,0.010615239454383585
1.0,2048,1,9,reshuffle,0.0385639332585546,0.04851659004259831,0.010615239454383585
1.0,2048,2,9,reshuffle,0.03685457425642349,0.035673790099400395,0.010615239454383585
1.0,2048,4,9,reshuffle,0.019139014556156297,0.026467701284878038,0.010615239454383585
1.0,2048,8,9,reshuffle,0.01412434101128605,0.019787738602037294,0.010615239454383585
1.0,2048,16,9,reshuffle,0.011502609465207371,0.015087157584272192,0.010615239454383585
1.0,2048,32,9,reshuffle,0.01039335021156985,0.012227907630113296,0.010615239454383585
1.0,2048,64,9,reshuffle,0.010133160483110073,0.01083654016635297,0.010615239454383585
1.0,2048,128,9,reshuffle,0.010106584494513677,0.010320306537398415,0.010615239454383585
1.0,2048,256,9,reshuffle,0.01010867740544408,0.010163586442545657,0.010615239454383585
1.0,2048,1,9,cyclic,0.03478706974376481,0.05199112638970879,0.010615239454383585
1.0,2048,2,9,cyclic,0.025621001410568355,0.03693661233995085,0.010615239454383585
1.0,2048,4,9,cyclic,0.018734144210786154,0.026807645787742515,0.010615239454383585
1.0,2048,8,9,cyclic,0.014054014764948513,0.019812684368598028,0.010615239454383585
1.0,2048,16,9,cyclic,0.01146709771650048,0.015082497764166296,0.010615239454383585
1.0,2048,32,9,cyclic,0.010388537176262196,0.012230383667568767,0.010615239454383585
1.0,2048,64,9,cyclic,0.010139896261464507,0.010836878659317675,0.010615239454383585
1.0,2048,128,9,cyclic,0.010105064747535657,0.010320405935183814,0.010615239454383585
1.0,2048,256,9,cyclic,0.010100566410459881,0.010163607757153277,0.010615239454383585
1.5,2048,1,0,with_replacement,0.041505045016185904,0.051352275482879926,0.00810115858825596
1.5,2048,2,0,with_replacement,0.030111155577863712,0.03879228009365729,0.00810115858825596
1.5,2048,4,0,with_replacement,0.02134210117894011,0.02875936892252109,0.00810115858825596
1.5,2048,8,0,with_replacement,0.019171869899839017,0.02101733911021783,0.00810115858825596
1.5,2048,16,0,with_replacement,0.014630591802897374,0.015703245152507376,0.00810115858825596
1.5,2048,32,0,with_replacement,0.01052366640166345,0.012358123090910984,0.00810115858825596
1.5,2048,64,0,with_replacement,0.009242315236260637,0.010419334237604622,0.00810115858825596
1.5,2048,128,0,with_replacement,0.009047130863471043,0.009493904251996223,0.00810115858825596
1.5,2048,256,0,with_replacement,0.009020679022000993,0.009153204673370195,0.00810115858825596
1.5,2048,1,0,reshuffle,0.03787411553121304,0.052305589967707254,0.00810115858825596
1.5,2048,2,0,reshuffle,0.026984025849622915,0.03763535610098017,0.00810115858825596
1.5,2048,4,0,reshuffle,0.019434507689372958,0.027680100174857145,0.00810115858825596
1.5,2048,8,0,reshuffle,0.014929028723984255,0.02039829120442962,0.00810115858825596
1.5,2048,16,0,reshuffle,0.011423799159187712,0.015346011450879498,0.00810115858825596
1.5,2048,32,0,reshuffle,0.009943298445638158,0.012148167710808924,0.00810115858825596
1.5,2048,64,0,reshuffle,0.009332678282016518,0.01032432743472855,0.00810115858825596
1.5,2048,128,0,reshuffle,0.009044919409475095,0.009458943480255647,0.00810115858825596
1.5,2048,256,0,reshuffle,0.009017230012490053,0.00914261198938847,0.00810115858825596
1.5,2048,1,0,cyclic,0.043757740005772004,0.05145885950436739,0.00810115858825596
1.5,2048,2,0,cyclic,0.03132923349625584,0.03802559922990235,0.00810115858825596
1.5,2048,4,0,cyclic,0.020923541742448693,0.027991986608076915,0.00810115858825596
1.5,2048,8,0,cyclic,0.014529018344829706,0.020518348635959315,0.00810115858825596
1.5,2048,16,0,cyclic,0.011472099309986813,0.015373203520334635,0.00810115858825596
1.5,2048,32,0,cyclic,0.0099000345569361,0.012151596998917904,0.00810115858825596
1.5,2048,64,0,cyclic,0.009216100760911049,0.010330343321405195,0.00810115858825596
1.5,2048,128,0,cyclic,0.009041098960761308,0.009465543966641902,0.00810115858825596
1.5,2048,256,0,cyclic,0.009017251561015023,0.009145143076891592,0.00810115858825596
1.5,2048,1,1,with_replacement,0.057524398567950816,0.05240768371359197,0.00810115858825596
1.5,2048,2,1,with_replacement,0.03515335309535511,0.03833389533634452,0.00810115858825596
1.5,2048,4,1,with_replacement,0.019993640602875024,0.028192052191846798,0.00810115858825596
1.5,2048,8,1,with_replacement,0.015410697081331194,0.020931384713999728,0.00810115858825596
1.5,2048,16,1,with_replacement,0.013337464575850548,0.016238714634434926,0.00810115858825596
1.5,2048,32,1,with_replacement,0.010905696901999308,0.013085198070745064,0.00810115858825596
1.5,2048,64,1,with_replacement,0.009993635082154229,0.01113843184662075,0.00810115858825596
1.5,2048,128,1,with_replacement,0.009638798663067816,0.010150096221002443,0.00810115858825596
1.5,2048,256,1,with_replacement,0.009566112223095839,0.009754720121765974,0.00810115858825596
1.5,2048,1,1,reshuffle,0.036913660043891384,0.05101376384821368,0.00810115858825596
1.5,2048,2,1,reshuffle,0.029546143297675284,0.03656161100066139,0.00810115858825596
1.5,2048,4,1,reshuffle,0.020633794686904062,0.026928415416953715,0.00810115858825596
1.5,2048,8,1,reshuffle,0.015351203478745454,0.020286216102505812,0.00810115858825596
1.5,2048,16,1,reshuffle,0.012590006512649755,0.015833439971072134,0.00810115858825596
1.5,2048,32,1,reshuffle,0.010505902118741224,0.012866947417295405,0.00810115858825596
1.5,2048,64,1,reshuffle,0.009847974337153138,0.011023134338491556,0.00810115858825596
1.5,2048,128,1,reshuffle,0.009604338865224913,0.01009868495979916,0.00810115858825596
1.5,2048,256,1,reshuffle,0.009585145926431206,0.009735745802453294,0.00810115858825596
1.5,2048,1,1,cyclic,0.0542635565168878,0.05032340584489714,0.00810115858825596
1.5,2048,2,1,cyclic,0.032762117183884616,0.03641655275578853,0.00810115858825596
1.5,2048,4,1,cyclic,0.023230975219617332,0.02674936525646853,0.00810115858825596
1.5,2048,8,1,cyclic,0.017834437118581126,0.02011261587186092,0.00810115858825596
1.5,2048,16,1,cyclic,0.01405813976434347,0.015682637187949575,0.00810115858825596
1.5,2048,32,1,cyclic,0.011453225039569716,0.012755275227014294,0.00810115858825596
1.5,2048,64,1,cyclic,0.010111763100398156,0.010962511595594228,0.00810115858825596
1.5,2048,128,1,cyclic,0.009658590875679187,0.010076101435253209,0.00810115858825596
1.5,2048,256,1,cyclic,0.00956712346966708,0.009727768728112797,0.00810115858825596
1.5,2048,1,2,with_replacement,0.048322323598969354,0.052463747964967646,0.00810115858825596
1.5,2048,2,2,with_replacement,0.07001129406880013,0.036933021061629746,0.00810115858825596
1.5,2048,4,2,with_replacement,0.01845615242816114,0.026681896888618484,0.00810115858825596
1.5,2048,8,2,with_replacement,0.01394748280510242,0.01944867848956648,0.00810115858825596
1.5,2048,16,2,with_replacement,0.011183872037424322,0.01455352279635593,0.00810115858825596
1.5,2048,32,2,with_replacement,0.010958829709281326,0.01141303605570303,0.00810115858825596
1.5,2048,64,2,with_replacement,0.00845160074965106,0.009574116669630414,0.00810115858825596
1.5,2048,128,2,with_replacement,0.00831999994582199,0.008704039071879712,0.00810115858825596
1.5,2048,256,2,with_replacement,0.008266546886407931,0.008391492041849429,0.00810115858825596
1.5,2048,1,2,reshuffle,0.07105670919843636,0.05419212466404794,0.00810115858825596
1.5,2048,2,2,reshuffle,0.02535133641958119,0.037330274433172994,0.00810115858825596
1.5,2048,4,2,reshuffle,0.017762607588312437,0.026207539770651822,0.00810115858825596
1.5,2048,8,2,reshuffle,0.013578479447861645,0.019004307000845603,0.00810115858825596
1.5,2048,16,2,reshuffle,0.010705831534923256,0.014257388318999899,0.00810115858825596
1.5,2048,32,2,reshuffle,0.008960508353585653,0.011184412985750396,0.00810115858825596
1.5,2048,64,2,reshuffle,0.008761462726966122,0.009452338715933619,0.00810115858825596
1.5,2048,128,2,reshuffle,0.008293391795245901,0.008661280289661307,0.00810115858825596
1.5,2048,256,2,reshuffle,0.008265339151330611,0.008379329917603992,0.00810115858825596
1.5,2048,1,2,cyclic,0.03624619738706485,0.04952594835075865,0.00810115858825596
1.5,2048,2,2,cyclic,0.025602503986149952,0.035445227872346156,0.00810115858825596
1.5,2048,4,2,cyclic,0.01852377105619422,0.02563311198887185,0.00810115858825596
1.5,2048,8,2,cyclic,0.013925202931152951,0.01890214671770308,0.00810115858825596
1.5,2048,16,2,cyclic,0.011040017743464895,0.014250195934935287,0.00810115858825596
1.5,2048,32,2,cyclic,0.009302479206133083,0.011215351002112756,0.00810115858825596
1.5,2048,64,2,cyclic,0.00852557343711604,0.009476112866076492,0.00810115858825596
1.5,2048,128,2,cyclic,0.008307126380492351,0.008674237823616262,0.00810115858825596
1.5,2048,256,2,cyclic,0.008267457237103428,0.008384766719559124,0.00810115858825596
1.5,2048,1,3,with_replacement,0.03601581087601588,0.04929848622532686,0.00810115858825596
1.5,2048,2,3,with_replacement,0.026161020432938113,0.036269634006713104,0.00810115858825596
1.5,2048,4,3,with_replacement,0.01961417796743277,0.0268538848610657,0.00810115858825596
1.5,2048,8,3,with_replacement,0.014985856141822365,0.02032159218021958,0.00810115858825596
1.5,2048,16,3,with_replacement,0.01174549778609731,0.015669420658670833,0.00810115858825596
1.5,2048,32,3,with_replacement,0.010167205514735371,0.01244391069512585,0.00810115858825596
1.5,2048,64,3,with_replacement,0.009690401063521004,0.010588772841318124,0.00810115858825596
1.5,2048,128,3,with_replacement,0.009262925455389818,0.009702374427511866,0.00810115858825596
1.5,2048,256,3,with_replacement,0.009219054694750218,0.009368945901937731,0.00810115858825596
1.5,2048,1,3,reshuffle,0.04249086441052749,0.05118909528383133,0.00810115858825596
1.5,2048,2,3,reshuffle,0.027463487225153276,0.03610216369529513,0.00810115858825596
1.5,2048,4,3,reshuffle,0.01900141074911148,0.02642911318370262,0.00810115858825596
1.5,2048,8,3,reshuffle,0.014455505672072542,0.019962042303182593,0.00810115858825596
1.5,2048,16,3,reshuffle,0.0118613762090627,0.015380481510367435,0.00810115858825596
1.5,2048,32,3,reshuffle,0.0100272658976028,0.012318658162693187,0.00810115858825596
1.5,2048,64,3,reshuffle,0.00941792330510966,0.010533136857997715,0.00810115858825596
1.5,2048,128,3,reshuffle,0.009251947123240983,0.00968516766448255,0.00810115858825596
1.5,2048,256,3,reshuffle,0.009217872262042234,0.009363861828115879,0.00810115858825596
1.5,2048,1,3,cyclic,0.034277137699964086,0.04849906964434165,0.00810115858825596
1.5,2048,2,3,cyclic,0.025330569861255613,0.035390245176315824,0.00810115858825596
1.5,2048,4,3,cyclic,0.01903358990038426,0.026470431671831142,0.00810115858825596
1.5,2048,8,3,cyclic,0.01460622221809262,0.02013673949535556,0.00810115858825596
1.5,2048,16,3,cyclic,0.011744898710132713,0.01555450580860517,0.00810115858825596
1.5,2048,32,3,cyclic,0.010137509599424378,0.012448032791937683,0.00810115858825596
1.5,2048,64,3,cyclic,0.009463389216539575,0.010614558472716317,0.00810115858825596
1.5,2048,128,3,cyclic,0.009271227949336467,0.009729965868008048,0.00810115858825596
1.5,2048,256,3,cyclic,0.009220844345137294,0.009383965602581224,0.00810115858825596
1.5,2048,1,4,with_replacement,0.035732515746829625,0.0528304524190101,0.00810115858825596
1.5,2048,2,4,with_replacement,0.025906000064385582,0.03615791965996519,0.00810115858825596
1.5,2048,4,4,with_replacement,0.024051646227202468,0.025800362799181274,0.00810115858825596
1.5,2048,8,4,with_replacement,0.013049832761683077,0.018667880088282473,0.00810115858825596
1.5,2048,16,4,with_replacement,0.012088169433680688,0.013620111365929317,0.00810115858825596
1.5,2048,32,4,with_replacement,0.010971701007501233,0.010482658203183004,0.00810115858825596
1.5,2048,64,4,with_replacement,0.007743923426116656,0.008747721371149056,0.00810115858825596
1.5,2048,128,4,with_replacement,0.007583680638710917,0.007954369501747119,0.00810115858825596
1.5,2048,256,4,with_replacement,0.007530056452389428,0.0076560952346887865,0.00810115858825596
1.5,2048,1,4,reshuffle,0.03238254765194236,0.048059151898153664,0.00810115858825596
1.5,2048,2,4,reshuffle,0.025042431178391306,0.034862101823095196,0.00810115858825596
1.5,2048,4,4,reshuffle,0.024127574963412356,0.02517337509685323,0.00810115858825596
1.5,2048,8,4,reshuffle,0.012641381196353503,0.018123675740500028,0.00810115858825596
1.5,2048,16,4,reshuffle,0.012266921382943786,0.013356468489978625,0.00810115858825596
1.5,2048,32,4,reshuffle,0.008394880894451734,0.010375871944782109,0.00810115858825596
1.5,2048,64,4,reshuffle,0.0080744802800767,0.008715403690592243,0.00810115858825596
1.5,2048,128,4,reshuffle,0.007565642171081895,0.007940485208848972,0.00810115858825596
1.5,2048,256,4,reshuffle,0.0075262389231454405,0.007651576321712525,0.00810115858825596
1.5,2048,1,4,cyclic,0.0336727326634939,0.05023191843157178,0.00810115858825596
1.5,2048,2,4,cyclic,0.024348357776875464,0.03569122774384008,0.00810115858825596
1.5,2048,4,4,cyclic,0.017397184989004475,0.025568904968005946,0.00810115858825596
1.5,2048,8,4,cyclic,0.012682621764510503,0.01837870496595124,0.00810115858825596
1.5,2048,16,4,cyclic,0.009890140726008216,0.01347991539973753,0.00810115858825596
1.5,2048,32,4,cyclic,0.008384123306230054,0.010433243340524291,0.00810115858825596
1.5,2048,64,4,cyclic,0.007737939042424751,0.008744300461918146,0.00810115858825596
1.5,2048,128,4,cyclic,0.007565855825710268,0.007956311416838153,0.00810115858825596
1.5,2048,256,4,cyclic,0.0075268716738877695,0.0076578361736503375,0.00810115858825596
1.5,2048,1,5,with_replacement,0.03915962596637785,0.0495314925585864,0.00810115858825596
1.5,2048,2,5,with_replacement,0.035422239698846246,0.03529138506608569,0.00810115858825596
1.5,2048,4,5,with_replacement,0.01861730709796879,0.02581060674239307,0.00810115858825596
1.5,2048,8,5,with_replacement,0.014002775195769633,0.01916090756651102,0.00810115858825596
1.5,2048,16,5,with_replacement,0.01103114705800733,0.014610498604262289,0.00810115858825596
1.5,2048,32,5,with_replacement,0.009649136191204093,0.011683661902160644,0.00810115858825596
1.5,2048,64,5,with_replacement,0.008854370134474064,0.00994536149941439,0.00810115858825596
1.5,2048,128,5,with_replacement,0.008578467609522402,0.00905974346892216,0.00810115858825596
1.5,2048,256,5,with_replacement,0.008542796922776891,0.008701131676986123,0.00810115858825596
1.5,2048,1,5,reshuffle,0.035682276583003505,0.049258851906731016,0.00810115858825596
1.5,2048,2,5,reshuffle,0.030651072972246406,0.03476059281445233,0.00810115858825596
1.5,2048,4,5,reshuffle,0.0335405706452783,0.025285510550695736,0.00810115858825596
1.5,2048,8,5,reshuffle,0.013926903489529057,0.018857062600909705,0.00810115858825596
1.5,2048,16,5,reshuffle,0.011005478212494283,0.01452321564001297,0.00810115858825596
1.5,2048,32,5,reshuffle,0.009610737125009483,0.011659687064464177,0.00810115858825596
1.5,2048,64,5,reshuffle,0.008763360231265538,0.009913353585050244,0.00810115858825596
1.5,2048,128,5,reshuffle,0.008574508030284336,0.009035210634535494,0.00810115858825596
1.5,2048,256,5,reshuffle,0.008538293563473971,0.008691387014052013,0.00810115858825596
1.5,2048,1,5,cyclic,0.032676781039959066,0.048794715895771515,0.00810115858825596
1.5,2048,2,5,cyclic,0.024550204835363146,0.03447320500820157,0.00810115858825596
1.5,2048,4,5,cyclic,0.018731415384185,0.025067124538407506,0.00810115858825596
1.5,2048,8,5,cyclic,0.014488845013629197,0.018729795986456025,0.00810115858825596
1.5,2048,16,5,cyclic,0.01153197885298807,0.014460536410914923,0.00810115858825596
1.5,2048,32,5,cyclic,0.009720794395296387,0.011645796068218391,0.00810115858825596
1.5,2048,64,5,cyclic,0.00888918515320371,0.009935644391562196,0.00810115858825596
1.5,2048,128,5,cyclic,0.008616680800914841,0.009072354059867675,0.00810115858825596
1.5,2048,256,5,cyclic,0.008544586308880732,0.008714975171172382,0.00810115858825596
1.5,2048,1,6,with_replacement,0.035860190090558505,0.05093816775648523,0.00810115858825596
1.5,2048,2,6,with_replacement,0.02611728764463275,0.03553287243362962,0.00810115858825596
1.5,2048,4,6,with_replacement,0.022658380208380693,0.02618640440760156,0.00810115858825596
1.5,2048,8,6,with_replacement,0.015619287720398903,0.02018672747382615,0.00810115858825596
1.5,2048,16,6,with_replacement,0.014232263900151905,0.016036858814535305,0.00810115858825596
1.5,2048,32,6,with_replacement,0.010974278747285593,0.013120989030191795,0.00810115858825596
1.5,2048,64,6,with_replacement,0.01042712046680979,0.011392157552516376,0.00810115858825596
1.5,2048,128,6,with_replacement,0.010306688805117923,0.010610773759463048,0.00810115858825596
1.5,2048,256,6,with_replacement,0.010239611370795825,0.010343364499262259,0.00810115858825596
1.5,2048,1,6,reshuffle,0.03738694044839485,0.048456644776407425,0.00810115858825596
1.5,2048,2,6,reshuffle,0.02432676496859175,0.0346722451457383,0.00810115858825596
1.5,2048,4,6,reshuffle,0.019791543253564647,0.02567378700632825,0.00810115858825596
1.5,2048,8,6,reshuffle,0.016303904598336028,0.019738847980141704,0.00810115858825596
1.5,2048,16,6,reshuffle,0.01327776240079318,0.015655343628248487,0.00810115858825596
1.5,2048,32,6,reshuffle,0.010977038278946681,0.012911116733102185,0.00810115858825596
1.5,2048,64,6,reshuffle,0.010367189133039719,0.011315201532829356,0.00810115858825596
1.5,2048,128,6,reshuffle,0.010260272425175774,0.01058845046885187,0.00810115858825596
1.5,2048,256,6,reshuffle,0.010240039279555357,0.01033707846065137,0.00810115858825596
1.5,2048,1,6,cyclic,0.03200801774047717,0.05100686048786976,0.00810115858825596
1.5,2048,2,6,cyclic,0.023852768329049645,0.03566846305326743,0.00810115858825596
1.5,2048,4,6,cyclic,0.01844118587621203,0.02603462484271971,0.00810115858825596
1.5,2048,8,6,cyclic,0.01469412599068195,0.01978846817876678,0.00810115858825596
1.5,2048,16,6,cyclic,0.012212521041639645,0.015597150408911903,0.00810115858825596
1.5,2048,32,6,cyclic,0.010875423083520186,0.01285833969272394,0.00810115858825596
1.5,2048,64,6,cyclic,0.010375813006403454,0.011294886495349238,0.00810115858825596
1.5,2048,128,6,cyclic,0.010259527824003347,0.010586915159585914,0.00810115858825596
1.5,2048,256,6,cyclic,0.010240714910978176,0.01033854755286796,0.00810115858825596
1.5,2048,1,7,with_replacement,0.03443471783940189,0.049232355834390534,0.00810115858825596
1.5,2048,2,7,with_replacement,0.023491151598944604,0.03507030045872944,0.00810115858825596
1.5,2048,4,7,with_replacement,0.017278375849900905,0.025152821754285397,0.00810115858825596
1.5,2048,8,7,with_replacement,0.01324598418234335,0.018405489731149912,0.00810115858825596
1.5,2048,16,7,with_replacement,0.010416666630890034,0.013756310627969762,0.00810115858825596
1.5,2048,32,7,with_replacement,0.008650492326169958,0.010664678746753937,0.00810115858825596
1.5,2048,64,7,with_replacement,0.007736657710342955,0.008832819874818208,0.00810115858825596
1.5,2048,128,7,with_replacement,0.00767774932522128,0.007955449889961245,0.00810115858825596
1.5,2048,256,7,with_replacement,0.007489013781229038,0.0076270085556052756,0.00810115858825596
1.5,2048,1,7,reshuffle,0.03574565350234459,0.04899811368842728,0.00810115858825596
1.5,2048,2,7,reshuffle,0.024829986691020635,0.034969658835493043,0.00810115858825596
1.5,2048,4,7,reshuffle,0.019210852832056438,0.02527281643198348,0.00810115858825596
1.5,2048,8,7,reshuffle,0.013740709199423995,0.018429889132249803,0.00810115858825596
1.5,2048,16,7,reshuffle,0.010082672033772389,0.01367377146220242,0.00810115858825596
1.5,2048,32,7,reshuffle,0.008339683171455886,0.010532854828172612,0.00810115858825596
1.5,2048,64,7,reshuffle,0.007721457607509472,0.0087510447407526,0.00810115858825596
1.5,2048,128,7,reshuffle,0.007519466599708277,0.007924855105494427,0.00810115858825596
1.5,2048,256,7,reshuffle,0.007489253160872162,0.007618379717940456,0.00810115858825596
1.5,2048,1,7,cyclic,0.04247262448496642,0.04997002162624214,0.00810115858825596
1.5,2048,2,7,cyclic,0.02663428169852007,0.03584653646286661,0.00810115858825596
1.5,2048,4,7,cyclic,0.018747238689892025,0.025811032285402564,0.00810115858825596
1.5,2048,8,7,cyclic,0.013973626085355519,0.01877361386468678,0.00810115858825596
1.5,2048,16,7,cyclic,0.010521225852244019,0.013842792276365392,0.00810115858825596
1.5,2048,32,7,cyclic,0.00851641708938579,0.010627899496051753,0.00810115858825596
1.5,2048,64,7,cyclic,0.007722507840747551,0.008809329745748369,0.00810115858825596
1.5,2048,128,7,cyclic,0.00752525336460828,0.007955536036840636,0.00810115858825596
1.5,2048,256,7,cyclic,0.00748921736865119,0.007629843549733007,0.00810115858825596
1.5,2048,1,8,with_replacement,0.03843523144554749,0.05101893796335643,0.00810115858825596
1.5,2048,2,8,with_replacement,0.025182790540214803,0.03724232111140938,0.00810115858825596
1.5,2048,4,8,with_replacement,0.019074926936217654,0.02676910667342515,0.00810115858825596
1.5,2048,8,8,with_replacement,0.015532027972777343,0.019450613026170068,0.00810115858825596
1.5,2048,16,8,with_replacement,0.010304600602974242,0.014138066121000731,0.00810115858825596
1.5,2048,32,8,with_replacement,0.008249711597215478,0.010694459988721238,0.00810115858825596
1.5,2048,64,8,with_replacement,0.008235978232366157,0.008745593093879088,0.00810115858825596
1.5,2048,128,8,with_replacement,0.0074774967307517076,0.00787062429915579,0.00810115858825596
1.5,2048,256,8,with_replacement,0.007446996410200813,0.007565707647629751,0.00810115858825596
1.5,2048,1,8,reshuffle,0.04311425872835699,0.050611503912503845,0.00810115858825596
1.5,2048,2,8,reshuffle,0.024661223961190772,0.036637022522394695,0.00810115858825596
1.5,2048,4,8,reshuffle,0.01890269597949039,0.026407437970674096,0.00810115858825596
1.5,2048,8,8,reshuffle,0.013141716134800757,0.01900065110190733,0.00810115858825596
1.5,2048,16,8,reshuffle,0.009990299261817557,0.01387581341296525,0.00810115858825596
1.5,2048,32,8,reshuffle,0.008488354190455153,0.010567792975736722,0.00810115858825596
1.5,2048,64,8,reshuffle,0.0076593431536719474,0.008693845776414228,0.00810115858825596
1.5,2048,128,8,reshuffle,0.00748332681408483,0.007854833672030891,0.00810115858825596
1.5,2048,256,8,reshuffle,0.00744996223275609,0.007562000010997869,0.00810115858825596
1.5,2048,1,8,cyclic,0.037250779052501425,0.05166340701505564,0.00810115858825596
1.5,2048,2,8,cyclic,0.027806404882018028,0.03747522605014527,0.00810115858825596
1.5,2048,4,8,cyclic,0.020058015574134877,0.027083877918649708,0.00810115858825596
1.5,2048,8,8,cyclic,0.014356242473877132,0.019462064313840923,0.00810115858825596
1.5,2048,16,8,cyclic,0.010733890503831969,0.014104834958224833,0.00810115858825596
1.5,2048,32,8,cyclic,0.008667469111279899,0.01064845085733816,0.00810115858825596
1.5,2048,64,8,cyclic,0.007719218805753103,0.00872240990912155,0.00810115858825596
1.5,2048,128,8,cyclic,0.007477809499052774,0.00786511437859278,0.00810115858825596
1.5,2048,256,8,cyclic,0.007447958047893162,0.007566511721256282,0.00810115858825596
1.5,2048,1,9,with_replacement,0.03981490451935693,0.052250939948156244,0.00810115858825596
1.5,2048,2,9,with_replacement,0.034786105040856836,0.03747426719398127,0.00810115858825596
1.5,2048,4,9,with_replacement,0.020047659662642107,0.02691988888527232,0.00810115858825596
1.5,2048,8,9,with_replacement,0.013823673960967708,0.019669005682858377,0.00810115858825596
1.5,2048,16,9,with_replacement,0.011072760603698642,0.014693906177123559,0.00810115858825596
1.5,2048,32,9,with_replacement,0.009559343705990684,0.011622839883396456,0.00810115858825596
1.5,2048,64,9,with_replacement,0.008857525640992318,0.009892384594450798,0.00810115858825596
1.5,2048,128,9,with_replacement,0.008687078462464136,0.009074201217057135,0.00810115858825596
1.5,2048,256,9,with_replacement,0.008655167429546588,0.008773400499183704,0.00810115858825596
1.5,2048,1,9,reshuffle,0.03530210726993704,0.050791518944858574,0.00810115858825596
1.5,2048,2,9,reshuffle,0.025520749181711724,0.0367296316465556,0.00810115858825596
1.5,2048,4,9,reshuffle,0.021749614335705346,0.026393104636025237,0.00810115858825596
1.5,2048,8,9,reshuffle,0.013721024206251436,0.019136623084279655,0.00810115858825596
1.5,2048,16,9,reshuffle,0.011164984904310147,0.014431554469321099,0.00810115858825596
1.5,2048,32,9,reshuffle,0.009504089084422906,0.011516235082719565,0.00810115858825596
1.5,2048,64,9,reshuffle,0.008831440825842344,0.009846527455894828,0.00810115858825596
1.5,2048,128,9,reshuffle,0.00868270120434867,0.009058269052551296,0.00810115858825596
1.5,2048,256,9,reshuffle,0.0086521378725766,0.00876844742420886,0.00810115858825596
1.5,2048,1,9,cyclic,0.03609359149371446,0.05169736162802589,0.00810115858825596
1.5,2048,2,9,cyclic,0.027438679084741048,0.03703443202110173,0.00810115858825596
1.5,2048,4,9,cyclic,0.021919471482502107,0.026518650395081948,0.00810115858825596
1.5,2048,8,9,cyclic,0.017625489017900994,0.01921994694484297,0.00810115858825596
1.5,2048,16,9,cyclic,0.013974516406348312,0.014480947196081423,0.00810115858825596
1.5,2048,32,9,cyclic,0.011100686344436094,0.011534118126919318,0.00810115858825596
1.5,2048,64,9,cyclic,0.009313673290819805,0.0098569402422287,0.00810115858825596
1.5,2048,128,9,cyclic,0.008720092877448871,0.009065306810957128,0.00810115858825596
1.5,2048,256,9,cyclic,0.008652842487240603,0.00877197888697027,0.00810115858825596
2.0,2048,1,0,with_replacement,0.03806352821885567,0.05210639832629068,0.006687580897116037
2.0,2048,2,0,with_replacement,0.026834848642571355,0.0385125408218835,0.006687580897116037
2.0,2048,4,0,with_replacement,0.01932399047687287,0.027935743757847457,0.006687580897116037
2.0,2048,8,0,with_replacement,0.013747749308219339,0.0199855632562752,0.006687580897116037
2.0,2048,16,0,with_replacement,0.0104355186104794,0.014536688140611024,0.006687580897116037
2.0,2048,32,0,with_replacement,0.01036010282197883,0.011015018972297822,0.006687580897116037
2.0,2048,64,0,with_replacement,0.007572545606648319,0.008925101665418381,0.006687580897116037
2.0,2048,128,0,with_replacement,0.0072543710919179645,0.007837050477933016,0.006687580897116037
2.0,2048,256,0,with_replacement,0.007167570990460562,0.007372640126071553,0.006687580897116037
2.0,2048,1,0,reshuffle,0.04017301620388181,0.05061937952927166,0.006687580897116037
2.0,2048,2,0,reshuffle,0.029937587291276987,0.03726016512858804,0.006687580897116037
2.0,2048,4,0,reshuffle,0.021521284021457962,0.02691917387423726,0.006687580897116037
2.0,2048,8,0,reshuffle,0.025624765773686338,0.01932399053634648,0.006687580897116037
2.0,2048,16,0,reshuffle,0.010221537232786699,0.014190185505059877,0.006687580897116037
2.0,2048,32,0,reshuffle,0.008956878762996067,0.010847528553039087,0.006687580897116037
2.0,2048,64,0,reshuffle,0.007719815987448324,0.008860584689401665,0.006687580897116037
2.0,2048,128,0,reshuffle,0.007242700872350226,0.007813436124277326,0.006687580897116037
2.0,2048,256,0,reshuffle,0.00716864106243079,0.007364806886786626,0.006687580897116037
2.0,2048,1,0,cyclic,0.06986564947147955,0.05025444459095713,0.006687580897116037
2.0,2048,2,0,cyclic,0.05190721433736493,0.03686106058405825,0.006687580897116037
2.0,2048,4,0,cyclic,0.03551578900200876,0.026770744521464152,0.006687580897116037
2.0,2048,8,0,cyclic,0.023995623514594257,0.019297151599195306,0.006687580897116037
2.0,2048,16,0,cyclic,0.017410617604407746,0.014140341406111624,0.006687580897116037
2.0,2048,32,0,cyclic,0.012937889284753113,0.01082420925902167,0.006687580897116037
2.0,2048,64,0,cyclic,0.00946899368832804,0.008859210892653045,0.006687580897116037
2.0,2048,128,0,cyclic,0.007593745735346937,0.0078258901727695,0.006687580897116037
2.0,2048,256,0,cyclic,0.0071795067164484114,0.007374360315904086,0.006687580897116037
2.0,2048,1,1,with_replacement,0.03651414107466342,0.051162124587342296,0.006687580897116037
2.0,2048,2,1,with_replacement,0.026410300801967056,0.03727505410991007,0.006687580897116037
2.0,2048,4,1,with_replacement,0.02035922101479141,0.02724958661438332,0.006687580897116037
2.0,2048,8,1,with_replacement,0.01495204984597463,0.020232588722080405,0.006687580897116037
2.0,2048,16,1,with_replacement,0.011412884912592269,0.0153685290992008,0.006687580897116037
2.0,2048,32,1,with_replacement,0.009392079202417285,0.011974042449876814,0.006687580897116037
2.0,2048,64,1,with_replacement,0.008981843887443124,0.009824849807454485,0.006687580897116037
2.0,2048,128,1,with_replacement,0.00817880802840992,0.008665038469023178,0.006687580897116037
2.0,2048,256,1,with_replacement,0.007892878362607126,0.008145069544429057,0.006687580897116037
2.0,2048,1,1,reshuffle,0.040326998153113615,0.05295602547105007,0.006687580897116037
2.0,2048,2,1,reshuffle,0.026225946691283496,0.03686250230551127,0.006687580897116037
2.0,2048,4,1,reshuffle,0.019028097199296358,0.026670905532325505,0.006687580897116037
2.0,2048,8,1,reshuffle,0.014234973740745584,0.019814001748847367,0.006687580897116037
2.0,2048,16,1,reshuffle,0.0116491799546531,0.015051849048614348,0.006687580897116037
2.0,2048,32,1,reshuffle,0.009164836912809306,0.011757974759200915,0.006687580897116037
2.0,2048,64,1,reshuffle,0.008371359701194004,0.009715773958668806,0.006687580897116037
2.0,2048,128,1,reshuffle,0.008075044625521256,0.008630331577248783,0.006687580897116037
2.0,2048,256,1,reshuffle,0.007962165928235149,0.008134968308351137,0.006687580897116037
2.0,2048,1,1,cyclic,0.03949771858397452,0.05223045243904381,0.006687580897116037
2.0,2048,2,1,cyclic,0.02716842876436387,0.03701036428860433,0.006687580897116037
2.0,2048,4,1,cyclic,0.01917719192535089,0.026772252591346326,0.006687580897116037
2.0,2048,8,1,cyclic,0.014405060062332992,0.01988273701172885,0.006687580897116037
2.0,2048,16,1,cyclic,0.011253584514096833,0.01511923350295187,0.006687580897116037
2.0,2048,32,1,cyclic,0.009329720016528677,0.011813422619357338,0.006687580897116037
2.0,2048,64,1,cyclic,0.0083966241678241,0.009749204652209627,0.006687580897116037
2.0,2048,128,1,cyclic,0.008014735334106547,0.008645406208034478,0.006687580897116037
2.0,2048,256,1,cyclic,0.007891924297026537,0.00814145889977459,0.006687580897116037
2.0,2048,1,2,with_replacement,0.04339732165931823,0.05312185028025942,0.006687580897116037
2.0,2048,2,2,with_replacement,0.02468847916577834,0.03752785570370352,0.006687580897116037
2.0,2048,4,2,with_replacement,0.02041052217918168,0.026265750857865998,0.006687580897116037
2.0,2048,8,2,with_replacement,0.01666575909803485,0.018991693116955737,0.006687580897116037
2.0,2048,16,2,with_replacement,0.010168149913042771,0.014034377311031873,0.006687580897116037
2.0,2048,32,2,with_replacement,0.008433970363613758,0.010765246397963236,0.006687580897116037
2.0,2048,64,2,with_replacement,0.007511510953017027,0.008749173277981479,0.006687580897116037
2.0,2048,128,2,with_replacement,0.007125859757639645,0.0076903121254181285,0.006687580897116037
2.0,2048,256,2,with_replacement,0.00705731812022641,0.007244786692542141,0.006687580897116037
2.0,2048,1,2,reshuffle,0.037172768775519595,0.050100427104453706,0.006687580897116037
2.0,2048,2,2,reshuffle,0.03093130473361307,0.035180051039227986,0.006687580897116037
2.0,2048,4,2,reshuffle,0.017537806269358202,0.025205205381341383,0.006687580897116037
2.0,2048,8,2,reshuffle,0.013656268037316989,0.018406214190460585,0.006687580897116037
2.0,2048,16,2,reshuffle,0.010246879346081289,0.01369254873442885,0.006687580897116037
2.0,2048,32,2,reshuffle,0.008489934428616348,0.010575913171820654,0.006687580897116037
2.0,2048,64,2,reshuffle,0.0074595030219531165,0.008656845235856685,0.006687580897116037
2.0,2048,128,2,reshuffle,0.007136171737074826,0.007648631925307781,0.006687580897116037
2.0,2048,256,2,reshuffle,0.00704361584650837,0.007229494255299826,0.006687580897116037
2.0,2048,1,2,cyclic,0.03583002366434758,0.05022755548214678,0.006687580897116037
2.0,2048,2,2,cyclic,0.025421107518281295,0.03558698331877845,0.006687580897116037
2.0,2048,4,2,cyclic,0.01817971447995407,0.025525867766384023,0.006687580897116037
2.0,2048,8,2,cyclic,0.013626904727433735,0.018595258239987342,0.006687580897116037
2.0,2048,16,2,cyclic,0.010449896613673983,0.013822308740832278,0.006687580897116037
2.0,2048,32,2,cyclic,0.008363775347968519,0.01065695427244145,0.006687580897116037
2.0,2048,64,2,cyclic,0.007411961650459931,0.008710611629291393,0.006687580897116037
2.0,2048,128,2,cyclic,0.007114191477583185,0.0076768954762956,0.006687580897116037
2.0,2048,256,2,cyclic,0.007047530408042504,0.007239532229325947,0.006687580897116037
2.0,2048,1,3,with_replacement,0.040571572826141974,0.0529786440928759,0.006687580897116037
2.0,2048,2,3,with_replacement,0.024194532417226744,0.03652196196245647,0.006687580897116037
2.0,2048,4,3,with_replacement,0.03310499909797382,0.025993052962433653,0.006687580897116037
2.0,2048,8,3,with_replacement,0.020911716218195077,0.019208703853839344,0.006687580897116037
2.0,2048,16,3,with_replacement,0.010870244669410804,0.014356697819529406,0.006687580897116037
2.0,2048,32,3,with_replacement,0.008378831600483841,0.010832749166052435,0.006687580897116037
2.0,2048,64,3,with_replacement,0.007417562885558487,0.008638106372940683,0.006687580897116037
2.0,2048,128,3,with_replacement,0.006913903704678722,0.00750043982322595,0.006687580897116037
2.0,2048,256,3,with_replacement,0.006840416213792956,0.007032191741090783,0.006687580897116037
2.0,2048,1,3,reshuffle,0.06742924576711573,0.04819892012992566,0.006687580897116037
2.0,2048,2,3,reshuffle,0.02519579625483708,0.03487463417550734,0.006687580897116037
2.0,2048,4,3,reshuffle,0.021137604443584042,0.025821267874514414,0.006687580897116037
2.0,2048,8,3,reshuffle,0.013694828600214601,0.019149129935097466,0.006687580897116037
2.0,2048,16,3,reshuffle,0.010543618730362709,0.014221141301548373,0.006687580897116037
2.0,2048,32,3,reshuffle,0.008784734865069603,0.010731072667604882,0.006687580897116037
2.0,2048,64,3,reshuffle,0.00745565341850782,0.00856780510761118,0.006687580897116037
2.0,2048,128,3,reshuffle,0.00691599000604572,0.0074648068169944825,0.006687580897116037
2.0,2048,256,3,reshuffle,0.006838756532097908,0.007016244021921205,0.006687580897116037
2.0,2048,1,3,cyclic,0.03725365357415396,0.04841340669567254,0.006687580897116037
2.0,2048,2,3,cyclic,0.028220850178014185,0.03497968198081734,0.006687580897116037
2.0,2048,4,3,cyclic,0.02169031633285378,0.025838042157341347,0.006687580897116037
2.0,2048,8,3,cyclic,0.01634908772631563,0.019196396571066008,0.006687580897116037
2.0,2048,16,3,cyclic,0.01205641956100983,0.014251765494405417,0.006687580897116037
2.0,2048,32,3,cyclic,0.009081580006803156,0.010743767838904992,0.006687580897116037
2.0,2048,64,3,cyclic,0.007481251013146899,0.008562576613597949,0.006687580897116037
2.0,2048,128,3,cyclic,0.006933644830848443,0.0074589175260761,0.006687580897116037
2.0,2048,256,3,cyclic,0.006841303959309922,0.007017349797572923,0.006687580897116037
2.0,2048,1,4,with_replacement,0.033187809946845254,0.0511210675362093,0.006687580897116037
2.0,2048,2,4,with_replacement,0.029224257436542844,0.035910373136937644,0.006687580897116037
2.0,2048,4,4,with_replacement,0.019975912802746142,0.02542273089276424,0.006687580897116037
2.0,2048,8,4,with_replacement,0.013016496129787695,0.01859804428864412,0.006687580897116037
2.0,2048,16,4,with_replacement,0.010872531354622834,0.014025557706045135,0.006687580897116037
2.0,2048,32,4,with_replacement,0.008371620718918575,0.010869025605228486,0.006687580897116037
2.0,2048,64,4,with_replacement,0.007394751554093266,0.00882437578097553,0.006687580897116037
2.0,2048,128,4,with_replacement,0.006916391615621732,0.007635774365276018,0.006687580897116037
2.0,2048,256,4,with_replacement,0.006797424385663887,0.0070769663477030665,0.006687580897116037
2.0,2048,1,4,reshuffle,0.041556479857046594,0.055101875341922325,0.006687580897116037
2.0,2048,2,4,reshuffle,0.025086736935493216,0.037439515394414105,0.006687580897116037
2.0,2048,4,4,reshuffle,0.017502246762428793,0.02614153528458668,0.006687580897116037
2.0,2048,8,4,reshuffle,0.013124160959763528,0.018801524616106836,0.006687580897116037
2.0,2048,16,4,reshuffle,0.010465302979216143,0.013924206876182036,0.006687580897116037
2.0,2048,32,4,reshuffle,0.00852934794030567,0.01074867767250947,0.006687580897116037
2.0,2048,64,4,reshuffle,0.007292727568364857,0.008733737038052641,0.006687580897116037
2.0,2048,128,4,reshuffle,0.006904724586634117,0.007579819831653439,0.006687580897116037
2.0,2048,256,4,reshuffle,0.006855529316724321,0.007049267797540176,0.006687580897116037
2.0,2048,1,4,cyclic,0.03584886304872297,0.049458548682284054,0.006687580897116037
2.0,2048,2,4,cyclic,0.025606620612176563,0.03526517098903779,0.006687580897116037
2.0,2048,4,4,cyclic,0.01852134697290209,0.025400948249585643,0.006687580897116037
2.0,2048,8,4,cyclic,0.013715743931744252,0.018551122231178444,0.006687580897116037
2.0,2048,16,4,cyclic,0.01067831662279671,0.01387288777011773,0.006687580897116037
2.0,2048,32,4,cyclic,0.008753103388534987,0.010768269133315253,0.006687580897116037
2.0,2048,64,4,cyclic,0.007554257414683453,0.008774793173433784,0.006687580897116037
2.0,2048,128,4,cyclic,0.0069783568658517035,0.007611297081493924,0.006687580897116037
2.0,2048,256,4,cyclic,0.006794527542988985,0.00706174580862605,0.006687580897116037
2.0,2048,1,5,with_replacement,0.03549198038127222,0.05270722233963848,0.006687580897116037
2.0,2048,2,5,with_replacement,0.03444988241992636,0.03745647524333297,0.006687580897116037
2.0,2048,4,5,with_replacement,0.017937490226176103,0.02640337169874169,0.006687580897116037
2.0,2048,8,5,with_replacement,0.013394890909979381,0.018866578657020506,0.006687580897116037
2.0,2048,16,5,with_replacement,0.0101770568287492,0.01388018164138576,0.006687580897116037
2.0,2048,32,5,with_replacement,0.007918707663786937,0.010500720396138847,0.006687580897116037
2.0,2048,64,5,with_replacement,0.007010897816520178,0.008315602904470292,0.006687580897116037
2.0,2048,128,5,with_replacement,0.006819720429312964,0.0070659000798572605,0.006687580897116037
2.0,2048,256,5,with_replacement,0.00633869809987687,0.006517838705790827,0.006687580897116037
2.0,2048,1,5,reshuffle,0.06565315653270418,0.04647782696208667,0.006687580897116037
2.0,2048,2,5,reshuffle,0.025824034759265865,0.0341959353936222,0.006687580897116037
2.0,2048,4,5,reshuffle,0.023543687752207606,0.024953675103845455,0.006687580897116037
2.0,2048,8,5,reshuffle,0.012767087857624445,0.01825502008524788,0.006687580897116037
2.0,2048,16,5,reshuffle,0.010439855092445445,0.013505712930512084,0.006687580897116037
2.0,2048,32,5,reshuffle,0.008038668964097714,0.010265283209570342,0.006687580897116037
2.0,2048,64,5,reshuffle,0.006843948036723021,0.008175233870108,0.006687580897116037
2.0,2048,128,5,reshuffle,0.006366580135825782,0.00700780153127488,0.006687580897116037
2.0,2048,256,5,reshuffle,0.006272657534301522,0.00649910683877231,0.006687580897116037
2.0,2048,1,5,cyclic,0.03813737651351825,0.04755602799429869,0.006687580897116037
2.0,2048,2,5,cyclic,0.027024387997850827,0.034671395022252194,0.006687580897116037
2.0,2048,4,5,cyclic,0.018604284917661272,0.025190673191230008,0.006687580897116037
2.0,2048,8,5,cyclic,0.013009642828328005,0.018433410200622724,0.006687580897116037
2.0,2048,16,5,cyclic,0.00970598640602316,0.013678552595296583,0.006687580897116037
2.0,2048,32,5,cyclic,0.007772036664036104,0.010385663929240516,0.006687580897116037
2.0,2048,64,5,cyclic,0.00674025624764243,0.008247100366610716,0.006687580897116037
2.0,2048,128,5,cyclic,0.006361217713168392,0.007046263249730338,0.006687580897116037
2.0,2048,256,5,cyclic,0.006274607722063636,0.006517441637947461,0.006687580897116037
2.0,2048,1,6,with_replacement,0.053058279480000206,0.048910203789507715,0.006687580897116037
2.0,2048,2,6,with_replacement,0.02699410188887394,0.035205125323566955,0.006687580897116037
2.0,2048,4,6,with_replacement,0.019188086248573433,0.02607663755903199,0.006687580897116037
2.0,2048,8,6,with_replacement,0.020272111631271565,0.019612429256867053,0.006687580897116037
2.0,2048,16,6,with_replacement,0.011401309456020867,0.015231865514885035,0.006687580897116037
2.0,2048,32,6,with_replacement,0.00942890305130427,0.012045276961359251,0.006687580897116037
2.0,2048,64,6,with_replacement,0.008650622765490907,0.009831798611493369,0.006687580897116037
2.0,2048,128,6,with_replacement,0.007804649770833378,0.00855278808336564,0.006687580897116037
2.0,2048,256,6,with_replacement,0.007663551399378616,0.00796284765611201,0.006687580897116037
2.0,2048,1,6,reshuffle,0.031358079612668205,0.04806168118477667,0.006687580897116037
2.0,2048,2,6,reshuffle,0.038876086508030906,0.03429255570907633,0.006687580897116037
2.0,2048,4,6,reshuffle,0.01869963466336281,0.025564433858585266,0.006687580897116037
2.0,2048,8,6,reshuffle,0.01820308389821373,0.019550379900700333,0.006687580897116037
2.0,2048,16,6,reshuffle,0.012301735921598209,0.015185265699887094,0.006687580897116037
2.0,2048,32,6,reshuffle,0.009303511309137695,0.011976560556742967,0.006687580897116037
2.0,2048,64,6,reshuffle,0.008167003805313927,0.009788124053498467,0.006687580897116037
2.0,2048,128,6,reshuffle,0.007770148276899671,0.008535514580599828,0.006687580897116037
2.0,2048,256,6,reshuffle,0.007786876202676631,0.007953439628779285,0.006687580897116037
2.0,2048,1,6,cyclic,0.03564494639307792,0.046339452289032516,0.006687580897116037
2.0,2048,2,6,cyclic,0.028834975272704164,0.03382763119048893,0.006687580897116037
2.0,2048,4,6,cyclic,0.022777141108856605,0.025411650824063648,0.006687580897116037
2.0,2048,8,6,cyclic,0.01763783790269377,0.019476589604331546,0.006687580897116037
2.0,2048,16,6,cyclic,0.013248419432657027,0.015133157152775932,0.006687580897116037
2.0,2048,32,6,cyclic,0.009932578537862743,0.011921195270264072,0.006687580897116037
2.0,2048,64,6,cyclic,0.0082811705193122,0.009738690417971051,0.006687580897116037
2.0,2048,128,6,cyclic,0.007782854802735259,0.008503643370855954,0.006687580897116037
2.0,2048,256,6,cyclic,0.007659351037611335,0.007937696567092907,0.006687580897116037
2.0,2048,1,7,with_replacement,0.08146285757008997,0.0495541994922114,0.006687580897116037
2.0,2048,2,7,with_replacement,0.026555911190378152,0.034909305224989605,0.006687580897116037
2.0,2048,4,7,with_replacement,0.022339224455886025,0.024965951984571404,0.006687580897116037
2.0,2048,8,7,with_replacement,0.01498987670350411,0.018049089672586484,0.006687580897116037
2.0,2048,16,7,with_replacement,0.009676479335595024,0.01323070938682037,0.006687580897116037
2.0,2048,32,7,with_replacement,0.007553899817739725,0.010016547312814466,0.006687580897116037
2.0,2048,64,7,with_replacement,0.006874991701426457,0.008036551833620769,0.006687580897116037
2.0,2048,128,7,with_replacement,0.006475491631853365,0.006969656207339416,0.006687580897116037
2.0,2048,256,7,with_replacement,0.006298738797557925,0.006507909202380562,0.006687580897116037
2.0,2048,1,7,reshuffle,0.03286019502883141,0.04897072337193402,0.006687580897116037
2.0,2048,2,7,reshuffle,0.024560833408974504,0.03461793362409948,0.006687580897116037
2.0,2048,4,7,reshuffle,0.017717572957484884,0.02453393066506738,0.006687580897116037
2.0,2048,8,7,reshuffle,0.012169620974232074,0.01766311013106,0.006687580897116037
2.0,2048,16,7,reshuffle,0.009357996108023512,0.012964620545039496,0.006687580897116037
2.0,2048,32,7,reshuffle,0.008446994898566007,0.009858361756233242,0.006687580897116037
2.0,2048,64,7,reshuffle,0.006751556902364209,0.007952848454291412,0.006687580897116037
2.0,2048,128,7,reshuffle,0.0063770030141719605,0.006932520798771776,0.006687580897116037
2.0,2048,256,7,reshuffle,0.006302314457328652,0.006495685798218553,0.006687580897116037
2.0,2048,1,7,cyclic,0.03162935559206423,0.04943166264335675,0.006687580897116037
2.0,2048,2,7,cyclic,0.022741382887168992,0.034396301479028044,0.006687580897116037
2.0,2048,4,7,cyclic,0.016662384520562134,0.02446926747898153,0.006687580897116037
2.0,2048,8,7,cyclic,0.012316126246301616,0.017661146929175267,0.006687580897116037
2.0,2048,16,7,cyclic,0.009418321341382421,0.012950756318132655,0.006687580897116037
2.0,2048,32,7,cyclic,0.00768768985678284,0.0098458889649493,0.006687580897116037
2.0,2048,64,7,cyclic,0.006751449353687668,0.007954738669937726,0.006687580897116037
2.0,2048,128,7,cyclic,0.006385439293688015,0.006939549854937129,0.006687580897116037
2.0,2048,256,7,cyclic,0.006301642906019605,0.006501036804753253,0.006687580897116037
2.0,2048,1,8,with_replacement,0.03232468182814672,0.04967503603513052,0.006687580897116037
2.0,2048,2,8,with_replacement,0.024434345522800965,0.035012285140908705,0.006687580897116037
2.0,2048,4,8,with_replacement,0.01842115438219342,0.025365991136057697,0.006687580897116037
2.0,2048,8,8,with_replacement,0.013133253490892111,0.018668032041867007,0.006687580897116037
2.0,2048,16,8,with_replacement,0.010638067055707155,0.013956244702953325,0.006687580897116037
2.0,2048,32,8,with_replacement,0.00828624487701494,0.010605150345740328,0.006687580897116037
2.0,2048,64,8,with_replacement,0.006935893638455374,0.008477017935470009,0.006687580897116037
2.0,2048,128,8,with_replacement,0.006544704891658497,0.007264748484608474,0.006687580897116037
2.0,2048,256,8,with_replacement,0.006436620247070751,0.006706292373205014,0.006687580897116037
2.0,2048,1,8,reshuffle,0.037417212338850696,0.049698803506043505,0.006687580897116037
2.0,2048,2,8,reshuffle,0.023655865769888457,0.03543479120671654,0.006687580897116037
2.0,2048,4,8,reshuffle,0.017499731975451807,0.025375537065057387,0.006687580897116037
2.0,2048,8,8,reshuffle,0.015478222986707573,0.018386184906599337,0.006687580897116037
2.0,2048,16,8,reshuffle,0.009813437294575778,0.013604868937456499,0.006687580897116037
2.0,2048,32,8,reshuffle,0.008519517303201576,0.010408362779479208,0.006687580897116037
2.0,2048,64,8,reshuffle,0.007252661181630564,0.008364506346520945,0.006687580897116037
2.0,2048,128,8,reshuffle,0.006531971114233408,0.007213765507050684,0.006687580897116037
2.0,2048,256,8,reshuffle,0.00643181003521098,0.006689226958979362,0.006687580897116037
2.0,2048,1,8,cyclic,0.0586538308475598,0.04986243443471017,0.006687580897116037
2.0,2048,2,8,cyclic,0.044121244564529254,0.03533690073104918,0.006687580897116037
2.0,2048,4,8,cyclic,0.027901055584722494,0.025351040597216074,0.006687580897116037
2.0,2048,8,8,cyclic,0.016888797702807597,0.0184606871867326,0.006687580897116037
2.0,2048,16,8,cyclic,0.01122687356808723,0.013723001726403084,0.006687580897116037
2.0,2048,32,8,cyclic,0.008498602578259492,0.010507691745799715,0.006687580897116037
2.0,2048,64,8,cyclic,0.007234932740178982,0.008437574136488274,0.006687580897116037
2.0,2048,128,8,cyclic,0.00666826577395226,0.007260527271759381,0.006687580897116037
2.0,2048,256,8,cyclic,0.006465944235654406,0.006712109583079005,0.006687580897116037
2.0,2048,1,9,with_replacement,0.033333431899696536,0.049003418787455996,0.006687580897116037
2.0,2048,2,9,with_replacement,0.024357838997567993,0.034932616766384324,0.006687580897116037
2.0,2048,4,9,with_replacement,0.026589878065877207,0.025113031274539073,0.006687580897116037
2.0,2048,8,9,with_replacement,0.017829831676212632,0.018322366616320692,0.006687580897116037
2.0,2048,16,9,with_replacement,0.010440468586659906,0.013711235185630177,0.006687580897116037
2.0,2048,32,9,with_replacement,0.00857384430002857,0.010671845014874183,0.006687580897116037
2.0,2048,64,9,with_replacement,0.007387186892243131,0.008691099901887841,0.006687580897116037
2.0,2048,128,9,with_replacement,0.007011712157836714,0.007597581986571389,0.006687580897116037
2.0,2048,256,9,with_replacement,0.006906388955398202,0.007122113111708599,0.006687580897116037
2.0,2048,1,9,reshuffle,0.03604800681016546,0.052378254619384584,0.006687580897116037
2.0,2048,2,9,reshuffle,0.024256546423974117,0.03627944313137804,0.006687580897116037
2.0,2048,4,9,reshuffle,0.017959841964478262,0.025272598785575563,0.006687580897116037
2.0,2048,8,9,reshuffle,0.01321092428413369,0.01805534869452613,0.006687580897116037
2.0,2048,16,9,reshuffle,0.011577496107499164,0.013451604670092597,0.006687580897116037
2.0,2048,32,9,reshuffle,0.009364183585563979,0.01049748462231545,0.006687580897116037
2.0,2048,64,9,reshuffle,0.007597043683902979,0.008620279918217818,0.006687580897116037
2.0,2048,128,9,reshuffle,0.00700011408367074,0.00757345284654674,0.006687580897116037
2.0,2048,256,9,reshuffle,0.0068992734720172205,0.0071137369229570795,0.006687580897116037
2.0,2048,1,9,cyclic,0.041575049271415476,0.04832307851170408,0.006687580897116037
2.0,2048,2,9,cyclic,0.030908171964577284,0.03501494095058424,0.006687580897116037
2.0,2048,4,9,cyclic,0.023223989964667645,0.02503521412275722,0.006687580897116037
2.0,2048,8,9,cyclic,0.017917860618719875,0.018049037103324395,0.006687580897116037
2.0,2048,16,9,cyclic,0.013454337044444412,0.013490129985760426,0.006687580897116037
2.0,2048,32,9,cyclic,0.009610517369179056,0.010559420705988656,0.006687580897116037
2.0,2048,64,9,cyclic,0.00750794129281468,0.008676014451991794,0.006687580897116037
2.0,2048,128,9,cyclic,0.0069894978612345445,0.007604958003814665,0.006687580897116037
2.0,2048,256,9,cyclic,0.006900332650589318,0.007127240138664943,0.006687580897116037
2.35,2048,1,0,with_replacement,0.037021679909795,0.05259160766559841,0.006006047915455405
2.35,2048,2,0,with_replacement,0.0302088189310443,0.03912183826182366,0.006006047915455405
2.35,2048,4,0,with_replacement,0.020240471347874867,0.02851543426118649,0.006006047915455405
2.35,2048,8,0,with_replacement,0.015636626786284205,0.020737171321796553,0.006006047915455405
2.35,2048,16,0,with_replacement,0.010661274536285452,0.01503612548921845,0.006006047915455405
2.35,2048,32,0,with_replacement,0.008604750833825899,0.011274712538888352,0.006006047915455405
2.35,2048,64,0,with_replacement,0.006999612543322992,0.008814241640084665,0.006006047915455405
2.35,2048,128,0,with_replacement,0.0065161911486146225,0.007373326599666336,0.006006047915455405
2.35,2048,256,0,with_replacement,0.00636009068860703,0.006692185832894404,0.006006047915455405
2.35,2048,1,0,reshuffle,0.038531746793008914,0.05210550730503456,0.006006047915455405
2.35,2048,2,0,reshuffle,0.02765859659252789,0.037350562063690786,0.006006047915455405
2.35,2048,4,0,reshuffle,0.019468580442878875,0.026850901664239143,0.006006047915455405
2.35,2048,8,0,reshuffle,0.01477806503317545,0.019539787774038725,0.006006047915455405
2.35,2048,16,0,reshuffle,0.013503923482686786,0.01447429968628723,0.006006047915455405
2.35,2048,32,0,reshuffle,0.008548971900471998,0.010979221039630912,0.006006047915455405
2.35,2048,64,0,reshuffle,0.007047530946930057,0.00868670800601076,0.006006047915455405
2.35,2048,128,0,reshuffle,0.006480452762369346,0.007325580866031396,0.006006047915455405
2.35,2048,256,0,reshuffle,0.006372613027461233,0.006675455283806028,0.006006047915455405
2.35,2048,1,0,cyclic,0.03605216116356528,0.05045809676358827,0.006006047915455405
2.35,2048,2,0,cyclic,0.025855160314858967,0.03655387238389596,0.006006047915455405
2.35,2048,4,0,cyclic,0.018811395974804444,0.02664306411600163,0.006006047915455405
2.35,2048,8,0,cyclic,0.013927527715837884,0.019499946365113426,0.006006047915455405
2.35,2048,16,0,cyclic,0.010686435935919576,0.01445353856484729,0.006006047915455405
2.35,2048,32,0,cyclic,0.008503178400615036,0.010981442017903777,0.006006047915455405
2.35,2048,64,0,cyclic,0.007148543009174259,0.00869492639809684,0.006006047915455405
2.35,2048,128,0,cyclic,0.006531217447274631,0.007339486554209384,0.006006047915455405
2.35,2048,256,0,cyclic,0.00636146195484853,0.00668343686615263,0.006006047915455405
2.35,2048,1,1,with_replacement,0.03598782886279202,0.05178131104110358,0.006006047915455405
2.35,2048,2,1,with_replacement,0.026118503290537144,0.0372461619763977,0.006006047915455405
2.35,2048,4,1,with_replacement,0.01970870762110242,0.027337239849242072,0.006006047915455405
2.35,2048,8,1,with_replacement,0.01430449622933775,0.02005750964030193,0.006006047915455405
2.35,2048,16,1,with_replacement,0.012358013626943071,0.014806176409009246,0.006006047915455405
2.35,2048,32,1,with_replacement,0.008182200398969202,0.011063877687127171,0.006006047915455405
2.35,2048,64,1,with_replacement,0.007015173116543299,0.008638890985846947,0.006006047915455405
2.35,2048,128,1,with_replacement,0.0064989121642735756,0.00728106155491858,0.006006047915455405
2.35,2048,256,1,with_replacement,0.006381758189192332,0.006669923395940549,0.006006047915455405
2.35,2048,1,1,reshuffle,0.035196521151873314,0.05214036951662123,0.006006047915455405
2.35,2048,2,1,reshuffle,0.028167516131128358,0.037600806533078186,0.006006047915455405
2.35,2048,4,1,reshuffle,0.021142434248803316,0.02725746888031798,0.006006047915455405
2.35,2048,8,1,reshuffle,0.01469699106240438,0.019977656745097314,0.006006047915455405
2.35,2048,16,1,reshuffle,0.010443514116977151,0.014737668480517383,0.006006047915455405
2.35,2048,32,1,reshuffle,0.008078451514784108,0.011007061448526043,0.006006047915455405
2.35,2048,64,1,reshuffle,0.006988225338628743,0.008597427296991903,0.006006047915455405
2.35,2048,128,1,reshuffle,0.0065269179433722355,0.0072592550754016286,0.006006047915455405
2.35,2048,256,1,reshuffle,0.0063786468961256355,0.006661822288750048,0.006006047915455405
2.35,2048,1,1,cyclic,0.03427733770818151,0.051111666695733075,0.006006047915455405
2.35,2048,2,1,cyclic,0.025476322409489112,0.03693754548061768,0.006006047915455405
2.35,2048,4,1,cyclic,0.01860112835181325,0.027037985895244802,0.006006047915455405
2.35,2048,8,1,cyclic,0.013541946872866981,0.019943674557852176,0.006006047915455405
2.35,2048,16,1,cyclic,0.01016534409986909,0.014697794250340455,0.006006047915455405
2.35,2048,32,1,cyclic,0.008103513871281946,0.010953675375974293,0.006006047915455405
2.35,2048,64,1,cyclic,0.006979280628942328,0.008553939714565363,0.006006047915455405
2.35,2048,128,1,cyclic,0.006539456672100442,0.007232156425524732,0.006006047915455405
2.35,2048,256,1,cyclic,0.00639541193257165,0.00665057964431263,0.006006047915455405
2.35,2048,1,2,with_replacement,0.035381549735201086,0.049254539242823754,0.006006047915455405
2.35,2048,2,2,with_replacement,0.025032793910827255,0.03556497702015432,0.006006047915455405
2.35,2048,4,2,with_replacement,0.01888218278430958,0.025812646376336755,0.006006047915455405
2.35,2048,8,2,with_replacement,0.013614517131635256,0.019024436712396467,0.006006047915455405
2.35,2048,16,2,with_replacement,0.012950175244280219,0.014160981677387262,0.006006047915455405
2.35,2048,32,2,with_replacement,0.00843202447401582,0.010908183933086728,0.006006047915455405
2.35,2048,64,2,with_replacement,0.007255101568532861,0.008800265680126877,0.006006047915455405
2.35,2048,128,2,with_replacement,0.006838393602110268,0.007572551003782598,0.006006047915455405
2.35,2048,256,2,with_replacement,0.00667471132178714,0.006979456030638244,0.006006047915455405
2.35,2048,1,2,reshuffle,0.03671501137879346,0.049430196822873425,0.006006047915455405
2.35,2048,2,2,reshuffle,0.030279901681573674,0.035116957851772226,0.006006047915455405
2.35,2048,4,2,reshuffle,0.04071616368354921,0.0254484585266344,0.006006047915455405
2.35,2048,8,2,reshuffle,0.014077942365905842,0.018604412440017776,0.006006047915455405
2.35,2048,16,2,reshuffle,0.01034889439841626,0.013866463859003626,0.006006047915455405
2.35,2048,32,2,reshuffle,0.008253107435332117,0.010704079707083496,0.006006047915455405
2.35,2048,64,2,reshuffle,0.007293871618955722,0.008687880126836472,0.006006047915455405
2.35,2048,128,2,reshuffle,0.0068409456291769755,0.007523643118755104,0.006006047915455405
2.35,2048,256,2,reshuffle,0.006672768198355452,0.006962117338318554,0.006006047915455405
2.35,2048,1,2,cyclic,0.03263635307554137,0.04943623380415407,0.006006047915455405
2.35,2048,2,2,cyclic,0.02350851658742218,0.03500876216179745,0.006006047915455405
2.35,2048,4,2,cyclic,0.017165312710328985,0.025277177828037387,0.006006047915455405
2.35,2048,8,2,cyclic,0.012859196873377766,0.01846804967468178,0.006006047915455405
2.35,2048,16,2,cyclic,0.010095088156554945,0.013762840289447836,0.006006047915455405
2.35,2048,32,2,cyclic,0.008337722887109657,0.010648834684544568,0.006006047915455405
2.35,2048,64,2,cyclic,0.007319982299495145,0.008671253856145136,0.006006047915455405
2.35,2048,128,2,cyclic,0.006854633964394575,0.007527069006572928,0.006006047915455405
2.35,2048,256,2,cyclic,0.006687498637630388,0.00697133181057895,0.006006047915455405
2.35,2048,1,3,with_replacement,0.039168796344754786,0.05173262526122636,0.006006047915455405
2.35,2048,2,3,with_replacement,0.029189699111205766,0.03799107812195464,0.006006047915455405
2.35,2048,4,3,with_replacement,0.02431168362960647,0.028055202356187796,0.006006047915455405
2.35,2048,8,3,with_replacement,0.018491145642719073,0.020208344787013114,0.006006047915455405
2.35,2048,16,3,with_replacement,0.010791927343459571,0.014607642980277624,0.006006047915455405
2.35,2048,32,3,with_replacement,0.008350031091592953,0.010912322723517841,0.006006047915455405
2.35,2048,64,3,with_replacement,0.007991090357946066,0.008635002318205286,0.006006047915455405
2.35,2048,128,3,with_replacement,0.006542840973262314,0.007326352213977405,0.006006047915455405
2.35,2048,256,3,with_replacement,0.006425641566660418,0.006704370955840034,0.006006047915455405
2.35,2048,1,3,reshuffle,0.03775027340573865,0.05193277938273617,0.006006047915455405
2.35,2048,2,3,reshuffle,0.027889946851951387,0.037780852335196596,0.006006047915455405
2.35,2048,4,3,reshuffle,0.01859901299411747,0.027542021088127675,0.006006047915455405
2.35,2048,8,3,reshuffle,0.013560985406172317,0.019974542869445368,0.006006047915455405
2.35,2048,16,3,reshuffle,0.010019052876308639,0.014515171385493797,0.006006047915455405
2.35,2048,32,3,reshuffle,0.009175946519297722,0.010846695610224038,0.006006047915455405
2.35,2048,64,3,reshuffle,0.006943692425450822,0.008564452423896156,0.006006047915455405
2.35,2048,128,3,reshuffle,0.0065918692311883196,0.007280725183627323,0.006006047915455405
2.35,2048,256,3,reshuffle,0.006413081786033104,0.006687531701397548,0.006006047915455405
2.35,2048,1,3,cyclic,0.03488078179687126,0.04940668645952607,0.006006047915455405
2.35,2048,2,3,cyclic,0.02526259946676379,0.03644895114892339,0.006006047915455405
2.35,2048,4,3,cyclic,0.018281044497644384,0.02681506851619135,0.006006047915455405
2.35,2048,8,3,cyclic,0.013340131057758938,0.019582790609556602,0.006006047915455405
2.35,2048,16,3,cyclic,0.010050303533027808,0.014330620534060229,0.006006047915455405
2.35,2048,32,3,cyclic,0.008070643750116839,0.010764380274597963,0.006006047915455405
2.35,2048,64,3,cyclic,0.006995766480116803,0.008538398125223954,0.006006047915455405
2.35,2048,128,3,cyclic,0.0065456795173949745,0.007282422622554583,0.006006047915455405
2.35,2048,256,3,cyclic,0.006422396305897749,0.0066968755597932705,0.006006047915455405
2.35,2048,1,4,with_replacement,0.03647847528697448,0.05059942100031693,0.006006047915455405
2.35,2048,2,4,with_replacement,0.031172340884153635,0.036577987687778556,0.006006047915455405
2.35,2048,4,4,with_replacement,0.018079289069094544,0.026438673928378616,0.006006047915455405
2.35,2048,8,4,with_replacement,0.016218641231592033,0.018955664730795404,0.006006047915455405
2.35,2048,16,4,with_replacement,0.00985095501830661,0.013753570731588002,0.006006047915455405
2.35,2048,32,4,with_replacement,0.00825443798607796,0.010375259526200815,0.006006047915455405
2.35,2048,64,4,with_replacement,0.00668455897963683,0.008196636960100093,0.006006047915455405
2.35,2048,128,4,with_replacement,0.006123396264163798,0.00690700975925651,0.006006047915455405
2.35,2048,256,4,with_replacement,0.005934549962912041,0.0062666218120629846,0.006006047915455405
2.35,2048,1,4,reshuffle,0.04350828135972331,0.05001467782444152,0.006006047915455405
2.35,2048,2,4,reshuffle,0.023633857860165624,0.035300661815206566,0.006006047915455405
2.35,2048,4,4,reshuffle,0.01869397188060045,0.025156981654725186,0.006006047915455405
2.35,2048,8,4,reshuffle,0.012974624261887323,0.018267213073084907,0.006006047915455405
2.35,2048,16,4,reshuffle,0.009726697422797427,0.013507914922783028,0.006006047915455405
2.35,2048,32,4,reshuffle,0.008086495588853262,0.010269578187681946,0.006006047915455405
2.35,2048,64,4,reshuffle,0.006577938203310809,0.008155050060288138,0.006006047915455405
2.35,2048,128,4,reshuffle,0.006354577521449908,0.006887003707670774,0.006006047915455405
2.35,2048,256,4,reshuffle,0.00593566152019035,0.006259548471500888,0.006006047915455405
2.35,2048,1,4,cyclic,0.04713502486142845,0.05088947403680562,0.006006047915455405
2.35,2048,2,4,cyclic,0.033337217699593594,0.03627897214531598,0.006006047915455405
2.35,2048,4,4,cyclic,0.02224371555243698,0.025956577245408334,0.006006047915455405
2.35,2048,8,4,cyclic,0.0146968666402516,0.018720673398949023,0.006006047915455405
2.35,2048,16,4,cyclic,0.010398098820169507,0.013760145068780458,0.006006047915455405
2.35,2048,32,4,cyclic,0.0080189374580416,0.010415531971408053,0.006006047915455405
2.35,2048,64,4,cyclic,0.006766450736162522,0.008228373722112478,0.006006047915455405
2.35,2048,128,4,cyclic,0.006197638182651615,0.006925413273651118,0.006006047915455405
2.35,2048,256,4,cyclic,0.005964824734209817,0.006280187101940792,0.006006047915455405
2.35,2048,1,5,with_replacement,0.03434403839168122,0.05135880338477737,0.006006047915455405
2.35,2048,2,5,with_replacement,0.02487350856550709,0.03619908537974456,0.006006047915455405
2.35,2048,4,5,with_replacement,0.018813430814697836,0.02591322151661293,0.006006047915455405
2.35,2048,8,5,with_replacement,0.013227351908439695,0.018566459430519537,0.006006047915455405
2.35,2048,16,5,with_replacement,0.01027048537981269,0.013539367356814283,0.006006047915455405
2.35,2048,32,5,with_replacement,0.007658212843941164,0.010191950738638536,0.006006047915455405
2.35,2048,64,5,with_replacement,0.006391533396080371,0.007958899953769636,0.006006047915455405
2.35,2048,128,5,with_replacement,0.005905431823696229,0.006643414305086678,0.006006047915455405
2.35,2048,256,5,with_replacement,0.0057359209922544264,0.0060202151690406545,0.006006047915455405
2.35,2048,1,5,reshuffle,0.03376439606210771,0.05050775601668527,0.006006047915455405
2.35,2048,2,5,reshuffle,0.03901172072272323,0.035431408820555364,0.006006047915455405
2.35,2048,4,5,reshuffle,0.022260172500185898,0.02521444849908769,0.006006047915455405
2.35,2048,8,5,reshuffle,0.013057489755532633,0.018215306950566838,0.006006047915455405
2.35,2048,16,5,reshuffle,0.009846508157053947,0.013357973391097051,0.006006047915455405
2.35,2048,32,5,reshuffle,0.007635554684969921,0.010071176123054791,0.006006047915455405
2.35,2048,64,5,reshuffle,0.007113281233550832,0.007900786736366844,0.006006047915455405
2.35,2048,128,5,reshuffle,0.005831114704870556,0.00661925966085696,0.006006047915455405
2.35,2048,256,5,reshuffle,0.005717684466013933,0.006009626930884862,0.006006047915455405
2.35,2048,1,5,cyclic,0.040782956443811025,0.04796099554235914,0.006006047915455405
2.35,2048,2,5,cyclic,0.028797701223347964,0.03485586409575992,0.006006047915455405
2.35,2048,4,5,cyclic,0.01961720362508398,0.025102346374178682,0.006006047915455405
2.35,2048,8,5,cyclic,0.013534397229924023,0.01816207107494194,0.006006047915455405
2.35,2048,16,5,cyclic,0.010036130476936682,0.013384785599785174,0.006006047915455405
2.35,2048,32,5,cyclic,0.007855261845261956,0.010126860046752197,0.006006047915455405
2.35,2048,64,5,cyclic,0.006524823525574967,0.007954209511115312,0.006006047915455405
2.35,2048,128,5,cyclic,0.005909306861362133,0.006649961508785161,0.006006047915455405
2.35,2048,256,5,cyclic,0.005727944253367432,0.0060205496510785245,0.006006047915455405
2.35,2048,1,6,with_replacement,0.042276635885235544,0.04733789935061228,0.006006047915455405
2.35,2048,2,6,with_replacement,0.026679466812197364,0.03421566356409065,0.006006047915455405
2.35,2048,4,6,with_replacement,0.024156524929959084,0.0254511147569943,0.006006047915455405
2.35,2048,8,6,with_replacement,0.014033128759549367,0.019227636886255537,0.006006047915455405
2.35,2048,16,6,with_replacement,0.010834055458905478,0.014598994872894282,0.006006047915455405
2.35,2048,32,6,with_replacement,0.008630157443482743,0.01125742157528406,0.006006047915455405
2.35,2048,64,6,with_replacement,0.007282827500284629,0.009003591058057914,0.006006047915455405
2.35,2048,128,6,with_replacement,0.006785611495878435,0.007655921312350302,0.006006047915455405
2.35,2048,256,6,with_replacement,0.0066362642351228355,0.006990993032124754,0.006006047915455405
2.35,2048,1,6,reshuffle,0.03241471489425923,0.04996049068004936,0.006006047915455405
2.35,2048,2,6,reshuffle,0.026536484147239123,0.035234467175686554,0.006006047915455405
2.35,2048,4,6,reshuffle,0.020046059785503625,0.025780260417344002,0.006006047915455405
2.35,2048,8,6,reshuffle,0.013844911994089637,0.019318890488145873,0.006006047915455405
2.35,2048,16,6,reshuffle,0.0119051867035517,0.014666381129672161,0.006006047915455405
2.35,2048,32,6,reshuffle,0.008549924453829292,0.01129326862894151,0.006006047915455405
2.35,2048,64,6,reshuffle,0.007222656837758361,0.008999257872702643,0.006006047915455405
2.35,2048,128,6,reshuffle,0.006781963831298259,0.007637681034579337,0.006006047915455405
2.35,2048,256,6,reshuffle,0.006643715067318101,0.006983133289732707,0.006006047915455405
2.35,2048,1,6,cyclic,0.03270048003094101,0.04833533504907246,0.006006047915455405
2.35,2048,2,6,cyclic,0.024464750262613584,0.0348276552123638,0.006006047915455405
2.35,2048,4,6,cyclic,0.018465453225101965,0.025723161032660005,0.006006047915455405
2.35,2048,8,6,cyclic,0.014014787593168428,0.019312202543666123,0.006006047915455405
2.35,2048,16,6,cyclic,0.01071790322967311,0.014650420902156422,0.006006047915455405
2.35,2048,32,6,cyclic,0.008465318297952152,0.011275648826796733,0.006006047915455405
2.35,2048,64,6,cyclic,0.0072306936127521215,0.008985631856502098,0.006006047915455405
2.35,2048,128,6,cyclic,0.006762853673959208,0.0076291795353824795,0.006006047915455405
2.35,2048,256,6,cyclic,0.006637113546151233,0.0069772535660103125,0.006006047915455405
2.35,2048,1,7,with_replacement,0.03504635074360322,0.052174571103069334,0.006006047915455405
2.35,2048,2,7,with_replacement,0.02545285316212764,0.03750186471101305,0.006006047915455405
2.35,2048,4,7,with_replacement,0.018743581943561828,0.02702368705935828,0.006006047915455405
2.35,2048,8,7,with_replacement,0.012630154402293429,0.01928373284732407,0.006006047915455405
2.35,2048,16,7,with_replacement,0.009528704401717224,0.013795037484115086,0.006006047915455405
2.35,2048,32,7,with_replacement,0.007551214360551266,0.010219959996897498,0.006006047915455405
2.35,2048,64,7,with_replacement,0.006448045028553053,0.007961224006636814,0.006006047915455405
2.35,2048,128,7,with_replacement,0.0058754052632223,0.006663859302134238,0.006006047915455405
2.35,2048,256,7,with_replacement,0.005647178488028513,0.006008033159997706,0.006006047915455405
2.35,2048,1,7,reshuffle,0.03509352917698116,0.04940104867978135,0.006006047915455405
2.35,2048,2,7,reshuffle,0.02476107023927112,0.03509215466031221,0.006006047915455405
2.35,2048,4,7,reshuffle,0.017483098308353862,0.025132567893532545,0.006006047915455405
2.35,2048,8,7,reshuffle,0.012735375923337813,0.018221449021190356,0.006006047915455405
2.35,2048,16,7,reshuffle,0.009959100632489538,0.013431559070885349,0.006006047915455405
2.35,2048,32,7,reshuffle,0.007515444644370027,0.010090073107678992,0.006006047915455405
2.35,2048,64,7,reshuffle,0.006313963452398916,0.007903007046987473,0.006006047915455405
2.35,2048,128,7,reshuffle,0.005817711437478506,0.0066274853651156675,0.006006047915455405
2.35,2048,256,7,reshuffle,0.005647990318327643,0.005989152445365285,0.006006047915455405
2.35,2048,1,7,cyclic,0.03493905258634084,0.04972609679231542,0.006006047915455405
2.35,2048,2,7,cyclic,0.024544183479644176,0.035050204437864975,0.006006047915455405
2.35,2048,4,7,cyclic,0.017924717830511305,0.024988482937284524,0.006006047915455405
2.35,2048,8,7,cyclic,0.013592251804246638,0.018135140075050214,0.006006047915455405
2.35,2048,16,7,cyclic,0.010323600187803974,0.013385333699814225,0.006006047915455405
2.35,2048,32,7,cyclic,0.00804874756829416,0.010072965186566588,0.006006047915455405
2.35,2048,64,7,cyclic,0.006667086117231101,0.007901208188323693,0.006006047915455405
2.35,2048,128,7,cyclic,0.005938835210316089,0.0066388939143363565,0.006006047915455405
2.35,2048,256,7,cyclic,0.005665760019812729,0.006002190708955336,0.006006047915455405
2.35,2048,1,8,with_replacement,0.03850931363262805,0.04949480196117817,0.006006047915455405
2.35,2048,2,8,with_replacement,0.025364959239849036,0.03518317320913714,0.006006047915455405
2.35,2048,4,8,with_replacement,0.022365095904658395,0.0253567009872776,0.006006047915455405
2.35,2048,8,8,with_replacement,0.013641588585753962,0.018265794145115567,0.006006047915455405
2.35,2048,16,8,with_replacement,0.009944742787102941,0.013405166017692984,0.006006047915455405
2.35,2048,32,8,with_replacement,0.0077554927930053,0.01020476518510782,0.006006047915455405
2.35,2048,64,8,with_replacement,0.007166953209776577,0.008146629198812545,0.006006047915455405
2.35,2048,128,8,with_replacement,0.0062374425057245666,0.006901130628599952,0.006006047915455405
2.35,2048,256,8,with_replacement,0.005971640261796143,0.006275643824982851,0.006006047915455405
2.35,2048,1,8,reshuffle,0.036170796387261485,0.0490203214683728,0.006006047915455405
2.35,2048,2,8,reshuffle,0.025365301731462387,0.034975374142063136,0.006006047915455405
2.35,2048,4,8,reshuffle,0.01715893335032868,0.02490404685890022,0.006006047915455405
2.35,2048,8,8,reshuffle,0.015077789152110908,0.017862085935382632,0.006006047915455405
2.35,2048,16,8,reshuffle,0.009636418775042477,0.01314146967564808,0.006006047915455405
2.35,2048,32,8,reshuffle,0.007747524668573687,0.010068553712760877,0.006006047915455405
2.35,2048,64,8,reshuffle,0.006559655815095609,0.008079685452115305,0.006006047915455405
2.35,2048,128,8,reshuffle,0.00620437644289906,0.006871858082850535,0.006006047915455405
2.35,2048,256,8,reshuffle,0.005954730094151789,0.006263764833317334,0.006006047915455405
2.35,2048,1,8,cyclic,0.034342550212344204,0.04877027411813712,0.006006047915455405
2.35,2048,2,8,cyclic,0.02418449067041426,0.034934788848259124,0.006006047915455405
2.35,2048,4,8,cyclic,0.017261069466338628,0.02507862861622884,0.006006047915455405
2.35,2048,8,8,cyclic,0.012717487508574633,0.018087192657721032,0.006006047915455405
2.35,2048,16,8,cyclic,0.009677138291522879,0.013298424036110302,0.006006047915455405
2.35,2048,32,8,cyclic,0.0077328270578710286,0.010151121399350213,0.006006047915455405
2.35,2048,64,8,cyclic,0.006609038862943738,0.008123119497746972,0.006006047915455405
2.35,2048,128,8,cyclic,0.006103399335695992,0.006897516372437479,0.006006047915455405
2.35,2048,256,8,cyclic,0.005954974786340966,0.006280625452042228,0.006006047915455405
2.35,2048,1,9,with_replacement,0.03392958702226855,0.05023272156573299,0.006006047915455405
2.35,2048,2,9,with_replacement,0.024596805557750137,0.03557434663648156,0.006006047915455405
2.35,2048,4,9,with_replacement,0.017718221025020495,0.025697974397345818,0.006006047915455405
2.35,2048,8,9,with_replacement,0.017149483313361708,0.018696505930993576,0.006006047915455405
2.35,2048,16,9,with_replacement,0.012634918018603673,0.014098455204756697,0.006006047915455405
2.35,2048,32,9,with_replacement,0.008989133296671451,0.011066653754310866,0.006006047915455405
2.35,2048,64,9,with_replacement,0.007688121401100875,0.009082901601206212,0.006006047915455405
2.35,2048,128,9,with_replacement,0.007110186235676982,0.007892326991505693,0.006006047915455405
2.35,2048,256,9,with_replacement,0.006963493804315406,0.007291877059660345,0.006006047915455405
2.35,2048,1,9,reshuffle,0.03266598318985699,0.04560865643192057,0.006006047915455405
2.35,2048,2,9,reshuffle,0.0530266759281334,0.03337048048338221,0.006006047915455405
2.35,2048,4,9,reshuffle,0.02179632779123305,0.02452445896497977,0.006006047915455405
2.35,2048,8,9,reshuffle,0.013241621935691106,0.018254628144643997,0.006006047915455405
2.35,2048,16,9,reshuffle,0.010619792553492085,0.013924043524741189,0.006006047915455405
2.35,2048,32,9,reshuffle,0.011204752874562381,0.011005098329313826,0.006006047915455405
2.35,2048,64,9,reshuffle,0.007588329465579903,0.009074466885912395,0.006006047915455405
2.35,2048,128,9,reshuffle,0.007100522461822438,0.007890040533103942,0.006006047915455405
2.35,2048,256,9,reshuffle,0.0069641548757315664,0.007290600893027027,0.006006047915455405
2.35,2048,1,9,cyclic,0.03201910886499922,0.050304156270764046,0.006006047915455405
2.35,2048,2,9,cyclic,0.023033755534588647,0.03530989422291911,0.006006047915455405
2.35,2048,4,9,cyclic,0.017126567328490935,0.025050569944289683,0.006006047915455405
2.35,2048,8,9,cyclic,0.013224382302856356,0.018311758823703308,0.006006047915455405
2.35,2048,16,9,cyclic,0.010637033006949423,0.013920328619270112,0.006006047915455405
2.35,2048,32,9,cyclic,0.00884250239631002,0.011034738862658171,0.006006047915455405
2.35,2048,64,9,cyclic,0.00767913548951181,0.009117594498348027,0.006006047915455405
2.35,2048,128,9,cyclic,0.0071366270427903,0.007920319290771196,0.006006047915455405
2.35,2048,256,9,cyclic,0.006972349995467605,0.007301755197717734,0.006006047915455405
