config,a,s,b,n,K,seed,last,average,anchor_average,floor,estimated_exponent,estimated_intercept,predicted_saturation,measured_saturation,fitted_coordinates,anchor_fraction
default,2.0,1.5,2.0,256,1,0,0.11139473715093175,0.1584827253041676,0.18313260157322822,0.04237938562977577,0.3381835244288206,1.3036185140246388,8.856104986380616,9.550666491795925,4,0.0032958984375
default,2.0,1.5,2.0,256,2,0,0.0636807765944906,0.10040573970764435,0.13722091547371287,0.04237938562977577,0.3381835244288206,1.3036185140246388,8.856104986380616,9.550666491795925,4,0.0032958984375
default,2.0,1.5,2.0,256,4,0,0.05342120273000667,0.07100414486501228,0.11689197067625981,0.04237938562977577,0.3381835244288206,1.3036185140246388,8.856104986380616,9.550666491795925,4,0.0032958984375
default,2.0,1.5,2.0,256,8,0,0.045587304870396916,0.05541461649241033,0.10795018115554511,0.04237938562977577,0.3381835244288206,1.3036185140246388,8.856104986380616,9.550666491795925,4,0.0032958984375
default,2.0,1.5,2.0,256,16,0,0.039787170060464415,0.04646225184538816,0.10336227884342127,0.04237938562977577,0.3381835244288206,1.3036185140246388,8.856104986380616,9.550666491795925,4,0.0032958984375
default,2.0,1.5,2.0,256,32,0,0.038520270240740985,0.04138327206666692,0.10076400814112967,0.04237938562977577,0.3381835244288206,1.3036185140246388,8.856104986380616,9.550666491795925,4,0.0032958984375
default,2.0,1.5,2.0,256,64,0,0.03831280504553124,0.03918368885580011,0.09968943607677255,0.04237938562977577,0.3381835244288206,1.3036185140246388,8.856104986380616,9.550666491795925,4,0.0032958984375
default,2.0,1.5,2.0,256,128,0,0.03811709743146948,0.0384332741016088,0.09930377423858151,0.04237938562977577,0.3381835244288206,1.3036185140246388,8.856104986380616,9.550666491795925,4,0.0032958984375
default,2.0,1.5,2.0,256,256,0,0.03811558163383065,0.03820060128325834,0.0991786130742942,0.04237938562977577,0.3381835244288206,1.3036185140246388,8.856104986380616,9.550666491795925,4,0.0032958984375
default,2.0,1.5,2.0,256,512,0,0.03811594990355858,0.0381370078730269,0.09914399766083054,0.04237938562977577,0.3381835244288206,1.3036185140246388,8.856104986380616,9.550666491795925,4,0.0032958984375
default,2.0,1.5,2.0,256,1024,0,0.03811596623362081,0.0381210584698153,0.09913521730069362,0.04237938562977577,0.3381835244288206,1.3036185140246388,8.856104986380616,9.550666491795925,4,0.0032958984375
default,2.0,1.5,2.0,256,2048,0,0.038115966315409,0.03811715513870553,0.0991330208764761,0.04237938562977577,0.3381835244288206,1.3036185140246388,8.856104986380616,9.550666491795925,4,0.0032958984375
default,2.0,1.5,2.0,256,1,1,0.0968821606683872,0.13267605705737234,0.15734371881330483,0.04237938562977577,0.40031271454819256,1.4067019766725422,11.274471055071391,30.836402657060066,5,0.0035400390625
default,2.0,1.5,2.0,256,2,1,0.11162813593191727,0.10517568960917238,0.13332344852073416,0.04237938562977577,0.40031271454819256,1.4067019766725422,11.274471055071391,30.836402657060066,5,0.0035400390625
default,2.0,1.5,2.0,256,4,1,0.06453053262657163,0.08370475927665419,0.11594302985543449,0.04237938562977577,0.40031271454819256,1.4067019766725422,11.274471055071391,30.836402657060066,5,0.0035400390625
default,2.0,1.5,2.0,256,8,1,0.06287377380369452,0.06725247893568566,0.10437565408673086,0.04237938562977577,0.40031271454819256,1.4067019766725422,11.274471055071391,30.836402657060066,5,0.0035400390625
default,2.0,1.5,2.0,256,16,1,0.05108890646931631,0.0575288278093301,0.0995072193478041,0.04237938562977577,0.40031271454819256,1.4067019766725422,11.274471055071391,30.836402657060066,5,0.0035400390625
default,2.0,1.5,2.0,256,32,1,0.051257333064661965,0.05272813756933953,0.09739158032822569,0.04237938562977577,0.40031271454819256,1.4067019766725422,11.274471055071391,30.836402657060066,5,0.0035400390625
default,2.0,1.5,2.0,256,64,1,0.049807563788236676,0.05072346897946416,0.09651112581520158,0.04237938562977577,0.40031271454819256,1.4067019766725422,11.274471055071391,30.836402657060066,5,0.0035400390625
default,2.0,1.5,2.0,256,128,1,0.04969473495081787,0.04998343133896746,0.09616262689092274,0.04237938562977577,0.40031271454819256,1.4067019766725422,11.274471055071391,30.836402657060066,5,0.0035400390625
default,2.0,1.5,2.0,256,256,1,0.04968774922543076,0.04976470444616391,0.09605638405937277,0.04237938562977577,0.40031271454819256,1.4067019766725422,11.274471055071391,30.836402657060066,5,0.0035400390625
default,2.0,1.5,2.0,256,512,1,0.049687358603565594,0.04970684099092007,0.09602816052094913,0.04237938562977577,0.40031271454819256,1.4067019766725422,11.274471055071391,30.836402657060066,5,0.0035400390625
default,2.0,1.5,2.0,256,1024,1,0.04968735860129483,0.049692255638938435,0.09602106159960841,0.04237938562977577,0.40031271454819256,1.4067019766725422,11.274471055071391,30.836402657060066,5,0.0035400390625
default,2.0,1.5,2.0,256,2048,1,0.04968735860129483,0.04968859594965554,0.09601928675370013,0.04237938562977577,0.40031271454819256,1.4067019766725422,11.274471055071391,30.836402657060066,5,0.0035400390625
default,2.0,1.5,2.0,256,1,2,0.13792864655496576,0.14475950107193958,0.18000140698195347,0.04237938562977577,0.3157124496487713,1.2899279558619223,7.926340956411068,12.068949982105007,4,0.0029296875
default,2.0,1.5,2.0,256,2,2,0.07984278976137876,0.10834738024466029,0.16339120765704662,0.04237938562977577,0.3157124496487713,1.2899279558619223,7.926340956411068,12.068949982105007,4,0.0029296875
default,2.0,1.5,2.0,256,4,2,0.07109200367625769,0.08001319148044929,0.1541136098616601,0.04237938562977577,0.3157124496487713,1.2899279558619223,7.926340956411068,12.068949982105007,4,0.0029296875
default,2.0,1.5,2.0,256,8,2,0.04904293115517829,0.061329533909767905,0.14784586223681656,0.04237938562977577,0.3157124496487713,1.2899279558619223,7.926340956411068,12.068949982105007,4,0.0029296875
default,2.0,1.5,2.0,256,16,2,0.041559941501373286,0.04791276646690302,0.1441028778840089,0.04237938562977577,0.3157124496487713,1.2899279558619223,7.926340956411068,12.068949982105007,4,0.0029296875
default,2.0,1.5,2.0,256,32,2,0.037740831636807574,0.041230474236047504,0.14262548128143043,0.04237938562977577,0.3157124496487713,1.2899279558619223,7.926340956411068,12.068949982105007,4,0.0029296875
default,2.0,1.5,2.0,256,64,2,0.03726493875090255,0.038468622168874984,0.142125634363511,0.04237938562977577,0.3157124496487713,1.2899279558619223,7.926340956411068,12.068949982105007,4,0.0029296875
default,2.0,1.5,2.0,256,128,2,0.03718687942148249,0.03757498585549225,0.14196642081959068,0.04237938562977577,0.3157124496487713,1.2899279558619223,7.926340956411068,12.068949982105007,4,0.0029296875
default,2.0,1.5,2.0,256,256,2,0.037133139580289215,0.03727725818370747,0.1419119556126256,0.04237938562977577,0.3157124496487713,1.2899279558619223,7.926340956411068,12.068949982105007,4,0.0029296875
default,2.0,1.5,2.0,256,512,2,0.037127402737650694,0.03717125995740859,0.14189288022294996,0.04237938562977577,0.3157124496487713,1.2899279558619223,7.926340956411068,12.068949982105007,4,0.0029296875
default,2.0,1.5,2.0,256,1024,2,0.037127879526592675,0.03713931612340631,0.1418872879725001,0.04237938562977577,0.3157124496487713,1.2899279558619223,7.926340956411068,12.068949982105007,4,0.0029296875
default,2.0,1.5,2.0,256,2048,2,0.037127887946787536,0.03713092846486115,0.1418858486132506,0.04237938562977577,0.3157124496487713,1.2899279558619223,7.926340956411068,12.068949982105007,4,0.0029296875
default,2.0,1.5,2.0,256,1,3,0.1462503754086787,0.17729252828794456,0.1826393874521622,0.04237938562977577,0.39656823536746605,1.3691840533456707,11.464956166353971,43.57148521842526,6,0.003173828125
default,2.0,1.5,2.0,256,2,3,0.09189583203757203,0.1318350157231733,0.14064926962608174,0.04237938562977577,0.39656823536746605,1.3691840533456707,11.464956166353971,43.57148521842526,6,0.003173828125
default,2.0,1.5,2.0,256,4,3,0.10689410147588849,0.09507338402611369,0.11356363968792986,0.04237938562977577,0.39656823536746605,1.3691840533456707,11.464956166353971,43.57148521842526,6,0.003173828125
default,2.0,1.5,2.0,256,8,3,0.05882079447937998,0.07493470999798478,0.10397056669261295,0.04237938562977577,0.39656823536746605,1.3691840533456707,11.464956166353971,43.57148521842526,6,0.003173828125
default,2.0,1.5,2.0,256,16,3,0.0657952242927875,0.061792363090397956,0.0992258281774525,0.04237938562977577,0.39656823536746605,1.3691840533456707,11.464956166353971,43.57148521842526,6,0.003173828125
default,2.0,1.5,2.0,256,32,3,0.05066486919338439,0.054340258393809834,0.09678281823250783,0.04237938562977577,0.39656823536746605,1.3691840533456707,11.464956166353971,43.57148521842526,6,0.003173828125
default,2.0,1.5,2.0,256,64,3,0.050150124726115575,0.05132061732341988,0.095813604313445,0.04237938562977577,0.39656823536746605,1.3691840533456707,11.464956166353971,43.57148521842526,6,0.003173828125
default,2.0,1.5,2.0,256,128,3,0.05009085966619618,0.05036435434328867,0.09551964182166774,0.04237938562977577,0.39656823536746605,1.3691840533456707,11.464956166353971,43.57148521842526,6,0.003173828125
default,2.0,1.5,2.0,256,256,3,0.05008883227508996,0.050121764088270064,0.09543735089764356,0.04237938562977577,0.39656823536746605,1.3691840533456707,11.464956166353971,43.57148521842526,6,0.003173828125
default,2.0,1.5,2.0,256,512,3,0.05008854827417811,0.05007719033498859,0.09541514955546004,0.04237938562977577,0.39656823536746605,1.3691840533456707,11.464956166353971,43.57148521842526,6,0.003173828125
default,2.0,1.5,2.0,256,1024,3,0.05008854094541323,0.050075587182470876,0.09540919996933533,0.04237938562977577,0.39656823536746605,1.3691840533456707,11.464956166353971,43.57148521842526,6,0.003173828125
default,2.0,1.5,2.0,256,2048,3,0.05008854084102374,0.05008022594762323,0.09540768623885039,0.04237938562977577,0.39656823536746605,1.3691840533456707,11.464956166353971,43.57148521842526,6,0.003173828125
default,2.0,1.5,2.0,256,1,4,0.126266920607133,0.15127152241669778,0.15734868668402097,0.04237938562977577,0.34227533845940106,1.2918040571982659,9.167011576854623,12.461486436403154,6,0.003173828125
default,2.0,1.5,2.0,256,2,4,0.08038299282585586,0.10364691153782399,0.11514251855839959,0.04237938562977577,0.34227533845940106,1.2918040571982659,9.167011576854623,12.461486436403154,6,0.003173828125
default,2.0,1.5,2.0,256,4,4,0.057159919965844234,0.07845136849610197,0.09530093463000133,0.04237938562977577,0.34227533845940106,1.2918040571982659,9.167011576854623,12.461486436403154,6,0.003173828125
default,2.0,1.5,2.0,256,8,4,0.050681554705262616,0.06011241191402227,0.0827534258356764,0.04237938562977577,0.34227533845940106,1.2918040571982659,9.167011576854623,12.461486436403154,6,0.003173828125
default,2.0,1.5,2.0,256,16,4,0.04258325781770261,0.049329167624850956,0.07561367592269398,0.04237938562977577,0.34227533845940106,1.2918040571982659,9.167011576854623,12.461486436403154,6,0.003173828125
default,2.0,1.5,2.0,256,32,4,0.040997114293904686,0.044107730262688195,0.07219869789424323,0.04237938562977577,0.34227533845940106,1.2918040571982659,9.167011576854623,12.461486436403154,6,0.003173828125
default,2.0,1.5,2.0,256,64,4,0.04066069603820794,0.04166290350503168,0.07072758052202366,0.04237938562977577,0.34227533845940106,1.2918040571982659,9.167011576854623,12.461486436403154,6,0.003173828125
default,2.0,1.5,2.0,256,128,4,0.04007918023551577,0.040585227545870725,0.0701026540772791,0.04237938562977577,0.34227533845940106,1.2918040571982659,9.167011576854623,12.461486436403154,6,0.003173828125
default,2.0,1.5,2.0,256,256,4,0.04006481148533622,0.04020519306540534,0.06987967078204368,0.04237938562977577,0.34227533845940106,1.2918040571982659,9.167011576854623,12.461486436403154,6,0.003173828125
default,2.0,1.5,2.0,256,512,4,0.04006452621276043,0.04009994244122391,0.069817693062585,0.04237938562977577,0.34227533845940106,1.2918040571982659,9.167011576854623,12.461486436403154,6,0.003173828125
default,2.0,1.5,2.0,256,1024,4,0.040064524339774796,0.040073382783390295,0.06980202006354748,0.04237938562977577,0.34227533845940106,1.2918040571982659,9.167011576854623,12.461486436403154,6,0.003173828125
default,2.0,1.5,2.0,256,2048,4,0.04006452429808141,0.04006673894885348,0.06979809736795593,0.04237938562977577,0.34227533845940106,1.2918040571982659,9.167011576854623,12.461486436403154,6,0.003173828125
default,2.0,1.5,2.0,512,1,0,0.06857153517345864,0.12452017103149149,0.15067350219470507,0.02672626708909891,0.3126672999596217,1.240882495956408,10.166271580547685,13.59056488797026,7,0.0059814453125
default,2.0,1.5,2.0,512,2,0,0.05302569793408227,0.0812915361792405,0.11260257624989989,0.02672626708909891,0.3126672999596217,1.240882495956408,10.166271580547685,13.59056488797026,7,0.0059814453125
default,2.0,1.5,2.0,512,4,0,0.03878255241866355,0.05625662238559923,0.09452753904623246,0.02672626708909891,0.3126672999596217,1.240882495956408,10.166271580547685,13.59056488797026,7,0.0059814453125
default,2.0,1.5,2.0,512,8,0,0.030425491235873587,0.04112863396514473,0.08455271129590704,0.02672626708909891,0.3126672999596217,1.240882495956408,10.166271580547685,13.59056488797026,7,0.0059814453125
default,2.0,1.5,2.0,512,16,0,0.02512060819798697,0.03133562211877031,0.07923849234714,0.02672626708909891,0.3126672999596217,1.240882495956408,10.166271580547685,13.59056488797026,7,0.0059814453125
default,2.0,1.5,2.0,512,32,0,0.02372517376500082,0.026304785504599096,0.07686861155834765,0.02672626708909891,0.3126672999596217,1.240882495956408,10.166271580547685,13.59056488797026,7,0.0059814453125
default,2.0,1.5,2.0,512,64,0,0.02326409514017704,0.024292681723253967,0.07590086403126531,0.02672626708909891,0.3126672999596217,1.240882495956408,10.166271580547685,13.59056488797026,7,0.0059814453125
default,2.0,1.5,2.0,512,128,0,0.023214128088745106,0.023538049649140306,0.07558876428838066,0.02672626708909891,0.3126672999596217,1.240882495956408,10.166271580547685,13.59056488797026,7,0.0059814453125
default,2.0,1.5,2.0,512,256,0,0.02313553927807696,0.023267025373063698,0.07550029147688923,0.02672626708909891,0.3126672999596217,1.240882495956408,10.166271580547685,13.59056488797026,7,0.0059814453125
default,2.0,1.5,2.0,512,512,0,0.023130774491172772,0.023167809645205005,0.07547426408510044,0.02672626708909891,0.3126672999596217,1.240882495956408,10.166271580547685,13.59056488797026,7,0.0059814453125
default,2.0,1.5,2.0,512,1024,0,0.023130618577448695,0.023139537864993273,0.07546693290416458,0.02672626708909891,0.3126672999596217,1.240882495956408,10.166271580547685,13.59056488797026,7,0.0059814453125
default,2.0,1.5,2.0,512,2048,0,0.023130615796178717,0.02313258566187202,0.07546503673141092,0.02672626708909891,0.3126672999596217,1.240882495956408,10.166271580547685,13.59056488797026,7,0.0059814453125
default,2.0,1.5,2.0,512,1,1,0.08573106083640131,0.09445721404700762,0.16716437477656534,0.02672626708909891,0.36057445645649633,1.3077311513533572,12.821036160181132,24.843054500602452,9,0.00439453125
default,2.0,1.5,2.0,512,2,1,0.05589614251114642,0.07010848863509828,0.14623307377779,0.02672626708909891,0.36057445645649633,1.3077311513533572,12.821036160181132,24.843054500602452,9,0.00439453125
default,2.0,1.5,2.0,512,4,1,0.040340732398766566,0.05322552043378303,0.13381395156420056,0.02672626708909891,0.36057445645649633,1.3077311513533572,12.821036160181132,24.843054500602452,9,0.00439453125
default,2.0,1.5,2.0,512,8,1,0.03381897254871882,0.04190897920689951,0.12731881700637374,0.02672626708909891,0.36057445645649633,1.3077311513533572,12.821036160181132,24.843054500602452,9,0.00439453125
default,2.0,1.5,2.0,512,16,1,0.031285666527568375,0.0355146153697737,0.12410359363019853,0.02672626708909891,0.36057445645649633,1.3077311513533572,12.821036160181132,24.843054500602452,9,0.00439453125
default,2.0,1.5,2.0,512,32,1,0.03017794706344823,0.03225277784855384,0.12249769426955115,0.02672626708909891,0.36057445645649633,1.3077311513533572,12.821036160181132,24.843054500602452,9,0.00439453125
default,2.0,1.5,2.0,512,64,1,0.029669042000814938,0.030658605907085645,0.12176760712589328,0.02672626708909891,0.36057445645649633,1.3077311513533572,12.821036160181132,24.843054500602452,9,0.00439453125
default,2.0,1.5,2.0,512,128,1,0.029521986997695367,0.02992965303992584,0.12148766258030698,0.02672626708909891,0.36057445645649633,1.3077311513533572,12.821036160181132,24.843054500602452,9,0.00439453125
default,2.0,1.5,2.0,512,256,1,0.029519771986932675,0.02966200355736439,0.12140386539232677,0.02672626708909891,0.36057445645649633,1.3077311513533572,12.821036160181132,24.843054500602452,9,0.00439453125
default,2.0,1.5,2.0,512,512,1,0.029519269776302162,0.02957252374642514,0.12138187971203457,0.02672626708909891,0.36057445645649633,1.3077311513533572,12.821036160181132,24.843054500602452,9,0.00439453125
default,2.0,1.5,2.0,512,1024,1,0.02951950339366139,0.02954150685755426,0.12137634159853489,0.02672626708909891,0.36057445645649633,1.3077311513533572,12.821036160181132,24.843054500602452,9,0.00439453125
default,2.0,1.5,2.0,512,2048,1,0.029519521470323384,0.029529391331714217,0.12137495443512918,0.02672626708909891,0.36057445645649633,1.3077311513533572,12.821036160181132,24.843054500602452,9,0.00439453125
default,2.0,1.5,2.0,512,1,2,0.09148094155021752,0.10916313933197443,0.1419336292582748,0.02672626708909891,0.3176182036008261,1.2756208174879324,10.127176530135184,19.26325614752828,8,0.0050048828125
default,2.0,1.5,2.0,512,2,2,0.07896018874554357,0.08084370134050875,0.11960239794929459,0.02672626708909891,0.3176182036008261,1.2756208174879324,10.127176530135184,19.26325614752828,8,0.0050048828125
default,2.0,1.5,2.0,512,4,2,0.03914406022543988,0.05809706096347513,0.10558224205842105,0.02672626708909891,0.3176182036008261,1.2756208174879324,10.127176530135184,19.26325614752828,8,0.0050048828125
default,2.0,1.5,2.0,512,8,2,0.03236055608701166,0.042558139001083996,0.09634888866107509,0.02672626708909891,0.3176182036008261,1.2756208174879324,10.127176530135184,19.26325614752828,8,0.0050048828125
default,2.0,1.5,2.0,512,16,2,0.033845002726904404,0.03454961433165324,0.09193522524657495,0.02672626708909891,0.3176182036008261,1.2756208174879324,10.127176530135184,19.26325614752828,8,0.0050048828125
default,2.0,1.5,2.0,512,32,2,0.02835706434773204,0.0304747299483775,0.08984130972884126,0.02672626708909891,0.3176182036008261,1.2756208174879324,10.127176530135184,19.26325614752828,8,0.0050048828125
default,2.0,1.5,2.0,512,64,2,0.028004512217145665,0.028739313581124408,0.0889730005295504,0.02672626708909891,0.3176182036008261,1.2756208174879324,10.127176530135184,19.26325614752828,8,0.0050048828125
default,2.0,1.5,2.0,512,128,2,0.027910874635872697,0.028132680261497192,0.08866646507502901,0.02672626708909891,0.3176182036008261,1.2756208174879324,10.127176530135184,19.26325614752828,8,0.0050048828125
default,2.0,1.5,2.0,512,256,2,0.027903766972253632,0.027957679237346367,0.0885724854928866,0.02672626708909891,0.3176182036008261,1.2756208174879324,10.127176530135184,19.26325614752828,8,0.0050048828125
default,2.0,1.5,2.0,512,512,2,0.02790351007852244,0.02791374845659349,0.08854604689496276,0.02672626708909891,0.3176182036008261,1.2756208174879324,10.127176530135184,19.26325614752828,8,0.0050048828125
default,2.0,1.5,2.0,512,1024,2,0.027903462578083682,0.027904137002375956,0.08853897539203688,0.02672626708909891,0.3176182036008261,1.2756208174879324,10.127176530135184,19.26325614752828,8,0.0050048828125
default,2.0,1.5,2.0,512,2048,2,0.027903462823491897,0.02790266504221594,0.08853717736472393,0.02672626708909891,0.3176182036008261,1.2756208174879324,10.127176530135184,19.26325614752828,8,0.0050048828125
default,2.0,1.5,2.0,512,1,3,0.12667489717269648,0.12037918836521286,0.13010223438975319,0.02672626708909891,0.34474790377424364,1.2846056277824631,11.887430985247613,19.57453066870169,7,0.004638671875
default,2.0,1.5,2.0,512,2,3,0.056384690348686435,0.08525212366593403,0.11050659052578952,0.02672626708909891,0.34474790377424364,1.2846056277824631,11.887430985247613,19.57453066870169,7,0.004638671875
default,2.0,1.5,2.0,512,4,3,0.04478658978275457,0.06136300372703855,0.09914004439356423,0.02672626708909891,0.34474790377424364,1.2846056277824631,11.887430985247613,19.57453066870169,7,0.004638671875
default,2.0,1.5,2.0,512,8,3,0.034443003167434365,0.04497871351940023,0.09294352120469679,0.02672626708909891,0.34474790377424364,1.2846056277824631,11.887430985247613,19.57453066870169,7,0.004638671875
default,2.0,1.5,2.0,512,16,3,0.02981681204436046,0.035118600169436444,0.08945442213268108,0.02672626708909891,0.34474790377424364,1.2846056277824631,11.887430985247613,19.57453066870169,7,0.004638671875
default,2.0,1.5,2.0,512,32,3,0.026193146039492406,0.02957881924704445,0.08764871829121533,0.02672626708909891,0.34474790377424364,1.2846056277824631,11.887430985247613,19.57453066870169,7,0.004638671875
default,2.0,1.5,2.0,512,64,3,0.025590310123039833,0.026975222810939142,0.08693085409609669,0.02672626708909891,0.34474790377424364,1.2846056277824631,11.887430985247613,19.57453066870169,7,0.004638671875
default,2.0,1.5,2.0,512,128,3,0.02542944971575946,0.025938463924378003,0.0867006957980602,0.02672626708909891,0.34474790377424364,1.2846056277824631,11.887430985247613,19.57453066870169,7,0.004638671875
default,2.0,1.5,2.0,512,256,3,0.02537731258684192,0.02555171788794056,0.08663523035879274,0.02672626708909891,0.34474790377424364,1.2846056277824631,11.887430985247613,19.57453066870169,7,0.004638671875
default,2.0,1.5,2.0,512,512,3,0.025373773556555766,0.02542362082789547,0.08661731981624168,0.02672626708909891,0.34474790377424364,1.2846056277824631,11.887430985247613,19.57453066870169,7,0.004638671875
default,2.0,1.5,2.0,512,1024,3,0.025373711236939486,0.025387639093373777,0.08661260928830371,0.02672626708909891,0.34474790377424364,1.2846056277824631,11.887430985247613,19.57453066870169,7,0.004638671875
default,2.0,1.5,2.0,512,2048,3,0.02537371246949734,0.0253778803018668,0.08661141969657073,0.02672626708909891,0.34474790377424364,1.2846056277824631,11.887430985247613,19.57453066870169,7,0.004638671875
default,2.0,1.5,2.0,512,1,4,0.10233534426427841,0.0964231751331924,0.11396519236614888,0.02672626708909891,0.3649785147345278,1.3518257403004368,12.609703394039089,20.80935900173009,10,0.0057373046875
default,2.0,1.5,2.0,512,2,4,0.05280041389016127,0.07009052513123294,0.09004972268761961,0.02672626708909891,0.3649785147345278,1.3518257403004368,12.609703394039089,20.80935900173009,10,0.0057373046875
default,2.0,1.5,2.0,512,4,4,0.0698273256577313,0.05233327338193766,0.07372403985515975,0.02672626708909891,0.3649785147345278,1.3518257403004368,12.609703394039089,20.80935900173009,10,0.0057373046875
default,2.0,1.5,2.0,512,8,4,0.033987838169150505,0.04233065595754148,0.06539195144669603,0.02672626708909891,0.3649785147345278,1.3518257403004368,12.609703394039089,20.80935900173009,10,0.0057373046875
default,2.0,1.5,2.0,512,16,4,0.029876144755065042,0.03518667834243168,0.06047059708371911,0.02672626708909891,0.3649785147345278,1.3518257403004368,12.609703394039089,20.80935900173009,10,0.0057373046875
default,2.0,1.5,2.0,512,32,4,0.029770092704639706,0.030687228371873113,0.05784213352525352,0.02672626708909891,0.3649785147345278,1.3518257403004368,12.609703394039089,20.80935900173009,10,0.0057373046875
default,2.0,1.5,2.0,512,64,4,0.027712530519806676,0.028612728297821757,0.05666977936589812,0.02672626708909891,0.3649785147345278,1.3518257403004368,12.609703394039089,20.80935900173009,10,0.0057373046875
default,2.0,1.5,2.0,512,128,4,0.027685828118116707,0.027939409254582513,0.05628121004081191,0.02672626708909891,0.3649785147345278,1.3518257403004368,12.609703394039089,20.80935900173009,10,0.0057373046875
default,2.0,1.5,2.0,512,256,4,0.02767317366829475,0.027745828820709566,0.056168400462600535,0.02672626708909891,0.3649785147345278,1.3518257403004368,12.609703394039089,20.80935900173009,10,0.0057373046875
default,2.0,1.5,2.0,512,512,4,0.02767117961321094,0.027691294793232926,0.056136235894266126,0.02672626708909891,0.3649785147345278,1.3518257403004368,12.609703394039089,20.80935900173009,10,0.0057373046875
default,2.0,1.5,2.0,512,1024,4,0.02767107374579285,0.027676229586254767,0.05612748532955768,0.02672626708909891,0.3649785147345278,1.3518257403004368,12.609703394039089,20.80935900173009,10,0.0057373046875
default,2.0,1.5,2.0,512,2048,4,0.02767107376864573,0.02767235701017614,0.05612525296344712,0.02672626708909891,0.3649785147345278,1.3518257403004368,12.609703394039089,20.80935900173009,10,0.0057373046875
default,2.0,1.5,2.0,1024,1,0,0.06112591513913844,0.08129999894952282,0.09034018305907046,0.01684563737664233,0.35656599122397703,1.3297143677265284,15.662207732489128,22.87986093724994,13,0.008056640625
default,2.0,1.5,2.0,1024,2,0,0.03733285842896946,0.05754263510601406,0.07341535337884032,0.01684563737664233,0.35656599122397703,1.3297143677265284,15.662207732489128,22.87986093724994,13,0.008056640625
default,2.0,1.5,2.0,1024,4,0,0.028207615322722566,0.040297112826625965,0.0633163639988677,0.01684563737664233,0.35656599122397703,1.3297143677265284,15.662207732489128,22.87986093724994,13,0.008056640625
default,2.0,1.5,2.0,1024,8,0,0.025947235692645735,0.029118356281465245,0.057100263904021474,0.01684563737664233,0.35656599122397703,1.3297143677265284,15.662207732489128,22.87986093724994,13,0.008056640625
default,2.0,1.5,2.0,1024,16,0,0.019080671365132043,0.0228620530019016,0.05406850846226136,0.01684563737664233,0.35656599122397703,1.3297143677265284,15.662207732489128,22.87986093724994,13,0.008056640625
default,2.0,1.5,2.0,1024,32,0,0.017717757668417992,0.019493759562431483,0.052605978185110036,0.01684563737664233,0.35656599122397703,1.3297143677265284,15.662207732489128,22.87986093724994,13,0.008056640625
default,2.0,1.5,2.0,1024,64,0,0.01734174548549532,0.018005601902223,0.05200181295569328,0.01684563737664233,0.35656599122397703,1.3297143677265284,15.662207732489128,22.87986093724994,13,0.008056640625
default,2.0,1.5,2.0,1024,128,0,0.017256172481067623,0.017464105342626598,0.05176966276164432,0.01684563737664233,0.35656599122397703,1.3297143677265284,15.662207732489128,22.87986093724994,13,0.008056640625
default,2.0,1.5,2.0,1024,256,0,0.0172461159872358,0.017299968231536237,0.051694393150828584,0.01684563737664233,0.35656599122397703,1.3297143677265284,15.662207732489128,22.87986093724994,13,0.008056640625
default,2.0,1.5,2.0,1024,512,0,0.017243705341889685,0.01725659874609757,0.05167257958522966,0.01684563737664233,0.35656599122397703,1.3297143677265284,15.662207732489128,22.87986093724994,13,0.008056640625
default,2.0,1.5,2.0,1024,1024,0,0.017243649208747776,0.017246068499607758,0.05166668490653784,0.01684563737664233,0.35656599122397703,1.3297143677265284,15.662207732489128,22.87986093724994,13,0.008056640625
default,2.0,1.5,2.0,1024,2048,0,0.017243649329576376,0.01724382615797045,0.05166518039320224,0.01684563737664233,0.35656599122397703,1.3297143677265284,15.662207732489128,22.87986093724994,13,0.008056640625
default,2.0,1.5,2.0,1024,1,1,0.05910913911745237,0.08033062726946036,0.09260387932400185,0.01684563737664233,0.3428334616533076,1.3130943113504425,14.478779207797578,39.64399999556551,14,0.0074462890625
default,2.0,1.5,2.0,1024,2,1,0.03783305308040551,0.05622032621615793,0.07232905540612622,0.01684563737664233,0.3428334616533076,1.3130943113504425,14.478779207797578,39.64399999556551,14,0.0074462890625
default,2.0,1.5,2.0,1024,4,1,0.028789873821699907,0.041056262825810236,0.061147671680027216,0.01684563737664233,0.3428334616533076,1.3130943113504425,14.478779207797578,39.64399999556551,14,0.0074462890625
default,2.0,1.5,2.0,1024,8,1,0.028874388716157273,0.0305163437026335,0.05475267442036814,0.01684563737664233,0.3428334616533076,1.3130943113504425,14.478779207797578,39.64399999556551,14,0.0074462890625
default,2.0,1.5,2.0,1024,16,1,0.020552785414561046,0.024788220172175225,0.05155406813259056,0.01684563737664233,0.3428334616533076,1.3130943113504425,14.478779207797578,39.64399999556551,14,0.0074462890625
default,2.0,1.5,2.0,1024,32,1,0.019457852727024966,0.02155784826777027,0.05007641276342162,0.01684563737664233,0.3428334616533076,1.3130943113504425,14.478779207797578,39.64399999556551,14,0.0074462890625
default,2.0,1.5,2.0,1024,64,1,0.019219119750403527,0.019978977042529357,0.04943527572799877,0.01684563737664233,0.3428334616533076,1.3130943113504425,14.478779207797578,39.64399999556551,14,0.0074462890625
default,2.0,1.5,2.0,1024,128,1,0.01916672186977684,0.01939795748299464,0.049215181109215037,0.01684563737664233,0.3428334616533076,1.3130943113504425,14.478779207797578,39.64399999556551,14,0.0074462890625
default,2.0,1.5,2.0,1024,256,1,0.019150672120181317,0.019218580624629288,0.049153235291662475,0.01684563737664233,0.3428334616533076,1.3130943113504425,14.478779207797578,39.64399999556551,14,0.0074462890625
default,2.0,1.5,2.0,1024,512,1,0.019147310521196805,0.0191666962529897,0.04913717267666231,0.01684563737664233,0.3428334616533076,1.3130943113504425,14.478779207797578,39.64399999556551,14,0.0074462890625
default,2.0,1.5,2.0,1024,1024,1,0.019147272317176656,0.01915260050667729,0.049133107449323955,0.01684563737664233,0.3428334616533076,1.3130943113504425,14.478779207797578,39.64399999556551,14,0.0074462890625
default,2.0,1.5,2.0,1024,2048,1,0.019147272285911746,0.01914882257639802,0.04913208959302642,0.01684563737664233,0.3428334616533076,1.3130943113504425,14.478779207797578,39.64399999556551,14,0.0074462890625
default,2.0,1.5,2.0,1024,1,2,0.050410207218667534,0.07445118310233301,0.07828252422725306,0.01684563737664233,0.3254516028057377,1.2912623679600748,13.118640443445566,71.35111429347651,12,0.0078125
default,2.0,1.5,2.0,1024,2,2,0.038885620053615344,0.05206212887286998,0.057514174493347586,0.01684563737664233,0.3254516028057377,1.2912623679600748,13.118640443445566,71.35111429347651,12,0.0078125
default,2.0,1.5,2.0,1024,4,2,0.04167022557155322,0.03846504652552194,0.04570054858775089,0.01684563737664233,0.3254516028057377,1.2912623679600748,13.118640443445566,71.35111429347651,12,0.0078125
default,2.0,1.5,2.0,1024,8,2,0.02524454040306208,0.0309669309582197,0.04018949578594891,0.01684563737664233,0.3254516028057377,1.2912623679600748,13.118640443445566,71.35111429347651,12,0.0078125
default,2.0,1.5,2.0,1024,16,2,0.023733652251762785,0.026198457946976512,0.037237054721932145,0.01684563737664233,0.3254516028057377,1.2912623679600748,13.118640443445566,71.35111429347651,12,0.0078125
default,2.0,1.5,2.0,1024,32,2,0.020695309746866154,0.023013944597157256,0.03560502042383095,0.01684563737664233,0.3254516028057377,1.2912623679600748,13.118640443445566,71.35111429347651,12,0.0078125
default,2.0,1.5,2.0,1024,64,2,0.020159361063394752,0.021193198897561893,0.03484929047607007,0.01684563737664233,0.3254516028057377,1.2912623679600748,13.118640443445566,71.35111429347651,12,0.0078125
default,2.0,1.5,2.0,1024,128,2,0.019916918501915116,0.02034008195865715,0.034544585546616755,0.01684563737664233,0.3254516028057377,1.2912623679600748,13.118640443445566,71.35111429347651,12,0.0078125
default,2.0,1.5,2.0,1024,256,2,0.019834699616117737,0.0199954562923074,0.03441427592435343,0.01684563737664233,0.3254516028057377,1.2912623679600748,13.118640443445566,71.35111429347651,12,0.0078125
default,2.0,1.5,2.0,1024,512,2,0.01982812040928826,0.01987376840383272,0.03435774051639599,0.01684563737664233,0.3254516028057377,1.2912623679600748,13.118640443445566,71.35111429347651,12,0.0078125
default,2.0,1.5,2.0,1024,1024,2,0.01982786370684636,0.01983688936237172,0.03433641642646971,0.01684563737664233,0.3254516028057377,1.2912623679600748,13.118640443445566,71.35111429347651,12,0.0078125
default,2.0,1.5,2.0,1024,2048,2,0.01982775303055123,0.01982843211854506,0.034330371000008075,0.01684563737664233,0.3254516028057377,1.2912623679600748,13.118640443445566,71.35111429347651,12,0.0078125
default,2.0,1.5,2.0,1024,1,3,0.05489504195518414,0.07143821247495184,0.07717160075563997,0.01684563737664233,0.3761089466407761,1.4071040712204896,16.59866716191162,17.485444143200123,15,0.0084228515625
default,2.0,1.5,2.0,1024,2,3,0.061677328106819314,0.05245461153447309,0.06266928868661968,0.01684563737664233,0.3761089466407761,1.4071040712204896,16.59866716191162,17.485444143200123,15,0.0084228515625
default,2.0,1.5,2.0,1024,4,3,0.033559043331739806,0.03706466617910925,0.052876313234479014,0.01684563737664233,0.3761089466407761,1.4071040712204896,16.59866716191162,17.485444143200123,15,0.0084228515625
default,2.0,1.5,2.0,1024,8,3,0.02163852712596102,0.027064582580458865,0.04720360226494014,0.01684563737664233,0.3761089466407761,1.4071040712204896,16.59866716191162,17.485444143200123,15,0.0084228515625
default,2.0,1.5,2.0,1024,16,3,0.01768082645939624,0.021486107274368574,0.04418963943445867,0.01684563737664233,0.3761089466407761,1.4071040712204896,16.59866716191162,17.485444143200123,15,0.0084228515625
default,2.0,1.5,2.0,1024,32,3,0.01654188153156642,0.018355328568375705,0.04249217252065866,0.01684563737664233,0.3761089466407761,1.4071040712204896,16.59866716191162,17.485444143200123,15,0.0084228515625
default,2.0,1.5,2.0,1024,64,3,0.01625946270855393,0.01688494016437779,0.04170620335993793,0.01684563737664233,0.3761089466407761,1.4071040712204896,16.59866716191162,17.485444143200123,15,0.0084228515625
default,2.0,1.5,2.0,1024,128,3,0.016917956907254072,0.016372780114036256,0.04141450656218753,0.01684563737664233,0.3761089466407761,1.4071040712204896,16.59866716191162,17.485444143200123,15,0.0084228515625
default,2.0,1.5,2.0,1024,256,3,0.016231815689578984,0.01624401645752991,0.04132771464800736,0.01684563737664233,0.3761089466407761,1.4071040712204896,16.59866716191162,17.485444143200123,15,0.0084228515625
default,2.0,1.5,2.0,1024,512,3,0.016230164520065756,0.01622133254045499,0.041304129829763885,0.01684563737664233,0.3761089466407761,1.4071040712204896,16.59866716191162,17.485444143200123,15,0.0084228515625
default,2.0,1.5,2.0,1024,1024,3,0.01623015013600336,0.01622172459432772,0.0412981133192694,0.01684563737664233,0.3761089466407761,1.4071040712204896,16.59866716191162,17.485444143200123,15,0.0084228515625
default,2.0,1.5,2.0,1024,2048,3,0.016230150733782242,0.016224932679901875,0.04129660672580049,0.01684563737664233,0.3761089466407761,1.4071040712204896,16.59866716191162,17.485444143200123,15,0.0084228515625
default,2.0,1.5,2.0,1024,1,4,0.05831642069935787,0.0748007336632287,0.08261195647385489,0.01684563737664233,0.3861649425634723,1.3985340633774996,17.95009236756221,28.980379404865808,14,0.007568359375
default,2.0,1.5,2.0,1024,2,4,0.04366778724345326,0.05397188265341862,0.0653817629605468,0.01684563737664233,0.3861649425634723,1.3985340633774996,17.95009236756221,28.980379404865808,14,0.007568359375
default,2.0,1.5,2.0,1024,4,4,0.03136148750081863,0.04029706260068987,0.056191973998497374,0.01684563737664233,0.3861649425634723,1.3985340633774996,17.95009236756221,28.980379404865808,14,0.007568359375
default,2.0,1.5,2.0,1024,8,4,0.023164242505244664,0.0304339965935431,0.05066814948913913,0.01684563737664233,0.3861649425634723,1.3985340633774996,17.95009236756221,28.980379404865808,14,0.007568359375
default,2.0,1.5,2.0,1024,16,4,0.02236024716054045,0.024086743046569103,0.04759245131217313,0.01684563737664233,0.3861649425634723,1.3985340633774996,17.95009236756221,28.980379404865808,14,0.007568359375
default,2.0,1.5,2.0,1024,32,4,0.01827324699873939,0.020590001001624954,0.04612380189433132,0.01684563737664233,0.3861649425634723,1.3985340633774996,17.95009236756221,28.980379404865808,14,0.007568359375
default,2.0,1.5,2.0,1024,64,4,0.017915424911865235,0.018790630865928963,0.04541787850917581,0.01684563737664233,0.3861649425634723,1.3985340633774996,17.95009236756221,28.980379404865808,14,0.007568359375
default,2.0,1.5,2.0,1024,128,4,0.017826072421961933,0.01809572672889284,0.045158948843594754,0.01684563737664233,0.3861649425634723,1.3985340633774996,17.95009236756221,28.980379404865808,14,0.007568359375
default,2.0,1.5,2.0,1024,256,4,0.017823560566525478,0.017888952792649754,0.04507992504221543,0.01684563737664233,0.3861649425634723,1.3985340633774996,17.95009236756221,28.980379404865808,14,0.007568359375
default,2.0,1.5,2.0,1024,512,4,0.017824100508429835,0.01783731383865989,0.04505882442814949,0.01684563737664233,0.3861649425634723,1.3985340633774996,17.95009236756221,28.980379404865808,14,0.007568359375
default,2.0,1.5,2.0,1024,1024,4,0.01782370954615384,0.01782569252975782,0.04505344147207918,0.01684563737664233,0.3861649425634723,1.3985340633774996,17.95009236756221,28.980379404865808,14,0.007568359375
default,2.0,1.5,2.0,1024,2048,4,0.017823709516079887,0.017823491572752294,0.04505208599134571,0.01684563737664233,0.3861649425634723,1.3985340633774996,17.95009236756221,28.980379404865808,14,0.007568359375
default,2.0,1.5,2.0,2048,1,0,0.03500819643086245,0.051996206659120095,0.0758181699496335,0.010614999370185474,0.34804617822622425,1.3226333544842166,18.925761882661167,32.34667885975991,23,0.0120849609375
default,2.0,1.5,2.0,2048,2,0,0.025042690405322508,0.03621998177749826,0.062241144880199155,0.010614999370185474,0.34804617822622425,1.3226333544842166,18.925761882661167,32.34667885975991,23,0.0120849609375
default,2.0,1.5,2.0,2048,4,0,0.026787327426387165,0.026113037577902166,0.0544988800242369,0.010614999370185474,0.34804617822622425,1.3226333544842166,18.925761882661167,32.34667885975991,23,0.0120849609375
default,2.0,1.5,2.0,2048,8,0,0.015095501013607146,0.01997002210047658,0.050541281748220444,0.010614999370185474,0.34804617822622425,1.3226333544842166,18.925761882661167,32.34667885975991,23,0.0120849609375
default,2.0,1.5,2.0,2048,16,0,0.01572109908173816,0.015907046900152582,0.048355350278759264,0.010614999370185474,0.34804617822622425,1.3226333544842166,18.925761882661167,32.34667885975991,23,0.0120849609375
default,2.0,1.5,2.0,2048,32,0,0.011795957690360358,0.013292129201777731,0.0471865767335457,0.010614999370185474,0.34804617822622425,1.3226333544842166,18.925761882661167,32.34667885975991,23,0.0120849609375
default,2.0,1.5,2.0,2048,64,0,0.011322152313284393,0.011868956490610164,0.04664120450903238,0.010614999370185474,0.34804617822622425,1.3226333544842166,18.925761882661167,32.34667885975991,23,0.0120849609375
default,2.0,1.5,2.0,2048,128,0,0.011148174539140892,0.01132779658428651,0.046443961625453,0.010614999370185474,0.34804617822622425,1.3226333544842166,18.925761882661167,32.34667885975991,23,0.0120849609375
default,2.0,1.5,2.0,2048,256,0,0.011113432769446627,0.011165145930830424,0.046384494556979995,0.010614999370185474,0.34804617822622425,1.3226333544842166,18.925761882661167,32.34667885975991,23,0.0120849609375
default,2.0,1.5,2.0,2048,512,0,0.01110728260843101,0.011121248576447609,0.04636809329658151,0.010614999370185474,0.34804617822622425,1.3226333544842166,18.925761882661167,32.34667885975991,23,0.0120849609375
default,2.0,1.5,2.0,2048,1024,0,0.011107275609216495,0.011110304937414094,0.046363791679380324,0.010614999370185474,0.34804617822622425,1.3226333544842166,18.925761882661167,32.34667885975991,23,0.0120849609375
default,2.0,1.5,2.0,2048,2048,0,0.011107275474781275,0.011107791585678952,0.04636270560569265,0.010614999370185474,0.34804617822622425,1.3226333544842166,18.925761882661167,32.34667885975991,23,0.0120849609375
default,2.0,1.5,2.0,2048,1,1,0.0343198717177181,0.05171180201842371,0.052930233294449916,0.010614999370185474,0.3588774976039071,1.3593050240999538,19.814957271532354,30.350481447705604,24,0.0125732421875
default,2.0,1.5,2.0,2048,2,1,0.02426735817632567,0.035748864108836195,0.03793975160878702,0.010614999370185474,0.3588774976039071,1.3593050240999538,19.814957271532354,30.350481447705604,24,0.0125732421875
default,2.0,1.5,2.0,2048,4,1,0.01885923414633762,0.026057400400107126,0.029692074784189084,0.010614999370185474,0.3588774976039071,1.3593050240999538,19.814957271532354,30.350481447705604,24,0.0125732421875
default,2.0,1.5,2.0,2048,8,1,0.015069653629480208,0.01950669568069516,0.025123953532296014,0.010614999370185474,0.3588774976039071,1.3593050240999538,19.814957271532354,30.350481447705604,24,0.0125732421875
default,2.0,1.5,2.0,2048,16,1,0.012614373015689365,0.015492120220285751,0.02277700895688008,0.010614999370185474,0.3588774976039071,1.3593050240999538,19.814957271532354,30.350481447705604,24,0.0125732421875
default,2.0,1.5,2.0,2048,32,1,0.01157515180367002,0.013099908792995458,0.021642031203216314,0.010614999370185474,0.3588774976039071,1.3593050240999538,19.814957271532354,30.350481447705604,24,0.0125732421875
default,2.0,1.5,2.0,2048,64,1,0.011310913825421662,0.011924599243000112,0.021164631639145236,0.010614999370185474,0.3588774976039071,1.3593050240999538,19.814957271532354,30.350481447705604,24,0.0125732421875
default,2.0,1.5,2.0,2048,128,1,0.011266297287908577,0.011465284902786595,0.020993978758680865,0.010614999370185474,0.3588774976039071,1.3593050240999538,19.814957271532354,30.350481447705604,24,0.0125732421875
default,2.0,1.5,2.0,2048,256,1,0.01126455582179688,0.011323316569585058,0.02094208559024253,0.010614999370185474,0.3588774976039071,1.3593050240999538,19.814957271532354,30.350481447705604,24,0.0125732421875
default,2.0,1.5,2.0,2048,512,1,0.011264312044519097,0.011282609389044698,0.0209280061615107,0.010614999370185474,0.3588774976039071,1.3593050240999538,19.814957271532354,30.350481447705604,24,0.0125732421875
default,2.0,1.5,2.0,2048,1024,1,0.011264332270317635,0.011270567012414738,0.020924382755834504,0.010614999370185474,0.3588774976039071,1.3593050240999538,19.814957271532354,30.350481447705604,24,0.0125732421875
default,2.0,1.5,2.0,2048,2048,1,0.01126433184779249,0.011266714969944882,0.02092347317767044,0.010614999370185474,0.3588774976039071,1.3593050240999538,19.814957271532354,30.350481447705604,24,0.0125732421875
default,2.0,1.5,2.0,2048,1,2,0.03845015134295508,0.05462556621662787,0.05941158252213579,0.010614999370185474,0.3625806604205939,1.3723480923431008,20.118287102725766,76.54413435932922,24,0.0120849609375
default,2.0,1.5,2.0,2048,2,2,0.03314127034186247,0.03959966307663207,0.047327583879338185,0.010614999370185474,0.3625806604205939,1.3723480923431008,20.118287102725766,76.54413435932922,24,0.0120849609375
default,2.0,1.5,2.0,2048,4,2,0.02116602314199855,0.029344672547958254,0.040715532841471516,0.010614999370185474,0.3625806604205939,1.3723480923431008,20.118287102725766,76.54413435932922,24,0.0120849609375
default,2.0,1.5,2.0,2048,8,2,0.017736964337919693,0.02243220965517583,0.03713154427199808,0.010614999370185474,0.3625806604205939,1.3723480923431008,20.118287102725766,76.54413435932922,24,0.0120849609375
default,2.0,1.5,2.0,2048,16,2,0.01435748264475081,0.017713861661948146,0.03496714299705567,0.010614999370185474,0.3625806604205939,1.3723480923431008,20.118287102725766,76.54413435932922,24,0.0120849609375
default,2.0,1.5,2.0,2048,32,2,0.013169230766771246,0.014894282377498295,0.033789549115226664,0.010614999370185474,0.3625806604205939,1.3723480923431008,20.118287102725766,76.54413435932922,24,0.0120849609375
default,2.0,1.5,2.0,2048,64,2,0.012679400884039578,0.013428445235765172,0.03323835947439173,0.010614999370185474,0.3625806604205939,1.3723480923431008,20.118287102725766,76.54413435932922,24,0.0120849609375
default,2.0,1.5,2.0,2048,128,2,0.012565143988289047,0.012820481351255436,0.033034590601241,0.010614999370185474,0.3625806604205939,1.3723480923431008,20.118287102725766,76.54413435932922,24,0.0120849609375
default,2.0,1.5,2.0,2048,256,2,0.01255333816407063,0.01262256547444705,0.032971129151386676,0.010614999370185474,0.3625806604205939,1.3723480923431008,20.118287102725766,76.54413435932922,24,0.0120849609375
default,2.0,1.5,2.0,2048,512,2,0.012552396476354033,0.01256885261742398,0.03295363068646645,0.010614999370185474,0.3625806604205939,1.3723480923431008,20.118287102725766,76.54413435932922,24,0.0120849609375
default,2.0,1.5,2.0,2048,1024,2,0.012552270720489988,0.012555669888460214,0.03294911465931003,0.010614999370185474,0.3625806604205939,1.3723480923431008,20.118287102725766,76.54413435932922,24,0.0120849609375
default,2.0,1.5,2.0,2048,2048,2,0.012552266993424656,0.012552720323152394,0.03294798001937635,0.010614999370185474,0.3625806604205939,1.3723480923431008,20.118287102725766,76.54413435932922,24,0.0120849609375
default,2.0,1.5,2.0,2048,1,3,0.034576046955961934,0.04926198842675498,0.05519992683519084,0.010614999370185474,0.3610597187790378,1.3734026101742374,19.865371477648804,25.736986407172605,25,0.011962890625
default,2.0,1.5,2.0,2048,2,3,0.024555518793293922,0.03551668430028559,0.04351050020704063,0.010614999370185474,0.3610597187790378,1.3734026101742374,19.865371477648804,25.736986407172605,25,0.011962890625
default,2.0,1.5,2.0,2048,4,3,0.019011245742778217,0.026133324078609785,0.03610154131866599,0.010614999370185474,0.3610597187790378,1.3734026101742374,19.865371477648804,25.736986407172605,25,0.011962890625
default,2.0,1.5,2.0,2048,8,3,0.014296305232105306,0.01950493364992479,0.031475629699666156,0.010614999370185474,0.3610597187790378,1.3734026101742374,19.865371477648804,25.736986407172605,25,0.011962890625
default,2.0,1.5,2.0,2048,16,3,0.011929525429061338,0.015110990010212795,0.028872622813771304,0.010614999370185474,0.3610597187790378,1.3734026101742374,19.865371477648804,25.736986407172605,25,0.011962890625
default,2.0,1.5,2.0,2048,32,3,0.010895170119017198,0.012501380649304433,0.027514224069710012,0.010614999370185474,0.3610597187790378,1.3734026101742374,19.865371477648804,25.736986407172605,25,0.011962890625
default,2.0,1.5,2.0,2048,64,3,0.010549244716052578,0.011215901906910101,0.02694925266975419,0.010614999370185474,0.3610597187790378,1.3734026101742374,19.865371477648804,25.736986407172605,25,0.011962890625
default,2.0,1.5,2.0,2048,128,3,0.010490472611136043,0.010706242061865904,0.026751214412652085,0.010614999370185474,0.3610597187790378,1.3734026101742374,19.865371477648804,25.736986407172605,25,0.011962890625
default,2.0,1.5,2.0,2048,256,3,0.010472580268008796,0.010539744594115875,0.02669369604227438,0.010614999370185474,0.3610597187790378,1.3734026101742374,19.865371477648804,25.736986407172605,25,0.011962890625
default,2.0,1.5,2.0,2048,512,3,0.010466902640706608,0.010488759997714233,0.02667807213837329,0.010614999370185474,0.3610597187790378,1.3734026101742374,19.865371477648804,25.736986407172605,25,0.011962890625
default,2.0,1.5,2.0,2048,1024,3,0.010465740800485186,0.010472332730287921,0.026673769042368393,0.010614999370185474,0.3610597187790378,1.3734026101742374,19.865371477648804,25.736986407172605,25,0.011962890625
default,2.0,1.5,2.0,2048,2048,3,0.010465699372667883,0.010467435395905148,0.026672619738096544,0.010614999370185474,0.3610597187790378,1.3734026101742374,19.865371477648804,25.736986407172605,25,0.011962890625
default,2.0,1.5,2.0,2048,1,4,0.036556652597562134,0.05320026828368828,0.05718930417835075,0.010614999370185474,0.34352467243755125,1.309550334650456,18.525206486044,35.05009619264939,21,0.0115966796875
default,2.0,1.5,2.0,2048,2,4,0.027792004020679533,0.03799430541560097,0.04399226703546651,0.010614999370185474,0.34352467243755125,1.309550334650456,18.525206486044,35.05009619264939,21,0.0115966796875
default,2.0,1.5,2.0,2048,4,4,0.04883764691554492,0.028170071752455283,0.03637522444696091,0.010614999370185474,0.34352467243755125,1.309550334650456,18.525206486044,35.05009619264939,21,0.0115966796875
default,2.0,1.5,2.0,2048,8,4,0.026140257877829587,0.021656917798042,0.03213836677752972,0.010614999370185474,0.34352467243755125,1.309550334650456,18.525206486044,35.05009619264939,21,0.0115966796875
default,2.0,1.5,2.0,2048,16,4,0.012706912061972308,0.016885210747544403,0.029818412599445055,0.010614999370185474,0.34352467243755125,1.309550334650456,18.525206486044,35.05009619264939,21,0.0115966796875
default,2.0,1.5,2.0,2048,32,4,0.011809560753986056,0.013517175704873761,0.028559758013485096,0.010614999370185474,0.34352467243755125,1.309550334650456,18.525206486044,35.05009619264939,21,0.0115966796875
default,2.0,1.5,2.0,2048,64,4,0.01076433592726644,0.01173686769277451,0.027982702497435716,0.010614999370185474,0.34352467243755125,1.309550334650456,18.525206486044,35.05009619264939,21,0.0115966796875
default,2.0,1.5,2.0,2048,128,4,0.010693706539713736,0.011012314935410435,0.027766384858916218,0.010614999370185474,0.34352467243755125,1.309550334650456,18.525206486044,35.05009619264939,21,0.0115966796875
default,2.0,1.5,2.0,2048,256,4,0.010682056775918207,0.010774613644387077,0.027697194102516427,0.010614999370185474,0.34352467243755125,1.309550334650456,18.525206486044,35.05009619264939,21,0.0115966796875
default,2.0,1.5,2.0,2048,512,4,0.010680952855401701,0.010706186350335548,0.02767823740678986,0.010614999370185474,0.34352467243755125,1.309550334650456,18.525206486044,35.05009619264939,21,0.0115966796875
default,2.0,1.5,2.0,2048,1024,4,0.010680902263696572,0.010687668507726471,0.02767339295157947,0.010614999370185474,0.34352467243755125,1.309550334650456,18.525206486044,35.05009619264939,21,0.0115966796875
default,2.0,1.5,2.0,2048,2048,4,0.01068089974025626,0.010682789335728504,0.027672177206625268,0.010614999370185474,0.34352467243755125,1.309550334650456,18.525206486044,35.05009619264939,21,0.0115966796875
default,2.0,1.5,2.0,4096,1,0,0.032970561336397364,0.03661564045061853,0.04106870473298111,0.006688008024161137,0.34305767910165474,1.3086756947949345,23.435120520175776,37.60831169654122,39,0.020751953125
default,2.0,1.5,2.0,4096,2,0,0.018713898818359595,0.02639149055874817,0.0326541103225639,0.006688008024161137,0.34305767910165474,1.3086756947949345,23.435120520175776,37.60831169654122,39,0.020751953125
default,2.0,1.5,2.0,4096,4,0,0.013514210339524647,0.01896626806501909,0.027038082331378183,0.006688008024161137,0.34305767910165474,1.3086756947949345,23.435120520175776,37.60831169654122,39,0.020751953125
default,2.0,1.5,2.0,4096,8,0,0.009984075731661886,0.013941491844519925,0.023403911590123682,0.006688008024161137,0.34305767910165474,1.3086756947949345,23.435120520175776,37.60831169654122,39,0.020751953125
default,2.0,1.5,2.0,4096,16,0,0.008166720609328519,0.010678679590782936,0.02130935952281581,0.006688008024161137,0.34305767910165474,1.3086756947949345,23.435120520175776,37.60831169654122,39,0.020751953125
default,2.0,1.5,2.0,4096,32,0,0.0072222898507289975,0.00862654728535963,0.020157725280583398,0.006688008024161137,0.34305767910165474,1.3086756947949345,23.435120520175776,37.60831169654122,39,0.020751953125
default,2.0,1.5,2.0,4096,64,0,0.006977849600439622,0.007539336798987467,0.019614613761913872,0.006688008024161137,0.34305767910165474,1.3086756947949345,23.435120520175776,37.60831169654122,39,0.020751953125
default,2.0,1.5,2.0,4096,128,0,0.006859140794306999,0.007076631061063843,0.01939721733591666,0.006688008024161137,0.34305767910165474,1.3086756947949345,23.435120520175776,37.60831169654122,39,0.020751953125
default,2.0,1.5,2.0,4096,256,0,0.006842738936419486,0.006914379967307311,0.01932515629335099,0.006688008024161137,0.34305767910165474,1.3086756947949345,23.435120520175776,37.60831169654122,39,0.020751953125
default,2.0,1.5,2.0,4096,512,0,0.006840198701870376,0.006861805479277296,0.019303446163468234,0.006688008024161137,0.34305767910165474,1.3086756947949345,23.435120520175776,37.60831169654122,39,0.020751953125
default,2.0,1.5,2.0,4096,1024,0,0.0068398070840759205,0.006846013295793569,0.01929752807136023,0.006688008024161137,0.34305767910165474,1.3086756947949345,23.435120520175776,37.60831169654122,39,0.020751953125
default,2.0,1.5,2.0,4096,2048,0,0.006839786190178782,0.006841564151633068,0.01929602274942228,0.006688008024161137,0.34305767910165474,1.3086756947949345,23.435120520175776,37.60831169654122,39,0.020751953125
default,2.0,1.5,2.0,4096,1,1,0.025483316908087993,0.03523336441721618,0.0500658903283129,0.006688008024161137,0.34399687559904424,1.3125452960571449,23.527693866011603,78.34110075923049,35,0.0201416015625
default,2.0,1.5,2.0,4096,2,1,0.019906300377152818,0.026063429728752845,0.042983325071166416,0.006688008024161137,0.34399687559904424,1.3125452960571449,23.527693866011603,78.34110075923049,35,0.0201416015625
default,2.0,1.5,2.0,4096,4,1,0.014732696774975284,0.019505132844143947,0.03843657695812381,0.006688008024161137,0.34399687559904424,1.3125452960571449,23.527693866011603,78.34110075923049,35,0.0201416015625
default,2.0,1.5,2.0,4096,8,1,0.010855164216986936,0.014721638107312479,0.0356142137583166,0.006688008024161137,0.34399687559904424,1.3125452960571449,23.527693866011603,78.34110075923049,35,0.0201416015625
default,2.0,1.5,2.0,4096,16,1,0.00910629598271611,0.011516059285686811,0.0338452981050467,0.006688008024161137,0.34399687559904424,1.3125452960571449,23.527693866011603,78.34110075923049,35,0.0201416015625
default,2.0,1.5,2.0,4096,32,1,0.008789184823671296,0.009564572474850055,0.032881372827948556,0.006688008024161137,0.34399687559904424,1.3125452960571449,23.527693866011603,78.34110075923049,35,0.0201416015625
default,2.0,1.5,2.0,4096,64,1,0.007890210459034118,0.00849551559402009,0.032402581759589114,0.006688008024161137,0.34399687559904424,1.3125452960571449,23.527693866011603,78.34110075923049,35,0.0201416015625
default,2.0,1.5,2.0,4096,128,1,0.007878783051211997,0.008039901963812011,0.03221666582832267,0.006688008024161137,0.34399687559904424,1.3125452960571449,23.527693866011603,78.34110075923049,35,0.0201416015625
default,2.0,1.5,2.0,4096,256,1,0.007838276308077343,0.007890847243537936,0.032159284198135046,0.006688008024161137,0.34399687559904424,1.3125452960571449,23.527693866011603,78.34110075923049,35,0.0201416015625
default,2.0,1.5,2.0,4096,512,1,0.007836516531345991,0.007850248474317593,0.0321438911968759,0.006688008024161137,0.34399687559904424,1.3125452960571449,23.527693866011603,78.34110075923049,35,0.0201416015625
default,2.0,1.5,2.0,4096,1024,1,0.007836513836974644,0.007839940373673358,0.03213996689711305,0.006688008024161137,0.34399687559904424,1.3125452960571449,23.527693866011603,78.34110075923049,35,0.0201416015625
default,2.0,1.5,2.0,4096,2048,1,0.00783651380979612,0.007837364076840077,0.032138982741782555,0.006688008024161137,0.34399687559904424,1.3125452960571449,23.527693866011603,78.34110075923049,35,0.0201416015625
default,2.0,1.5,2.0,4096,1,2,0.024360470773266762,0.03603177490212849,0.04300733305898622,0.006688008024161137,0.3371287732463059,1.2927919583896665,22.664600500877985,40.51402548926038,36,0.020751953125
default,2.0,1.5,2.0,4096,2,2,0.019044568648166175,0.02573006667929766,0.03522611388472715,0.006688008024161137,0.3371287732463059,1.2927919583896665,22.664600500877985,40.51402548926038,36,0.020751953125
default,2.0,1.5,2.0,4096,4,2,0.015593860852163568,0.01878829089659218,0.03038909579285662,0.006688008024161137,0.3371287732463059,1.2927919583896665,22.664600500877985,40.51402548926038,36,0.020751953125
default,2.0,1.5,2.0,4096,8,2,0.010336222646844594,0.013931499619011646,0.02702317786299133,0.006688008024161137,0.3371287732463059,1.2927919583896665,22.664600500877985,40.51402548926038,36,0.020751953125
default,2.0,1.5,2.0,4096,16,2,0.00858901713663465,0.010743367101174371,0.025005163078634846,0.006688008024161137,0.3371287732463059,1.2927919583896665,22.664600500877985,40.51402548926038,36,0.020751953125
default,2.0,1.5,2.0,4096,32,2,0.0075869672215078295,0.00875223423626657,0.02387796246826313,0.006688008024161137,0.3371287732463059,1.2927919583896665,22.664600500877985,40.51402548926038,36,0.020751953125
default,2.0,1.5,2.0,4096,64,2,0.007220214995809756,0.007649164108775352,0.023311753912017147,0.006688008024161137,0.3371287732463059,1.2927919583896665,22.664600500877985,40.51402548926038,36,0.020751953125
default,2.0,1.5,2.0,4096,128,2,0.006929707495934971,0.007156961343077932,0.02307341672225752,0.006688008024161137,0.3371287732463059,1.2927919583896665,22.664600500877985,40.51402548926038,36,0.020751953125
default,2.0,1.5,2.0,4096,256,2,0.006920298434100557,0.006988387541352238,0.022996253311106146,0.006688008024161137,0.3371287732463059,1.2927919583896665,22.664600500877985,40.51402548926038,36,0.020751953125
default,2.0,1.5,2.0,4096,512,2,0.006916446292989192,0.006937216063844265,0.02297253042414442,0.006688008024161137,0.3371287732463059,1.2927919583896665,22.664600500877985,40.51402548926038,36,0.020751953125
default,2.0,1.5,2.0,4096,1024,2,0.006916052409106526,0.006922204143765975,0.022965204746665014,0.006688008024161137,0.3371287732463059,1.2927919583896665,22.664600500877985,40.51402548926038,36,0.020751953125
default,2.0,1.5,2.0,4096,2048,2,0.006916036694918014,0.006917862093446719,0.02296306996049445,0.006688008024161137,0.3371287732463059,1.2927919583896665,22.664600500877985,40.51402548926038,36,0.020751953125
default,2.0,1.5,2.0,4096,1,3,0.03452521458030563,0.03788689157330718,0.03955111823221874,0.006688008024161137,0.3449434565488816,1.3132653117816704,23.696600830135168,42.7966314354451,38,0.01904296875
default,2.0,1.5,2.0,4096,2,3,0.019008611373834815,0.02637099198325492,0.029002786832095565,0.006688008024161137,0.3449434565488816,1.3132653117816704,23.696600830135168,42.7966314354451,38,0.01904296875
default,2.0,1.5,2.0,4096,4,3,0.013587826684233726,0.018617474355594896,0.022421479319004144,0.006688008024161137,0.3449434565488816,1.3132653117816704,23.696600830135168,42.7966314354451,38,0.01904296875
default,2.0,1.5,2.0,4096,8,3,0.010998014131815516,0.013866424155922305,0.018799891171816158,0.006688008024161137,0.3449434565488816,1.3132653117816704,23.696600830135168,42.7966314354451,38,0.01904296875
default,2.0,1.5,2.0,4096,16,3,0.00862717859319688,0.0108443237792776,0.01684861090223139,0.006688008024161137,0.3449434565488816,1.3132653117816704,23.696600830135168,42.7966314354451,38,0.01904296875
default,2.0,1.5,2.0,4096,32,3,0.007423672395040446,0.00886251628852854,0.015827685320248017,0.006688008024161137,0.3449434565488816,1.3132653117816704,23.696600830135168,42.7966314354451,38,0.01904296875
default,2.0,1.5,2.0,4096,64,3,0.00706514799858525,0.0077111049927912866,0.015344823322737233,0.006688008024161137,0.3449434565488816,1.3132653117816704,23.696600830135168,42.7966314354451,38,0.01904296875
default,2.0,1.5,2.0,4096,128,3,0.00696915007045445,0.00719941126123604,0.015158384074067615,0.006688008024161137,0.3449434565488816,1.3132653117816704,23.696600830135168,42.7966314354451,38,0.01904296875
default,2.0,1.5,2.0,4096,256,3,0.006958367552506622,0.007025176854238754,0.015098852749513472,0.006688008024161137,0.3449434565488816,1.3132653117816704,23.696600830135168,42.7966314354451,38,0.01904296875
default,2.0,1.5,2.0,4096,512,3,0.006957527721696615,0.006975361932596462,0.015081779943074053,0.006688008024161137,0.3449434565488816,1.3132653117816704,23.696600830135168,42.7966314354451,38,0.01904296875
default,2.0,1.5,2.0,4096,1024,3,0.006957502347080581,0.006962124577242693,0.015077117808977187,0.006688008024161137,0.3449434565488816,1.3132653117816704,23.696600830135168,42.7966314354451,38,0.01904296875
default,2.0,1.5,2.0,4096,2048,3,0.006957502298529643,0.00695871987270312,0.015075928373795535,0.006688008024161137,0.3449434565488816,1.3132653117816704,23.696600830135168,42.7966314354451,38,0.01904296875
default,2.0,1.5,2.0,4096,1,4,0.03121087375769344,0.036755700306761764,0.03950889206371488,0.006688008024161137,0.3419883770021766,1.2911617609798707,23.637998026325064,63.32241134732412,32,0.016845703125
default,2.0,1.5,2.0,4096,2,4,0.029990123432290933,0.026884706113853817,0.031082936557597245,0.006688008024161137,0.3419883770021766,1.2911617609798707,23.637998026325064,63.32241134732412,32,0.016845703125
default,2.0,1.5,2.0,4096,4,4,0.013633203242125599,0.019600631543884584,0.025703857194157444,0.006688008024161137,0.3419883770021766,1.2911617609798707,23.637998026325064,63.32241134732412,32,0.016845703125
default,2.0,1.5,2.0,4096,8,4,0.011795844234687637,0.01439611240532912,0.022240570028706802,0.006688008024161137,0.3419883770021766,1.2911617609798707,23.637998026325064,63.32241134732412,32,0.016845703125
default,2.0,1.5,2.0,4096,16,4,0.009155428161857378,0.011130864566369914,0.02017187589203723,0.006688008024161137,0.3419883770021766,1.2911617609798707,23.637998026325064,63.32241134732412,32,0.016845703125
default,2.0,1.5,2.0,4096,32,4,0.00811559467299626,0.009297037953147808,0.01912502599738136,0.006688008024161137,0.3419883770021766,1.2911617609798707,23.637998026325064,63.32241134732412,32,0.016845703125
default,2.0,1.5,2.0,4096,64,4,0.007829052336776702,0.008346170853864621,0.018669778592505355,0.006688008024161137,0.3419883770021766,1.2911617609798707,23.637998026325064,63.32241134732412,32,0.016845703125
default,2.0,1.5,2.0,4096,128,4,0.007765525309775563,0.007939279822664107,0.018502162129179257,0.006688008024161137,0.3419883770021766,1.2911617609798707,23.637998026325064,63.32241134732412,32,0.016845703125
default,2.0,1.5,2.0,4096,256,4,0.007738205164776933,0.007798218433699776,0.018449621261452595,0.006688008024161137,0.3419883770021766,1.2911617609798707,23.637998026325064,63.32241134732412,32,0.016845703125
default,2.0,1.5,2.0,4096,512,4,0.007734665697006657,0.0077536891331459875,0.01843491050858553,0.006688008024161137,0.3419883770021766,1.2911617609798707,23.637998026325064,63.32241134732412,32,0.016845703125
default,2.0,1.5,2.0,4096,1024,4,0.00773408107501091,0.007739586985543385,0.018431025357821554,0.006688008024161137,0.3419883770021766,1.2911617609798707,23.637998026325064,63.32241134732412,32,0.016845703125
default,2.0,1.5,2.0,4096,2048,4,0.0077340715293661615,0.007735559578627056,0.01843004217379053,0.006688008024161137,0.3419883770021766,1.2911617609798707,23.637998026325064,63.32241134732412,32,0.016845703125
default,2.0,1.5,2.0,8192,1,0,0.018253566782327237,0.025969837123718004,0.027934867504520344,0.00421360794668283,0.3389714205287906,1.2951847193592476,29.040612771006586,46.96945516334262,56,0.0323486328125
default,2.0,1.5,2.0,8192,2,0,0.01261661012929664,0.01848611508885683,0.021675093887794913,0.00421360794668283,0.3389714205287906,1.2951847193592476,29.040612771006586,46.96945516334262,56,0.0323486328125
default,2.0,1.5,2.0,8192,4,0,0.009155059319767591,0.013207698212697285,0.017632627721594393,0.00421360794668283,0.3389714205287906,1.2951847193592476,29.040612771006586,46.96945516334262,56,0.0323486328125
default,2.0,1.5,2.0,8192,8,0,0.0070086094872618505,0.009614649996787643,0.015023090871852161,0.00421360794668283,0.3389714205287906,1.2951847193592476,29.040612771006586,46.96945516334262,56,0.0323486328125
default,2.0,1.5,2.0,8192,16,0,0.005596373081572091,0.007277256713912631,0.013450320018931412,0.00421360794668283,0.3389714205287906,1.2951847193592476,29.040612771006586,46.96945516334262,56,0.0323486328125
default,2.0,1.5,2.0,8192,32,0,0.005222425192132863,0.005762599957813284,0.012542548758468403,0.00421360794668283,0.3389714205287906,1.2951847193592476,29.040612771006586,46.96945516334262,56,0.0323486328125
default,2.0,1.5,2.0,8192,64,0,0.0044198672440725825,0.0048986773997280455,0.012089366854101,0.00421360794668283,0.3389714205287906,1.2951847193592476,29.040612771006586,46.96945516334262,56,0.0323486328125
default,2.0,1.5,2.0,8192,128,0,0.004410548854363936,0.004505938673477141,0.011904898967579743,0.00421360794668283,0.3389714205287906,1.2951847193592476,29.040612771006586,46.96945516334262,56,0.0323486328125
default,2.0,1.5,2.0,8192,256,0,0.00431837057642147,0.004370908727055872,0.011844850108916474,0.00421360794668283,0.3389714205287906,1.2951847193592476,29.040612771006586,46.96945516334262,56,0.0323486328125
default,2.0,1.5,2.0,8192,512,0,0.004317257890419941,0.004331655746940288,0.011827842483358967,0.00421360794668283,0.3389714205287906,1.2951847193592476,29.040612771006586,46.96945516334262,56,0.0323486328125
default,2.0,1.5,2.0,8192,1024,0,0.0043171832212550755,0.004321011762420037,0.011823359684278553,0.00421360794668283,0.3389714205287906,1.2951847193592476,29.040612771006586,46.96945516334262,56,0.0323486328125
default,2.0,1.5,2.0,8192,2048,0,0.0043171823025183334,0.004318221928846745,0.011822226701490489,0.00421360794668283,0.3389714205287906,1.2951847193592476,29.040612771006586,46.96945516334262,56,0.0323486328125
default,2.0,1.5,2.0,8192,1,1,0.017544343760936085,0.02502706857994156,0.02740408570246907,0.00421360794668283,0.33871280693439815,1.3018130167974666,28.78161020191906,75.11960242812287,56,0.030029296875
default,2.0,1.5,2.0,8192,2,1,0.012533391680865797,0.018356359949985492,0.021813750012883153,0.00421360794668283,0.33871280693439815,1.3018130167974666,28.78161020191906,75.11960242812287,56,0.030029296875
default,2.0,1.5,2.0,8192,4,1,0.009993704321661334,0.013521315089727542,0.01798994820955908,0.00421360794668283,0.33871280693439815,1.3018130167974666,28.78161020191906,75.11960242812287,56,0.030029296875
default,2.0,1.5,2.0,8192,8,1,0.007345786882630534,0.010130241334256116,0.015467231537270408,0.00421360794668283,0.33871280693439815,1.3018130167974666,28.78161020191906,75.11960242812287,56,0.030029296875
default,2.0,1.5,2.0,8192,16,1,0.005951227722160806,0.007827795892296416,0.013913499461285901,0.00421360794668283,0.33871280693439815,1.3018130167974666,28.78161020191906,75.11960242812287,56,0.030029296875
default,2.0,1.5,2.0,8192,32,1,0.005157376757131877,0.006291105039852346,0.013013296631580008,0.00421360794668283,0.33871280693439815,1.3018130167974666,28.78161020191906,75.11960242812287,56,0.030029296875
default,2.0,1.5,2.0,8192,64,1,0.004817075335360123,0.005370775009384787,0.01255679552203497,0.00421360794668283,0.33871280693439815,1.3018130167974666,28.78161020191906,75.11960242812287,56,0.030029296875
default,2.0,1.5,2.0,8192,128,1,0.004745475749597258,0.004936017915187677,0.012367623569555869,0.00421360794668283,0.33871280693439815,1.3018130167974666,28.78161020191906,75.11960242812287,56,0.030029296875
default,2.0,1.5,2.0,8192,256,1,0.004720363152858316,0.0047808918340619955,0.012304705829810431,0.00421360794668283,0.33871280693439815,1.3018130167974666,28.78161020191906,75.11960242812287,56,0.030029296875
default,2.0,1.5,2.0,8192,512,1,0.004716883381452626,0.004734024620793865,0.012286576671061844,0.00421360794668283,0.33871280693439815,1.3018130167974666,28.78161020191906,75.11960242812287,56,0.030029296875
default,2.0,1.5,2.0,8192,1024,1,0.004716785373376045,0.0047211416593665135,0.012281691698657797,0.00421360794668283,0.33871280693439815,1.3018130167974666,28.78161020191906,75.11960242812287,56,0.030029296875
default,2.0,1.5,2.0,8192,2048,1,0.004716783279874975,0.004717846543698585,0.01228043442808864,0.00421360794668283,0.33871280693439815,1.3018130167974666,28.78161020191906,75.11960242812287,56,0.030029296875
default,2.0,1.5,2.0,8192,1,2,0.0286533251643419,0.02505324258924879,0.028935299649428172,0.00421360794668283,0.34091394090084287,1.3049781422683353,29.265394721945725,37.165697729055054,62,0.03125
default,2.0,1.5,2.0,8192,2,2,0.013565853310025574,0.017884204343553176,0.023092653592649552,0.00421360794668283,0.34091394090084287,1.3049781422683353,29.265394721945725,37.165697729055054,62,0.03125
default,2.0,1.5,2.0,8192,4,2,0.009172535803050743,0.01294140160373158,0.019270012507312084,0.00421360794668283,0.34091394090084287,1.3049781422683353,29.265394721945725,37.165697729055054,62,0.03125
default,2.0,1.5,2.0,8192,8,2,0.006864011821007403,0.009563782924364758,0.016918194774231468,0.00421360794668283,0.34091394090084287,1.3049781422683353,29.265394721945725,37.165697729055054,62,0.03125
default,2.0,1.5,2.0,8192,16,2,0.0051600311062965625,0.007156782811168396,0.015466348413938198,0.00421360794668283,0.34091394090084287,1.3049781422683353,29.265394721945725,37.165697729055054,62,0.03125
default,2.0,1.5,2.0,8192,32,2,0.004265309312118712,0.005501319081934464,0.014606715617501412,0.00421360794668283,0.34091394090084287,1.3049781422683353,29.265394721945725,37.165697729055054,62,0.03125
default,2.0,1.5,2.0,8192,64,2,0.0039188647085908095,0.004496905130838667,0.014152683849134609,0.00421360794668283,0.34091394090084287,1.3049781422683353,29.265394721945725,37.165697729055054,62,0.03125
default,2.0,1.5,2.0,8192,128,2,0.0038088867766136437,0.0040255517664940935,0.013957861454758186,0.00421360794668283,0.34091394090084287,1.3049781422683353,29.265394721945725,37.165697729055054,62,0.03125
default,2.0,1.5,2.0,8192,256,2,0.003796803147071059,0.003861322881069597,0.013891381468196665,0.00421360794668283,0.34091394090084287,1.3049781422683353,29.265394721945725,37.165697729055054,62,0.03125
default,2.0,1.5,2.0,8192,512,2,0.003794123417229126,0.003812542924656554,0.013871800366900508,0.00421360794668283,0.34091394090084287,1.3049781422683353,29.265394721945725,37.165697729055054,62,0.03125
default,2.0,1.5,2.0,8192,1024,2,0.003793709492505185,0.003798767393403387,0.013866350830192168,0.00421360794668283,0.34091394090084287,1.3049781422683353,29.265394721945725,37.165697729055054,62,0.03125
default,2.0,1.5,2.0,8192,2048,2,0.003793692051082477,0.0037950457751355303,0.013864922165187006,0.00421360794668283,0.34091394090084287,1.3049781422683353,29.265394721945725,37.165697729055054,62,0.03125
default,2.0,1.5,2.0,8192,1,3,0.016617329578069807,0.02441775035609076,0.027048994922339725,0.00421360794668283,0.35573284996193033,1.357802563501767,31.725260816089527,44.457213500741034,57,0.03125
default,2.0,1.5,2.0,8192,2,3,0.013435403477741584,0.01762819995328747,0.02107892348121123,0.00421360794668283,0.35573284996193033,1.357802563501767,31.725260816089527,44.457213500741034,57,0.03125
default,2.0,1.5,2.0,8192,4,3,0.009681030671995555,0.012902616532407192,0.017214494692503888,0.00421360794668283,0.35573284996193033,1.357802563501767,31.725260816089527,44.457213500741034,57,0.03125
default,2.0,1.5,2.0,8192,8,3,0.007229442854977334,0.009545186974892582,0.014766061530530838,0.00421360794668283,0.35573284996193033,1.357802563501767,31.725260816089527,44.457213500741034,57,0.03125
default,2.0,1.5,2.0,8192,16,3,0.005454861872695387,0.007232805501364902,0.01329602429930493,0.00421360794668283,0.35573284996193033,1.357802563501767,31.725260816089527,44.457213500741034,57,0.03125
default,2.0,1.5,2.0,8192,32,3,0.004598322469587746,0.00570364681755029,0.012495278721207573,0.00421360794668283,0.35573284996193033,1.357802563501767,31.725260816089527,44.457213500741034,57,0.03125
default,2.0,1.5,2.0,8192,64,3,0.004300081898795694,0.004822078775473066,0.012108062010029879,0.00421360794668283,0.35573284996193033,1.357802563501767,31.725260816089527,44.457213500741034,57,0.03125
default,2.0,1.5,2.0,8192,128,3,0.0043290026440634885,0.004420846614309319,0.011942479130995136,0.00421360794668283,0.35573284996193033,1.357802563501767,31.725260816089527,44.457213500741034,57,0.03125
default,2.0,1.5,2.0,8192,256,3,0.004227985288401215,0.004282446337135888,0.011884568505955491,0.00421360794668283,0.35573284996193033,1.357802563501767,31.725260816089527,44.457213500741034,57,0.03125
default,2.0,1.5,2.0,8192,512,3,0.0042270654436622835,0.004241988737665583,0.011866849280945087,0.00421360794668283,0.35573284996193033,1.357802563501767,31.725260816089527,44.457213500741034,57,0.03125
default,2.0,1.5,2.0,8192,1024,3,0.0042269280688847785,0.0042309082936008826,0.011861796418978486,0.00421360794668283,0.35573284996193033,1.357802563501767,31.725260816089527,44.457213500741034,57,0.03125
default,2.0,1.5,2.0,8192,2048,3,0.004226924911876126,0.00422797489646446,0.011860446582224978,0.00421360794668283,0.35573284996193033,1.357802563501767,31.725260816089527,44.457213500741034,57,0.03125
default,2.0,1.5,2.0,8192,1,4,0.018295774958882755,0.02561748307321561,0.033301926188546,0.00421360794668283,0.34245010305412327,1.3203366053760563,29.22105501074128,62.45465756043788,58,0.0286865234375
default,2.0,1.5,2.0,8192,2,4,0.01257980120187161,0.018248932108279603,0.026999906697407802,0.00421360794668283,0.34245010305412327,1.3203366053760563,29.22105501074128,62.45465756043788,58,0.0286865234375
default,2.0,1.5,2.0,8192,4,4,0.009182397054687588,0.0132066534186895,0.02310240012703326,0.00421360794668283,0.34245010305412327,1.3203366053760563,29.22105501074128,62.45465756043788,58,0.0286865234375
default,2.0,1.5,2.0,8192,8,4,0.007273383201804653,0.009893379066972735,0.02088480265755603,0.00421360794668283,0.34245010305412327,1.3203366053760563,29.22105501074128,62.45465756043788,58,0.0286865234375
default,2.0,1.5,2.0,8192,16,4,0.005872170304849613,0.007611234430656946,0.019556587946878527,0.00421360794668283,0.34245010305412327,1.3203366053760563,29.22105501074128,62.45465756043788,58,0.0286865234375
default,2.0,1.5,2.0,8192,32,4,0.005054147237351264,0.00611985532794821,0.01882037837708155,0.00421360794668283,0.34245010305412327,1.3203366053760563,29.22105501074128,62.45465756043788,58,0.0286865234375
default,2.0,1.5,2.0,8192,64,4,0.004704911185981347,0.005238196786011265,0.018433782377600776,0.00421360794668283,0.34245010305412327,1.3203366053760563,29.22105501074128,62.45465756043788,58,0.0286865234375
default,2.0,1.5,2.0,8192,128,4,0.0046067529509561285,0.004809512199621807,0.01826661124353473,0.00421360794668283,0.34245010305412327,1.3203366053760563,29.22105501074128,62.45465756043788,58,0.0286865234375
default,2.0,1.5,2.0,8192,256,4,0.004593106297964946,0.004653770929886559,0.01821067848746083,0.00421360794668283,0.34245010305412327,1.3203366053760563,29.22105501074128,62.45465756043788,58,0.0286865234375
default,2.0,1.5,2.0,8192,512,4,0.0045922989731192205,0.004608284923838442,0.01819506932360849,0.00421360794668283,0.34245010305412327,1.3203366053760563,29.22105501074128,62.45465756043788,58,0.0286865234375
default,2.0,1.5,2.0,8192,1024,4,0.004592272274277972,0.004596331305763561,0.018191053494915784,0.00421360794668283,0.34245010305412327,1.3203366053760563,29.22105501074128,62.45465756043788,58,0.0286865234375
default,2.0,1.5,2.0,8192,2048,4,0.004592271934716661,0.004593303239334894,0.018190046015466928,0.00421360794668283,0.34245010305412327,1.3203366053760563,29.22105501074128,62.45465756043788,58,0.0286865234375
slow-tail,2.4,1.5,2.0,256,1,0,0.1409440513309171,0.21718364737845808,0.23106129550004784,0.04237938562977577,0.6087303439718773,1.5783054030597223,30.16403384997283,32.98145656957179,4,0.0032958984375
slow-tail,2.4,1.5,2.0,256,2,0,0.10299407745290248,0.14474567171100866,0.1680411054296808,0.04237938562977577,0.6087303439718773,1.5783054030597223,30.16403384997283,32.98145656957179,4,0.0032958984375
slow-tail,2.4,1.5,2.0,256,4,0,0.08225024903053785,0.1057022967042732,0.13800702563185535,0.04237938562977577,0.6087303439718773,1.5783054030597223,30.16403384997283,32.98145656957179,4,0.0032958984375
slow-tail,2.4,1.5,2.0,256,8,0,0.07337550096974196,0.0813270498686999,0.12184785476801156,0.04237938562977577,0.6087303439718773,1.5783054030597223,30.16403384997283,32.98145656957179,4,0.0032958984375
slow-tail,2.4,1.5,2.0,256,16,0,0.05040475911690944,0.06539039641645576,0.11281620481129409,0.04237938562977577,0.6087303439718773,1.5783054030597223,30.16403384997283,32.98145656957179,4,0.0032958984375
slow-tail,2.4,1.5,2.0,256,32,0,0.04372488195223105,0.05335729579184441,0.10642362185663401,0.04237938562977577,0.6087303439718773,1.5783054030597223,30.16403384997283,32.98145656957179,4,0.0032958984375
slow-tail,2.4,1.5,2.0,256,64,0,0.04364726582273695,0.04522690432987094,0.10253875239729279,0.04237938562977577,0.6087303439718773,1.5783054030597223,30.16403384997283,32.98145656957179,4,0.0032958984375
slow-tail,2.4,1.5,2.0,256,128,0,0.038698982830853566,0.04090863578344651,0.10052532946276382,0.04237938562977577,0.6087303439718773,1.5783054030597223,30.16403384997283,32.98145656957179,4,0.0032958984375
slow-tail,2.4,1.5,2.0,256,256,0,0.03906251923383583,0.039211555319184715,0.0997129437801477,0.04237938562977577,0.6087303439718773,1.5783054030597223,30.16403384997283,32.98145656957179,4,0.0032958984375
slow-tail,2.4,1.5,2.0,256,512,0,0.038315220280374866,0.038579729573788364,0.09937251351784777,0.04237938562977577,0.6087303439718773,1.5783054030597223,30.16403384997283,32.98145656957179,4,0.0032958984375
slow-tail,2.4,1.5,2.0,256,1024,0,0.038194994736161024,0.03831798629946782,0.09921962004292813,0.04237938562977577,0.6087303439718773,1.5783054030597223,30.16403384997283,32.98145656957179,4,0.0032958984375
slow-tail,2.4,1.5,2.0,256,2048,0,0.038358949826410145,0.03821813233364138,0.0991600178790734,0.04237938562977577,0.6087303439718773,1.5783054030597223,30.16403384997283,32.98145656957179,4,0.0032958984375
slow-tail,2.4,1.5,2.0,256,1,1,0.13198843373573196,0.17964919716161679,0.19831245653310445,0.04237938562977577,0.7205628861867469,1.763855635825948,46.582798422451944,117.17073210256035,5,0.0035400390625
slow-tail,2.4,1.5,2.0,256,2,1,0.1818910272351638,0.1436802325707415,0.16764126256294576,0.04237938562977577,0.7205628861867469,1.763855635825948,46.582798422451944,117.17073210256035,5,0.0035400390625
slow-tail,2.4,1.5,2.0,256,4,1,0.08283932068461236,0.113595113959021,0.14119522198570922,0.04237938562977577,0.7205628861867469,1.763855635825948,46.582798422451944,117.17073210256035,5,0.0035400390625
slow-tail,2.4,1.5,2.0,256,8,1,0.07711610710307205,0.08778717676400649,0.11876402444023934,0.04237938562977577,0.7205628861867469,1.763855635825948,46.582798422451944,117.17073210256035,5,0.0035400390625
slow-tail,2.4,1.5,2.0,256,16,1,0.05960881172677052,0.07200824354287458,0.1073137892804896,0.04237938562977577,0.7205628861867469,1.763855635825948,46.582798422451944,117.17073210256035,5,0.0035400390625
slow-tail,2.4,1.5,2.0,256,32,1,0.057180970061400105,0.062033982063950735,0.10146947252412868,0.04237938562977577,0.7205628861867469,1.763855635825948,46.582798422451944,117.17073210256035,5,0.0035400390625
slow-tail,2.4,1.5,2.0,256,64,1,0.052039212053360644,0.05616633571847233,0.098815828443764,0.04237938562977577,0.7205628861867469,1.763855635825948,46.582798422451944,117.17073210256035,5,0.0035400390625
slow-tail,2.4,1.5,2.0,256,128,1,0.05029955420091366,0.05252308160578065,0.09731819691654031,0.04237938562977577,0.7205628861867469,1.763855635825948,46.582798422451944,117.17073210256035,5,0.0035400390625
slow-tail,2.4,1.5,2.0,256,256,1,0.052365951616605844,0.05081616541787398,0.09659428221618754,0.04237938562977577,0.7205628861867469,1.763855635825948,46.582798422451944,117.17073210256035,5,0.0035400390625
slow-tail,2.4,1.5,2.0,256,512,1,0.049844852156839044,0.05011901937537321,0.09625122689234776,0.04237938562977577,0.7205628861867469,1.763855635825948,46.582798422451944,117.17073210256035,5,0.0035400390625
slow-tail,2.4,1.5,2.0,256,1024,1,0.049844547910244,0.04984004039351167,0.0961015437789558,0.04237938562977577,0.7205628861867469,1.763855635825948,46.582798422451944,117.17073210256035,5,0.0035400390625
slow-tail,2.4,1.5,2.0,256,2048,1,0.049686306363948975,0.049733852552479314,0.09604394432391909,0.04237938562977577,0.7205628861867469,1.763855635825948,46.582798422451944,117.17073210256035,5,0.0035400390625
slow-tail,2.4,1.5,2.0,256,1,2,0.18114915195734382,0.18132814324741398,0.2002644360606583,0.04237938562977577,0.5682824093677892,1.5536623983668343,24.704917492610097,35.227925288954346,4,0.0029296875
slow-tail,2.4,1.5,2.0,256,2,2,0.11054038045360516,0.1440469776200699,0.17867820520201796,0.04237938562977577,0.5682824093677892,1.5536623983668343,24.704917492610097,35.227925288954346,4,0.0029296875
slow-tail,2.4,1.5,2.0,256,4,2,0.1034609468472784,0.11082262848011562,0.1670619310976393,0.04237938562977577,0.5682824093677892,1.5536623983668343,24.704917492610097,35.227925288954346,4,0.0029296875
slow-tail,2.4,1.5,2.0,256,8,2,0.0685235618865037,0.08898606513177608,0.15793383921510606,0.04237938562977577,0.5682824093677892,1.5536623983668343,24.704917492610097,35.227925288954346,4,0.0029296875
slow-tail,2.4,1.5,2.0,256,16,2,0.06033948408696334,0.06920148360574149,0.1507057054554136,0.04237938562977577,0.5682824093677892,1.5536623983668343,24.704917492610097,35.227925288954346,4,0.0029296875
slow-tail,2.4,1.5,2.0,256,32,2,0.0418219727681972,0.05443850636993696,0.1461410388239522,0.04237938562977577,0.5682824093677892,1.5536623983668343,24.704917492610097,35.227925288954346,4,0.0029296875
slow-tail,2.4,1.5,2.0,256,64,2,0.03881659888174384,0.04471969179594593,0.1436832821391558,0.04237938562977577,0.5682824093677892,1.5536623983668343,24.704917492610097,35.227925288954346,4,0.0029296875
slow-tail,2.4,1.5,2.0,256,128,2,0.03770247948258251,0.0401158201573534,0.1426487100090076,0.04237938562977577,0.5682824093677892,1.5536623983668343,24.704917492610097,35.227925288954346,4,0.0029296875
slow-tail,2.4,1.5,2.0,256,256,2,0.03743566591264007,0.03833469012100457,0.14222117700575346,0.04237938562977577,0.5682824093677892,1.5536623983668343,24.704917492610097,35.227925288954346,4,0.0029296875
slow-tail,2.4,1.5,2.0,256,512,2,0.03727567548522372,0.037629070986774926,0.14204736839070672,0.04237938562977577,0.5682824093677892,1.5536623983668343,24.704917492610097,35.227925288954346,4,0.0029296875
slow-tail,2.4,1.5,2.0,256,1024,2,0.03715346059665182,0.03733091450560604,0.1419656535893804,0.04237938562977577,0.5682824093677892,1.5536623983668343,24.704917492610097,35.227925288954346,4,0.0029296875
slow-tail,2.4,1.5,2.0,256,2048,2,0.03707380350432464,0.03718288432245843,0.14192225875934153,0.04237938562977577,0.5682824093677892,1.5536623983668343,24.704917492610097,35.227925288954346,4,0.0029296875
slow-tail,2.4,1.5,2.0,256,1,3,0.16613285673241526,0.20449444037743117,0.20644983708649692,0.04237938562977577,0.7138228236614399,1.6963233738375827,48.00901278895999,177.72474306989105,6,0.003173828125
slow-tail,2.4,1.5,2.0,256,2,3,0.14254922139639964,0.16037115243772104,0.16369558590942415,0.04237938562977577,0.7138228236614399,1.6963233738375827,48.00901278895999,177.72474306989105,6,0.003173828125
slow-tail,2.4,1.5,2.0,256,4,3,0.1406127038912197,0.12138992199013134,0.12964123352965837,0.04237938562977577,0.7138228236614399,1.6963233738375827,48.00901278895999,177.72474306989105,6,0.003173828125
slow-tail,2.4,1.5,2.0,256,8,3,0.08550004252638893,0.09933043833596501,0.11480053313656793,0.04237938562977577,0.7138228236614399,1.6963233738375827,48.00901278895999,177.72474306989105,6,0.003173828125
slow-tail,2.4,1.5,2.0,256,16,3,0.09752053222191064,0.08264071405684267,0.10690925877068719,0.04237938562977577,0.7138228236614399,1.6963233738375827,48.00901278895999,177.72474306989105,6,0.003173828125
slow-tail,2.4,1.5,2.0,256,32,3,0.057024650017330314,0.06812860735107079,0.10136803900534958,0.04237938562977577,0.7138228236614399,1.6963233738375827,48.00901278895999,177.72474306989105,6,0.003173828125
slow-tail,2.4,1.5,2.0,256,64,3,0.05337860042650061,0.058634473822840906,0.09808170003843887,0.04237938562977577,0.7138228236614399,1.6963233738375827,48.00901278895999,177.72474306989105,6,0.003173828125
slow-tail,2.4,1.5,2.0,256,128,3,0.055923857870790045,0.0539261682916962,0.09641528553810573,0.04237938562977577,0.7138228236614399,1.6963233738375827,48.00901278895999,177.72474306989105,6,0.003173828125
slow-tail,2.4,1.5,2.0,256,256,3,0.05126497034007308,0.05193546405313963,0.0957362058778081,0.04237938562977577,0.7138228236614399,1.6963233738375827,48.00901278895999,177.72474306989105,6,0.003173828125
slow-tail,2.4,1.5,2.0,256,512,3,0.051191435185537135,0.05128114402159557,0.09551076096541465,0.04237938562977577,0.7138228236614399,1.6963233738375827,48.00901278895999,177.72474306989105,6,0.003173828125
slow-tail,2.4,1.5,2.0,256,1024,3,0.05119364497564204,0.051143666218243226,0.09544429441986349,0.04237938562977577,0.7138228236614399,1.6963233738375827,48.00901278895999,177.72474306989105,6,0.003173828125
slow-tail,2.4,1.5,2.0,256,2048,3,0.05118537194965264,0.05114334573396349,0.09542477733389322,0.04237938562977577,0.7138228236614399,1.6963233738375827,48.00901278895999,177.72474306989105,6,0.003173828125
slow-tail,2.4,1.5,2.0,256,1,4,0.17281496685203995,0.2009069818592305,0.20328493693298721,0.04237938562977577,0.6160956092269223,1.5570393807722513,32.09685363048038,33.868316169090406,6,0.003173828125
slow-tail,2.4,1.5,2.0,256,2,4,0.10630548939514414,0.14082429543194733,0.1461227806314592,0.04237938562977577,0.6160956092269223,1.5570393807722513,32.09685363048038,33.868316169090406,6,0.003173828125
slow-tail,2.4,1.5,2.0,256,4,4,0.08133222406505639,0.10833712262058864,0.11699766473942658,0.04237938562977577,0.6160956092269223,1.5570393807722513,32.09685363048038,33.868316169090406,6,0.003173828125
slow-tail,2.4,1.5,2.0,256,8,4,0.06520389498974959,0.08286454342652938,0.09700354077252965,0.04237938562977577,0.6160956092269223,1.5570393807722513,32.09685363048038,33.868316169090406,6,0.003173828125
slow-tail,2.4,1.5,2.0,256,16,4,0.0520462930184495,0.06446321847224447,0.08411111364283785,0.04237938562977577,0.6160956092269223,1.5570393807722513,32.09685363048038,33.868316169090406,6,0.003173828125
slow-tail,2.4,1.5,2.0,256,32,4,0.047368467205213205,0.05352827018051453,0.077092790450312,0.04237938562977577,0.6160956092269223,1.5570393807722513,32.09685363048038,33.868316169090406,6,0.003173828125
slow-tail,2.4,1.5,2.0,256,64,4,0.04422645399341933,0.04713980329555352,0.0734319049697416,0.04237938562977577,0.6160956092269223,1.5570393807722513,32.09685363048038,33.868316169090406,6,0.003173828125
slow-tail,2.4,1.5,2.0,256,128,4,0.04144050093360798,0.043541175744165744,0.07156857422432832,0.04237938562977577,0.6160956092269223,1.5570393807722513,32.09685363048038,33.868316169090406,6,0.003173828125
slow-tail,2.4,1.5,2.0,256,256,4,0.040685229908371895,0.04168154519581503,0.07065352621324869,0.04237938562977577,0.6160956092269223,1.5570393807722513,32.09685363048038,33.868316169090406,6,0.003173828125
slow-tail,2.4,1.5,2.0,256,512,4,0.04394629441160249,0.04075278763815078,0.07019664244886821,0.04237938562977577,0.6160956092269223,1.5570393807722513,32.09685363048038,33.868316169090406,6,0.003173828125
slow-tail,2.4,1.5,2.0,256,1024,4,0.04035553996106898,0.04030673400090785,0.06994820981670462,0.04237938562977577,0.6160956092269223,1.5570393807722513,32.09685363048038,33.868316169090406,6,0.003173828125
slow-tail,2.4,1.5,2.0,256,2048,4,0.040090992086559085,0.04013903464767979,0.069845960791612,0.04237938562977577,0.6160956092269223,1.5570393807722513,32.09685363048038,33.868316169090406,6,0.003173828125
slow-tail,2.4,1.5,2.0,512,1,0,0.10601676350416221,0.1733656067615204,0.19037698903450306,0.02672626708909891,0.5628011399273195,1.4653805705369076,38.6672717918915,47.76602454929823,7,0.0059814453125
slow-tail,2.4,1.5,2.0,512,2,0,0.08074648141445215,0.11996906452308885,0.14194536420583517,0.02672626708909891,0.5628011399273195,1.4653805705369076,38.6672717918915,47.76602454929823,7,0.0059814453125
slow-tail,2.4,1.5,2.0,512,4,0,0.06276989528986057,0.0859218235380955,0.11508648029711842,0.02672626708909891,0.5628011399273195,1.4653805705369076,38.6672717918915,47.76602454929823,7,0.0059814453125
slow-tail,2.4,1.5,2.0,512,8,0,0.048329398625224625,0.06477535277833298,0.09879528603130894,0.02672626708909891,0.5628011399273195,1.4653805705369076,38.6672717918915,47.76602454929823,7,0.0059814453125
slow-tail,2.4,1.5,2.0,512,16,0,0.051689657662902955,0.04940713381740594,0.08853446202429627,0.02672626708909891,0.5628011399273195,1.4653805705369076,38.6672717918915,47.76602454929823,7,0.0059814453125
slow-tail,2.4,1.5,2.0,512,32,0,0.028390982093000137,0.03809199134428689,0.08252765227804103,0.02672626708909891,0.5628011399273195,1.4653805705369076,38.6672717918915,47.76602454929823,7,0.0059814453125
slow-tail,2.4,1.5,2.0,512,64,0,0.025173830040584808,0.030354859770609987,0.07887692184020462,0.02672626708909891,0.5628011399273195,1.4653805705369076,38.6672717918915,47.76602454929823,7,0.0059814453125
slow-tail,2.4,1.5,2.0,512,128,0,0.024048223642281548,0.02616195439204033,0.07690394738426877,0.02672626708909891,0.5628011399273195,1.4653805705369076,38.6672717918915,47.76602454929823,7,0.0059814453125
slow-tail,2.4,1.5,2.0,512,256,0,0.023483600230570015,0.02436909871831688,0.07600711198260443,0.02672626708909891,0.5628011399273195,1.4653805705369076,38.6672717918915,47.76602454929823,7,0.0059814453125
slow-tail,2.4,1.5,2.0,512,512,0,0.02338084236059909,0.023672170381741398,0.07565188651161983,0.02672626708909891,0.5628011399273195,1.4653805705369076,38.6672717918915,47.76602454929823,7,0.0059814453125
slow-tail,2.4,1.5,2.0,512,1024,0,0.023389452464328605,0.023383916481957714,0.07553337701769448,0.02672626708909891,0.5628011399273195,1.4653805705369076,38.6672717918915,47.76602454929823,7,0.0059814453125
slow-tail,2.4,1.5,2.0,512,2048,0,0.023161502171104763,0.023241032844944904,0.07549327333066551,0.02672626708909891,0.5628011399273195,1.4653805705369076,38.6672717918915,47.76602454929823,7,0.0059814453125
slow-tail,2.4,1.5,2.0,512,1,1,0.10234613675406379,0.13354596458342136,0.197334447137715,0.02672626708909891,0.6490340216216935,1.5857081502514152,58.71027075221772,103.50063541305013,9,0.00439453125
slow-tail,2.4,1.5,2.0,512,2,1,0.09480270085402237,0.09796893348129679,0.16650069651718388,0.02672626708909891,0.6490340216216935,1.5857081502514152,58.71027075221772,103.50063541305013,9,0.00439453125
slow-tail,2.4,1.5,2.0,512,4,1,0.07076374089515522,0.07703830901655333,0.14883714131794598,0.02672626708909891,0.6490340216216935,1.5857081502514152,58.71027075221772,103.50063541305013,9,0.00439453125
slow-tail,2.4,1.5,2.0,512,8,1,0.048411328810296424,0.062113594714818456,0.1379783334697962,0.02672626708909891,0.6490340216216935,1.5857081502514152,58.71027075221772,103.50063541305013,9,0.00439453125
slow-tail,2.4,1.5,2.0,512,16,1,0.03875040236873812,0.04916432314916247,0.13036649951005697,0.02672626708909891,0.6490340216216935,1.5857081502514152,58.71027075221772,103.50063541305013,9,0.00439453125
slow-tail,2.4,1.5,2.0,512,32,1,0.034363688768836956,0.04047371394134751,0.1261625659982009,0.02672626708909891,0.6490340216216935,1.5857081502514152,58.71027075221772,103.50063541305013,9,0.00439453125
slow-tail,2.4,1.5,2.0,512,64,1,0.032007032222008,0.03541769083323624,0.12396948219093315,0.02672626708909891,0.6490340216216935,1.5857081502514152,58.71027075221772,103.50063541305013,9,0.00439453125
slow-tail,2.4,1.5,2.0,512,128,1,0.030617867670516465,0.03255627387116379,0.12265831367596743,0.02672626708909891,0.6490340216216935,1.5857081502514152,58.71027075221772,103.50063541305013,9,0.00439453125
slow-tail,2.4,1.5,2.0,512,256,1,0.029797692376897014,0.03096502784153641,0.12193841405452534,0.02672626708909891,0.6490340216216935,1.5857081502514152,58.71027075221772,103.50063541305013,9,0.00439453125
slow-tail,2.4,1.5,2.0,512,512,1,0.029420539695291053,0.030052835380891863,0.1215906836996215,0.02672626708909891,0.6490340216216935,1.5857081502514152,58.71027075221772,103.50063541305013,9,0.00439453125
slow-tail,2.4,1.5,2.0,512,1024,1,0.02933273705764516,0.029608129140780315,0.12144683178800639,0.02672626708909891,0.6490340216216935,1.5857081502514152,58.71027075221772,103.50063541305013,9,0.00439453125
slow-tail,2.4,1.5,2.0,512,2048,1,0.029330772816693777,0.029430720745380428,0.12139506207569609,0.02672626708909891,0.6490340216216935,1.5857081502514152,58.71027075221772,103.50063541305013,9,0.00439453125
slow-tail,2.4,1.5,2.0,512,1,2,0.12601667388547907,0.15589173622703226,0.17562688616087035,0.02672626708909891,0.5717127664814875,1.5279095492936525,38.40002815249768,70.16271074748931,8,0.0050048828125
slow-tail,2.4,1.5,2.0,512,2,2,0.11640492043108627,0.11915559821516374,0.14482729868099162,0.02672626708909891,0.5717127664814875,1.5279095492936525,38.40002815249768,70.16271074748931,8,0.0050048828125
slow-tail,2.4,1.5,2.0,512,4,2,0.060229122219558534,0.0891957388126078,0.12640128101256792,0.02672626708909891,0.5717127664814875,1.5279095492936525,38.40002815249768,70.16271074748931,8,0.0050048828125
slow-tail,2.4,1.5,2.0,512,8,2,0.04587605524086174,0.06508978271767271,0.11089783518363201,0.02672626708909891,0.5717127664814875,1.5279095492936525,38.40002815249768,70.16271074748931,8,0.0050048828125
slow-tail,2.4,1.5,2.0,512,16,2,0.05399441867300926,0.049922811994812924,0.10125020506448217,0.02672626708909891,0.5717127664814875,1.5279095492936525,38.40002815249768,70.16271074748931,8,0.0050048828125
slow-tail,2.4,1.5,2.0,512,32,2,0.03263973441369527,0.039685512710041664,0.09483323357611124,0.02672626708909891,0.5717127664814875,1.5279095492936525,38.40002815249768,70.16271074748931,8,0.0050048828125
slow-tail,2.4,1.5,2.0,512,64,2,0.030499779823646683,0.033839286061335065,0.09144407341820036,0.02672626708909891,0.5717127664814875,1.5279095492936525,38.40002815249768,70.16271074748931,8,0.0050048828125
slow-tail,2.4,1.5,2.0,512,128,2,0.028961282797836566,0.030718768772661907,0.08984810389483015,0.02672626708909891,0.5717127664814875,1.5279095492936525,38.40002815249768,70.16271074748931,8,0.0050048828125
slow-tail,2.4,1.5,2.0,512,256,2,0.029365691742190576,0.029063238843251054,0.08907779768202259,0.02672626708909891,0.5717127664814875,1.5279095492936525,38.40002815249768,70.16271074748931,8,0.0050048828125
slow-tail,2.4,1.5,2.0,512,512,2,0.02810656435014027,0.028334799621588132,0.08874255740748993,0.02672626708909891,0.5717127664814875,1.5279095492936525,38.40002815249768,70.16271074748931,8,0.0050048828125
slow-tail,2.4,1.5,2.0,512,1024,2,0.027972071939853026,0.02806464795429028,0.0886123811514551,0.02672626708909891,0.5717127664814875,1.5279095492936525,38.40002815249768,70.16271074748931,8,0.0050048828125
slow-tail,2.4,1.5,2.0,512,2048,2,0.027945262177765204,0.027975117648204567,0.08856466334463331,0.02672626708909891,0.5717127664814875,1.5279095492936525,38.40002815249768,70.16271074748931,8,0.0050048828125
slow-tail,2.4,1.5,2.0,512,1,3,0.166238812490387,0.15559677624018153,0.15971267895764288,0.02672626708909891,0.6205462267936396,1.5440822078238086,51.24020676221392,66.48504669141596,7,0.004638671875
slow-tail,2.4,1.5,2.0,512,2,3,0.08688925576557828,0.11696151900870318,0.12903888296009222,0.02672626708909891,0.6205462267936396,1.5440822078238086,51.24020676221392,66.48504669141596,7,0.004638671875
slow-tail,2.4,1.5,2.0,512,4,3,0.06835378443378493,0.09093677294864881,0.11185482579293408,0.02672626708909891,0.6205462267936396,1.5440822078238086,51.24020676221392,66.48504669141596,7,0.004638671875
slow-tail,2.4,1.5,2.0,512,8,3,0.05200387515912016,0.07005395756819065,0.1023158728525661,0.02672626708909891,0.6205462267936396,1.5440822078238086,51.24020676221392,66.48504669141596,7,0.004638671875
slow-tail,2.4,1.5,2.0,512,16,3,0.04123495556850271,0.052793847932143104,0.09593882229229238,0.02672626708909891,0.6205462267936396,1.5440822078238086,51.24020676221392,66.48504669141596,7,0.004638671875
slow-tail,2.4,1.5,2.0,512,32,3,0.0323016758244224,0.041051906786609506,0.0915490544811339,0.02672626708909891,0.6205462267936396,1.5440822078238086,51.24020676221392,66.48504669141596,7,0.004638671875
slow-tail,2.4,1.5,2.0,512,64,3,0.028044910043302937,0.033667651698911234,0.08901386372293758,0.02672626708909891,0.6205462267936396,1.5440822078238086,51.24020676221392,66.48504669141596,7,0.004638671875
slow-tail,2.4,1.5,2.0,512,128,3,0.02638601822839515,0.029241065064030448,0.08763317436966614,0.02672626708909891,0.6205462267936396,1.5440822078238086,51.24020676221392,66.48504669141596,7,0.004638671875
slow-tail,2.4,1.5,2.0,512,256,3,0.02616222563764713,0.027031992946908903,0.08700053091103388,0.02672626708909891,0.6205462267936396,1.5440822078238086,51.24020676221392,66.48504669141596,7,0.004638671875
slow-tail,2.4,1.5,2.0,512,512,3,0.02552767394533487,0.0260490596671641,0.08675024314719128,0.02672626708909891,0.6205462267936396,1.5440822078238086,51.24020676221392,66.48504669141596,7,0.004638671875
slow-tail,2.4,1.5,2.0,512,1024,3,0.025358049504227712,0.025606154593142798,0.08665769047102549,0.02672626708909891,0.6205462267936396,1.5440822078238086,51.24020676221392,66.48504669141596,7,0.004638671875
slow-tail,2.4,1.5,2.0,512,2048,3,0.025310370901006046,0.02540904574789261,0.08662597548269034,0.02672626708909891,0.6205462267936396,1.5440822078238086,51.24020676221392,66.48504669141596,7,0.004638671875
slow-tail,2.4,1.5,2.0,512,1,4,0.12729102663041048,0.13822141890747777,0.15098348466435207,0.02672626708909891,0.6569613265221501,1.6650784103561587,56.97984011149129,71.15142699556138,10,0.0057373046875
slow-tail,2.4,1.5,2.0,512,2,4,0.07463515058427597,0.10397671796039142,0.12076843373969737,0.02672626708909891,0.6569613265221501,1.6650784103561587,56.97984011149129,71.15142699556138,10,0.0057373046875
slow-tail,2.4,1.5,2.0,512,4,4,0.0679383595041719,0.07617904974172483,0.09518733765362448,0.02672626708909891,0.6569613265221501,1.6650784103561587,56.97984011149129,71.15142699556138,10,0.0057373046875
slow-tail,2.4,1.5,2.0,512,8,4,0.0450541569850158,0.05888021403821925,0.07939898508552985,0.02672626708909891,0.6569613265221501,1.6650784103561587,56.97984011149129,71.15142699556138,10,0.0057373046875
slow-tail,2.4,1.5,2.0,512,16,4,0.03872512707081162,0.047673463013638215,0.06966000254401919,0.02672626708909891,0.6569613265221501,1.6650784103561587,56.97984011149129,71.15142699556138,10,0.0057373046875
slow-tail,2.4,1.5,2.0,512,32,4,0.052705549447190844,0.03972766926615015,0.06369843890600968,0.02672626708909891,0.6569613265221501,1.6650784103561587,56.97984011149129,71.15142699556138,10,0.0057373046875
slow-tail,2.4,1.5,2.0,512,64,4,0.029878129270214163,0.0339746584805459,0.059999511677531606,0.02672626708909891,0.6569613265221501,1.6650784103561587,56.97984011149129,71.15142699556138,10,0.0057373046875
slow-tail,2.4,1.5,2.0,512,128,4,0.02812166155228353,0.03043283043763304,0.057814472599676,0.02672626708909891,0.6569613265221501,1.6650784103561587,56.97984011149129,71.15142699556138,10,0.0057373046875
slow-tail,2.4,1.5,2.0,512,256,4,0.027847169363900207,0.028727019794642025,0.0567861300290534,0.02672626708909891,0.6569613265221501,1.6650784103561587,56.97984011149129,71.15142699556138,10,0.0057373046875
slow-tail,2.4,1.5,2.0,512,512,4,0.027788902754008107,0.02806279596047771,0.0563834433402675,0.02672626708909891,0.6569613265221501,1.6650784103561587,56.97984011149129,71.15142699556138,10,0.0057373046875
slow-tail,2.4,1.5,2.0,512,1024,4,0.027708558270160305,0.027827931380764198,0.05623474093669455,0.02672626708909891,0.6569613265221501,1.6650784103561587,56.97984011149129,71.15142699556138,10,0.0057373046875
slow-tail,2.4,1.5,2.0,512,2048,4,0.02769327022214047,0.0277386790841397,0.05617362584914883,0.02672626708909891,0.6569613265221501,1.6650784103561587,56.97984011149129,71.15142699556138,10,0.0057373046875
slow-tail,2.4,1.5,2.0,1024,1,0,0.08962383194275436,0.11380009243832076,0.11799653029705678,0.01684563737664233,0.641818784203158,1.6252779397231203,84.17591032995077,97.89660836182728,13,0.008056640625
slow-tail,2.4,1.5,2.0,1024,2,0,0.06121865610295373,0.0855264133455289,0.09379660319672545,0.01684563737664233,0.641818784203158,1.6252779397231203,84.17591032995077,97.89660836182728,13,0.008056640625
slow-tail,2.4,1.5,2.0,1024,4,0,0.04598939505473384,0.06468602485918855,0.07926741351196932,0.01684563737664233,0.641818784203158,1.6252779397231203,84.17591032995077,97.89660836182728,13,0.008056640625
slow-tail,2.4,1.5,2.0,1024,8,0,0.0883066052922938,0.04775950558213595,0.06845049163422344,0.01684563737664233,0.641818784203158,1.6252779397231203,84.17591032995077,97.89660836182728,13,0.008056640625
slow-tail,2.4,1.5,2.0,1024,16,0,0.026415073130324845,0.035589800431262024,0.06124756697944614,0.01684563737664233,0.641818784203158,1.6252779397231203,84.17591032995077,97.89660836182728,13,0.008056640625
slow-tail,2.4,1.5,2.0,1024,32,0,0.02208744809565966,0.02766381100520445,0.056621576174030394,0.01684563737664233,0.641818784203158,1.6252779397231203,84.17591032995077,97.89660836182728,13,0.008056640625
slow-tail,2.4,1.5,2.0,1024,64,0,0.019437663021262236,0.022828287120463666,0.054092017309330984,0.01684563737664233,0.641818784203158,1.6252779397231203,84.17591032995077,97.89660836182728,13,0.008056640625
slow-tail,2.4,1.5,2.0,1024,128,0,0.019667251082345363,0.020011090903973232,0.05283609415846467,0.01684563737664233,0.641818784203158,1.6252779397231203,84.17591032995077,97.89660836182728,13,0.008056640625
slow-tail,2.4,1.5,2.0,1024,256,0,0.017627799799079188,0.018476815211938807,0.052195571097423565,0.01684563737664233,0.641818784203158,1.6252779397231203,84.17591032995077,97.89660836182728,13,0.008056640625
slow-tail,2.4,1.5,2.0,1024,512,0,0.01738627452530463,0.01773912308274537,0.05188202917451237,0.01684563737664233,0.641818784203158,1.6252779397231203,84.17591032995077,97.89660836182728,13,0.008056640625
slow-tail,2.4,1.5,2.0,1024,1024,0,0.017360475643882232,0.017448494957708054,0.05175104483715176,0.01684563737664233,0.641818784203158,1.6252779397231203,84.17591032995077,97.89660836182728,13,0.008056640625
slow-tail,2.4,1.5,2.0,1024,2048,0,0.01733143236379892,0.01734996779676267,0.05169824313611403,0.01684563737664233,0.641818784203158,1.6252779397231203,84.17591032995077,97.89660836182728,13,0.008056640625
slow-tail,2.4,1.5,2.0,1024,1,1,0.08550681608171952,0.12117048051088476,0.12813013449048852,0.01684563737664233,0.617100230975953,1.5953618382461667,73.07519112274987,198.31273990095403,14,0.0074462890625
slow-tail,2.4,1.5,2.0,1024,2,1,0.06056810185410779,0.08808644853316591,0.09873245555574392,0.01684563737664233,0.617100230975953,1.5953618382461667,73.07519112274987,198.31273990095403,14,0.0074462890625
slow-tail,2.4,1.5,2.0,1024,4,1,0.04573255573425028,0.0650708789182484,0.07936322050257612,0.01684563737664233,0.617100230975953,1.5953618382461667,73.07519112274987,198.31273990095403,14,0.0074462890625
slow-tail,2.4,1.5,2.0,1024,8,1,0.04212793490620122,0.04793863899319551,0.0667236946237316,0.01684563737664233,0.617100230975953,1.5953618382461667,73.07519112274987,198.31273990095403,14,0.0074462890625
slow-tail,2.4,1.5,2.0,1024,16,1,0.028335684687821976,0.037310334668150584,0.05902631692059359,0.01684563737664233,0.617100230975953,1.5953618382461667,73.07519112274987,198.31273990095403,14,0.0074462890625
slow-tail,2.4,1.5,2.0,1024,32,1,0.02443683949256566,0.0303322576187742,0.05452524294361206,0.01684563737664233,0.617100230975953,1.5953618382461667,73.07519112274987,198.31273990095403,14,0.0074462890625
slow-tail,2.4,1.5,2.0,1024,64,1,0.021715309318885583,0.02547759302138539,0.051866508407732284,0.01684563737664233,0.617100230975953,1.5953618382461667,73.07519112274987,198.31273990095403,14,0.0074462890625
slow-tail,2.4,1.5,2.0,1024,128,1,0.020404713190293546,0.022226725594531847,0.050347823696459765,0.01684563737664233,0.617100230975953,1.5953618382461667,73.07519112274987,198.31273990095403,14,0.0074462890625
slow-tail,2.4,1.5,2.0,1024,256,1,0.019517811479231564,0.020403522840817048,0.04960004720779654,0.01684563737664233,0.617100230975953,1.5953618382461667,73.07519112274987,198.31273990095403,14,0.0074462890625
slow-tail,2.4,1.5,2.0,1024,512,1,0.01933598985864273,0.019593807473751817,0.0492906016567757,0.01684563737664233,0.617100230975953,1.5953618382461667,73.07519112274987,198.31273990095403,14,0.0074462890625
slow-tail,2.4,1.5,2.0,1024,1024,1,0.01916338171680406,0.01929886632385954,0.04918447637406561,0.01684563737664233,0.617100230975953,1.5953618382461667,73.07519112274987,198.31273990095403,14,0.0074462890625
slow-tail,2.4,1.5,2.0,1024,2048,1,0.01916588469983109,0.019192526160502182,0.049149804381017105,0.01684563737664233,0.617100230975953,1.5953618382461667,73.07519112274987,198.31273990095403,14,0.0074462890625
slow-tail,2.4,1.5,2.0,1024,1,2,0.07783496369487461,0.11039764665770661,0.11186423553856056,0.01684563737664233,0.5858128850503271,1.5560643401435048,61.18604057823867,367.6076484769146,12,0.0078125
slow-tail,2.4,1.5,2.0,1024,2,2,0.05792893245312501,0.08273133661901352,0.08502103864236821,0.01684563737664233,0.5858128850503271,1.5560643401435048,61.18604057823867,367.6076484769146,12,0.0078125
slow-tail,2.4,1.5,2.0,1024,4,2,0.06866991340949281,0.06069596804828219,0.06421397713733858,0.01684563737664233,0.5858128850503271,1.5560643401435048,61.18604057823867,367.6076484769146,12,0.0078125
slow-tail,2.4,1.5,2.0,1024,8,2,0.03616481737486032,0.046100777395489755,0.051240514533116226,0.01684563737664233,0.5858128850503271,1.5560643401435048,61.18604057823867,367.6076484769146,12,0.0078125
slow-tail,2.4,1.5,2.0,1024,16,2,0.04150601583145632,0.03697970447046864,0.04390976264958636,0.01684563737664233,0.5858128850503271,1.5560643401435048,61.18604057823867,367.6076484769146,12,0.0078125
slow-tail,2.4,1.5,2.0,1024,32,2,0.025714158859925895,0.03103164907226243,0.039751046405798046,0.01684563737664233,0.5858128850503271,1.5560643401435048,61.18604057823867,367.6076484769146,12,0.0078125
slow-tail,2.4,1.5,2.0,1024,64,2,0.02796885926806479,0.026758291840364018,0.03735062558081301,0.01684563737664233,0.5858128850503271,1.5560643401435048,61.18604057823867,367.6076484769146,12,0.0078125
slow-tail,2.4,1.5,2.0,1024,128,2,0.024510862755526833,0.023679825683081027,0.035934467149515995,0.01684563737664233,0.5858128850503271,1.5560643401435048,61.18604057823867,367.6076484769146,12,0.0078125
slow-tail,2.4,1.5,2.0,1024,256,2,0.020364572375163252,0.021633524774201097,0.03510691816253719,0.01684563737664233,0.5858128850503271,1.5560643401435048,61.18604057823867,367.6076484769146,12,0.0078125
slow-tail,2.4,1.5,2.0,1024,512,2,0.01995044505337959,0.0205426915833319,0.03470443453070812,0.01684563737664233,0.5858128850503271,1.5560643401435048,61.18604057823867,367.6076484769146,12,0.0078125
slow-tail,2.4,1.5,2.0,1024,1024,2,0.019834702002561447,0.020070700010817868,0.034524313763923814,0.01684563737664233,0.5858128850503271,1.5560643401435048,61.18604057823867,367.6076484769146,12,0.0078125
slow-tail,2.4,1.5,2.0,1024,2048,2,0.019784551419708394,0.019876013251016903,0.03443396117735325,0.01684563737664233,0.5858128850503271,1.5560643401435048,61.18604057823867,367.6076484769146,12,0.0078125
slow-tail,2.4,1.5,2.0,1024,1,3,0.08618779782297499,0.1051077696501123,0.10706410015667109,0.01684563737664233,0.6769961039533963,1.7645794060122502,93.45106342723358,78.8701686475626,15,0.0084228515625
slow-tail,2.4,1.5,2.0,1024,2,3,0.10248257159367946,0.08098272885036832,0.08497753000713328,0.01684563737664233,0.6769961039533963,1.7645794060122502,93.45106342723358,78.8701686475626,15,0.0084228515625
slow-tail,2.4,1.5,2.0,1024,4,3,0.05012559758167558,0.061134067307190135,0.06907079044499123,0.01684563737664233,0.6769961039533963,1.7645794060122502,93.45106342723358,78.8701686475626,15,0.0084228515625
slow-tail,2.4,1.5,2.0,1024,8,3,0.03173518570072839,0.04534214471153291,0.05852111347238259,0.01684563737664233,0.6769961039533963,1.7645794060122502,93.45106342723358,78.8701686475626,15,0.0084228515625
slow-tail,2.4,1.5,2.0,1024,16,3,0.025316781470240867,0.033979359924895786,0.05156511463245912,0.01684563737664233,0.6769961039533963,1.7645794060122502,93.45106342723358,78.8701686475626,15,0.0084228515625
slow-tail,2.4,1.5,2.0,1024,32,3,0.02101278124198247,0.026639329431003514,0.04712895409501176,0.01684563737664233,0.6769961039533963,1.7645794060122502,93.45106342723358,78.8701686475626,15,0.0084228515625
slow-tail,2.4,1.5,2.0,1024,64,3,0.01843329583797342,0.021980374310835528,0.044413247966654947,0.01684563737664233,0.6769961039533963,1.7645794060122502,93.45106342723358,78.8701686475626,15,0.0084228515625
slow-tail,2.4,1.5,2.0,1024,128,3,0.024741228180793894,0.019063377593263167,0.04279464350734812,0.01684563737664233,0.6769961039533963,1.7645794060122502,93.45106342723358,78.8701686475626,15,0.0084228515625
slow-tail,2.4,1.5,2.0,1024,256,3,0.017047916139582453,0.017507874902308825,0.041924790633831865,0.01684563737664233,0.6769961039533963,1.7645794060122502,93.45106342723358,78.8701686475626,15,0.0084228515625
slow-tail,2.4,1.5,2.0,1024,512,3,0.01670702010385742,0.0168402287065388,0.04153193248655081,0.01684563737664233,0.6769961039533963,1.7645794060122502,93.45106342723358,78.8701686475626,15,0.0084228515625
slow-tail,2.4,1.5,2.0,1024,1024,3,0.01655322783691956,0.01661232102319249,0.04137972468727758,0.01684563737664233,0.6769961039533963,1.7645794060122502,93.45106342723358,78.8701686475626,15,0.0084228515625
slow-tail,2.4,1.5,2.0,1024,2048,3,0.016543598289762436,0.0165490665400001,0.041325133071445766,0.01684563737664233,0.6769961039533963,1.7645794060122502,93.45106342723358,78.8701686475626,15,0.0084228515625
slow-tail,2.4,1.5,2.0,1024,1,4,0.09291295466317631,0.11110568728781854,0.11438793565992066,0.01684563737664233,0.6950968966142491,1.7491533918948676,107.59014578183327,128.35064721686186,14,0.007568359375
slow-tail,2.4,1.5,2.0,1024,2,4,0.06767023679547242,0.0813115065086305,0.08673602277137223,0.01684563737664233,0.6950968966142491,1.7491533918948676,107.59014578183327,128.35064721686186,14,0.007568359375
slow-tail,2.4,1.5,2.0,1024,4,4,0.04715294045137613,0.06213560121991475,0.07099308831758118,0.01684563737664233,0.6950968966142491,1.7491533918948676,107.59014578183327,128.35064721686186,14,0.007568359375
slow-tail,2.4,1.5,2.0,1024,8,4,0.03591376460123872,0.04760951092471198,0.06055464175199469,0.01684563737664233,0.6950968966142491,1.7491533918948676,107.59014578183327,128.35064721686186,14,0.007568359375
slow-tail,2.4,1.5,2.0,1024,16,4,0.03516505130257138,0.03704120067633205,0.05383513525186522,0.01684563737664233,0.6950968966142491,1.7491533918948676,107.59014578183327,128.35064721686186,14,0.007568359375
slow-tail,2.4,1.5,2.0,1024,32,4,0.023539027380744745,0.02976941873063854,0.04990630001974889,0.01684563737664233,0.6950968966142491,1.7491533918948676,107.59014578183327,128.35064721686186,14,0.007568359375
slow-tail,2.4,1.5,2.0,1024,64,4,0.02042648093967667,0.024594323716890073,0.04756910950374529,0.01684563737664233,0.6950968966142491,1.7491533918948676,107.59014578183327,128.35064721686186,14,0.007568359375
slow-tail,2.4,1.5,2.0,1024,128,4,0.018647239729294617,0.021065023314874618,0.046231909780997574,0.01684563737664233,0.6950968966142491,1.7491533918948676,107.59014578183327,128.35064721686186,14,0.007568359375
slow-tail,2.4,1.5,2.0,1024,256,4,0.018128295317787427,0.019137552566365523,0.04553320442890371,0.01684563737664233,0.6950968966142491,1.7491533918948676,107.59014578183327,128.35064721686186,14,0.007568359375
slow-tail,2.4,1.5,2.0,1024,512,4,0.01824319794844324,0.018302598057273484,0.04522558850907666,0.01684563737664233,0.6950968966142491,1.7491533918948676,107.59014578183327,128.35064721686186,14,0.007568359375
slow-tail,2.4,1.5,2.0,1024,1024,4,0.017893998174693584,0.018003007566011673,0.04511011431197907,0.01684563737664233,0.6950968966142491,1.7491533918948676,107.59014578183327,128.35064721686186,14,0.007568359375
slow-tail,2.4,1.5,2.0,1024,2048,4,0.01789490308704917,0.01791491963410783,0.045070163849707974,0.01684563737664233,0.6950968966142491,1.7491533918948676,107.59014578183327,128.35064721686186,14,0.007568359375
slow-tail,2.4,1.5,2.0,2048,1,0,0.060340636472883895,0.08400789421588586,0.10337990241911718,0.010614999370185474,0.6264831208072038,1.6125321158869628,118.34462206174666,182.90643664200704,23,0.0120849609375
slow-tail,2.4,1.5,2.0,2048,2,0,0.04160499608052753,0.060960873365188586,0.08328225398363917,0.010614999370185474,0.6264831208072038,1.6125321158869628,118.34462206174666,182.90643664200704,23,0.0120849609375
slow-tail,2.4,1.5,2.0,2048,4,0,0.048603955149904184,0.04381824113428443,0.06798497586600968,0.010614999370185474,0.6264831208072038,1.6125321158869628,118.34462206174666,182.90643664200704,23,0.0120849609375
slow-tail,2.4,1.5,2.0,2048,8,0,0.024718220753918583,0.033126126032333565,0.059114857621170046,0.010614999370185474,0.6264831208072038,1.6125321158869628,118.34462206174666,182.90643664200704,23,0.0120849609375
slow-tail,2.4,1.5,2.0,2048,16,0,0.0250194043905747,0.02599010003718733,0.053963212433021074,0.010614999370185474,0.6264831208072038,1.6125321158869628,118.34462206174666,182.90643664200704,23,0.0120849609375
slow-tail,2.4,1.5,2.0,2048,32,0,0.017657810195110025,0.020815107084527818,0.05077365884936679,0.010614999370185474,0.6264831208072038,1.6125321158869628,118.34462206174666,182.90643664200704,23,0.0120849609375
slow-tail,2.4,1.5,2.0,2048,64,0,0.013899789102459996,0.016887389608513718,0.04868967149060093,0.010614999370185474,0.6264831208072038,1.6125321158869628,118.34462206174666,182.90643664200704,23,0.0120849609375
slow-tail,2.4,1.5,2.0,2048,128,0,0.012800240926736126,0.014157328033886482,0.04749317981146098,0.010614999370185474,0.6264831208072038,1.6125321158869628,118.34462206174666,182.90643664200704,23,0.0120849609375
slow-tail,2.4,1.5,2.0,2048,256,0,0.011770314352239256,0.012482872327065735,0.04686141885406398,0.010614999370185474,0.6264831208072038,1.6125321158869628,118.34462206174666,182.90643664200704,23,0.0120849609375
slow-tail,2.4,1.5,2.0,2048,512,0,0.011240823273653468,0.011645206973875085,0.04655524752559163,0.010614999370185474,0.6264831208072038,1.6125321158869628,118.34462206174666,182.90643664200704,23,0.0120849609375
slow-tail,2.4,1.5,2.0,2048,1024,0,0.011391014497228479,0.011308078443150746,0.04643129695508507,0.010614999370185474,0.6264831208072038,1.6125321158869628,118.34462206174666,182.90643664200704,23,0.0120849609375
slow-tail,2.4,1.5,2.0,2048,2048,0,0.011161807910304834,0.01119037949518921,0.04638616102177934,0.010614999370185474,0.6264831208072038,1.6125321158869628,118.34462206174666,182.90643664200704,23,0.0120849609375
slow-tail,2.4,1.5,2.0,2048,1,1,0.0578203507305164,0.08265789704603996,0.08300158307241955,0.010614999370185474,0.645979495687033,1.6785411211952892,128.54053714159292,176.77733218795998,24,0.0125732421875
slow-tail,2.4,1.5,2.0,2048,2,1,0.04187049890735251,0.06037191967997915,0.06099866714664553,0.010614999370185474,0.645979495687033,1.6785411211952892,128.54053714159292,176.77733218795998,24,0.0125732421875
slow-tail,2.4,1.5,2.0,2048,4,1,0.03198354980098005,0.0446473625569471,0.04580480189157024,0.010614999370185474,0.645979495687033,1.6785411211952892,128.54053714159292,176.77733218795998,24,0.0125732421875
slow-tail,2.4,1.5,2.0,2048,8,1,0.024830505351339204,0.033502928010378956,0.035808198587687745,0.010614999370185474,0.645979495687033,1.6785411211952892,128.54053714159292,176.77733218795998,24,0.0125732421875
slow-tail,2.4,1.5,2.0,2048,16,1,0.019443902783461718,0.025864503901724258,0.029539486986931807,0.010614999370185474,0.645979495687033,1.6785411211952892,128.54053714159292,176.77733218795998,24,0.0125732421875
slow-tail,2.4,1.5,2.0,2048,32,1,0.015869122730633935,0.020371480071862354,0.025613391897061494,0.010614999370185474,0.645979495687033,1.6785411211952892,128.54053714159292,176.77733218795998,24,0.0125732421875
slow-tail,2.4,1.5,2.0,2048,64,1,0.013598599993703223,0.016566868613236353,0.023296431581721948,0.010614999370185474,0.645979495687033,1.6785411211952892,128.54053714159292,176.77733218795998,24,0.0125732421875
slow-tail,2.4,1.5,2.0,2048,128,1,0.012144577606948391,0.014002365255677336,0.02203992588938733,0.010614999370185474,0.645979495687033,1.6785411211952892,128.54053714159292,176.77733218795998,24,0.0125732421875
slow-tail,2.4,1.5,2.0,2048,256,1,0.011561406150178904,0.012474567026499697,0.021416161633921873,0.010614999370185474,0.645979495687033,1.6785411211952892,128.54053714159292,176.77733218795998,24,0.0125732421875
slow-tail,2.4,1.5,2.0,2048,512,1,0.011268861313098575,0.0117021042663786,0.021118723823668445,0.010614999370185474,0.645979495687033,1.6785411211952892,128.54053714159292,176.77733218795998,24,0.0125732421875
slow-tail,2.4,1.5,2.0,2048,1024,1,0.011236861651442163,0.011383228933141235,0.020991546417862203,0.010614999370185474,0.645979495687033,1.6785411211952892,128.54053714159292,176.77733218795998,24,0.0125732421875
slow-tail,2.4,1.5,2.0,2048,2048,1,0.011221595181528009,0.011271225725976648,0.02094525721043257,0.010614999370185474,0.645979495687033,1.6785411211952892,128.54053714159292,176.77733218795998,24,0.0125732421875
slow-tail,2.4,1.5,2.0,2048,1,2,0.06117031955171866,0.08248098991252997,0.08411781008315858,0.010614999370185474,0.6526451887570692,1.7020186440329539,132.1040891257366,509.60018266131397,24,0.0120849609375
slow-tail,2.4,1.5,2.0,2048,2,2,0.06281647987728475,0.06264151425257534,0.06563938748383992,0.010614999370185474,0.6526451887570692,1.7020186440329539,132.1040891257366,509.60018266131397,24,0.0120849609375
slow-tail,2.4,1.5,2.0,2048,4,2,0.03429569259768024,0.0473870543459628,0.052785451281140254,0.010614999370185474,0.6526451887570692,1.7020186440329539,132.1040891257366,509.60018266131397,24,0.0120849609375
slow-tail,2.4,1.5,2.0,2048,8,2,0.0290394605237557,0.03650116865306995,0.04496527784113931,0.010614999370185474,0.6526451887570692,1.7020186440329539,132.1040891257366,509.60018266131397,24,0.0120849609375
slow-tail,2.4,1.5,2.0,2048,16,2,0.021860256843927655,0.02886965483930864,0.040459529079929765,0.010614999370185474,0.6526451887570692,1.7020186440329539,132.1040891257366,509.60018266131397,24,0.0120849609375
slow-tail,2.4,1.5,2.0,2048,32,2,0.01831234645555543,0.023048397069873792,0.03741978322557097,0.010614999370185474,0.6526451887570692,1.7020186440329539,132.1040891257366,509.60018266131397,24,0.0120849609375
slow-tail,2.4,1.5,2.0,2048,64,2,0.015323364961708615,0.0187973892088935,0.03539476198545451,0.010614999370185474,0.6526451887570692,1.7020186440329539,132.1040891257366,509.60018266131397,24,0.0120849609375
slow-tail,2.4,1.5,2.0,2048,128,2,0.014839930012261728,0.015888753610863386,0.0341503615798257,0.010614999370185474,0.6526451887570692,1.7020186440329539,132.1040891257366,509.60018266131397,24,0.0120849609375
slow-tail,2.4,1.5,2.0,2048,256,2,0.013099602692630472,0.014161834582127074,0.0334870320077775,0.010614999370185474,0.6526451887570692,1.7020186440329539,132.1040891257366,509.60018266131397,24,0.0120849609375
slow-tail,2.4,1.5,2.0,2048,512,2,0.012785774603037833,0.013262852212557135,0.03316338017989761,0.010614999370185474,0.6526451887570692,1.7020186440329539,132.1040891257366,509.60018266131397,24,0.0120849609375
slow-tail,2.4,1.5,2.0,2048,1024,2,0.012689030104144274,0.012862000593721334,0.03302518764518686,0.010614999370185474,0.6526451887570692,1.7020186440329539,132.1040891257366,509.60018266131397,24,0.0120849609375
slow-tail,2.4,1.5,2.0,2048,2048,2,0.012657579784424618,0.012715197170867791,0.032973550342824044,0.010614999370185474,0.6526451887570692,1.7020186440329539,132.1040891257366,509.60018266131397,24,0.0120849609375
slow-tail,2.4,1.5,2.0,2048,1,3,0.056341409343819406,0.07660920182586584,0.07957676511076052,0.010614999370185474,0.6499074938022685,1.7039167761290013,129.12980681373426,131.51156381311998,25,0.011962890625
slow-tail,2.4,1.5,2.0,2048,2,3,0.04161234409249571,0.05756303365615273,0.062160764927792427,0.010614999370185474,0.6499074938022685,1.7039167761290013,129.12980681373426,131.51156381311998,25,0.011962890625
slow-tail,2.4,1.5,2.0,2048,4,3,0.04528255434798551,0.04276099840135388,0.049193661245479414,0.010614999370185474,0.6499074938022685,1.7039167761290013,129.12980681373426,131.51156381311998,25,0.011962890625
slow-tail,2.4,1.5,2.0,2048,8,3,0.024370259987929466,0.0327395250672685,0.040887519576322605,0.010614999370185474,0.6499074938022685,1.7039167761290013,129.12980681373426,131.51156381311998,25,0.011962890625
slow-tail,2.4,1.5,2.0,2048,16,3,0.020510118327565864,0.025625797545533253,0.03553760114758675,0.010614999370185474,0.6499074938022685,1.7039167761290013,129.12980681373426,131.51156381311998,25,0.011962890625
slow-tail,2.4,1.5,2.0,2048,32,3,0.015318206995719364,0.020069379668312286,0.03174603239540265,0.010614999370185474,0.6499074938022685,1.7039167761290013,129.12980681373426,131.51156381311998,25,0.011962890625
slow-tail,2.4,1.5,2.0,2048,64,3,0.012798447442465123,0.01599449010522689,0.029230316422466075,0.010614999370185474,0.6499074938022685,1.7039167761290013,129.12980681373426,131.51156381311998,25,0.011962890625
slow-tail,2.4,1.5,2.0,2048,128,3,0.011607233401097839,0.013333401759691757,0.027841909236486856,0.010614999370185474,0.6499074938022685,1.7039167761290013,129.12980681373426,131.51156381311998,25,0.011962890625
slow-tail,2.4,1.5,2.0,2048,256,3,0.010777873699759691,0.011772720774458258,0.027160578503521254,0.010614999370185474,0.6499074938022685,1.7039167761290013,129.12980681373426,131.51156381311998,25,0.011962890625
slow-tail,2.4,1.5,2.0,2048,512,3,0.01120284385867886,0.010976194570448515,0.026851346427236248,0.010614999370185474,0.6499074938022685,1.7039167761290013,129.12980681373426,131.51156381311998,25,0.011962890625
slow-tail,2.4,1.5,2.0,2048,1024,3,0.01049826406593554,0.010646477038306918,0.026731737177284807,0.010614999370185474,0.6499074938022685,1.7039167761290013,129.12980681373426,131.51156381311998,25,0.011962890625
slow-tail,2.4,1.5,2.0,2048,2048,3,0.010482749871635891,0.010532374394251946,0.026691751075883164,0.010614999370185474,0.6499074938022685,1.7039167761290013,129.12980681373426,131.51156381311998,25,0.011962890625
slow-tail,2.4,1.5,2.0,2048,1,4,0.0645322706760897,0.08225129124838805,0.08370463765996948,0.010614999370185474,0.6183444103875925,1.5889826801861935,113.87436322354851,187.25861298743183,21,0.0115966796875
slow-tail,2.4,1.5,2.0,2048,2,4,0.044997268042814155,0.06182478664678154,0.06424015714664302,0.010614999370185474,0.6183444103875925,1.5889826801861935,113.87436322354851,187.25861298743183,21,0.0115966796875
slow-tail,2.4,1.5,2.0,2048,4,4,0.07058444771652302,0.046549925595931595,0.05053356544340623,0.010614999370185474,0.6183444103875925,1.5889826801861935,113.87436322354851,187.25861298743183,21,0.0115966796875
slow-tail,2.4,1.5,2.0,2048,8,4,0.048179658952602865,0.03569474496625194,0.04161272639456158,0.010614999370185474,0.6183444103875925,1.5889826801861935,113.87436322354851,187.25861298743183,21,0.0115966796875
slow-tail,2.4,1.5,2.0,2048,16,4,0.021274325834304227,0.028013917012326014,0.03592253671140978,0.010614999370185474,0.6183444103875925,1.5889826801861935,113.87436322354851,187.25861298743183,21,0.0115966796875
slow-tail,2.4,1.5,2.0,2048,32,4,0.034395345126250795,0.02221537493671194,0.03231828412124391,0.010614999370185474,0.6183444103875925,1.5889826801861935,113.87436322354851,187.25861298743183,21,0.0115966796875
slow-tail,2.4,1.5,2.0,2048,64,4,0.014150167711144185,0.017796020069731574,0.030152643665516638,0.010614999370185474,0.6183444103875925,1.5889826801861935,113.87436322354851,187.25861298743183,21,0.0115966796875
slow-tail,2.4,1.5,2.0,2048,128,4,0.011885752033723164,0.014465293622188818,0.028890445814757592,0.010614999370185474,0.6183444103875925,1.5889826801861935,113.87436322354851,187.25861298743183,21,0.0115966796875
slow-tail,2.4,1.5,2.0,2048,256,4,0.011083278735176916,0.012359824830534617,0.02820391429478152,0.010614999370185474,0.6183444103875925,1.5889826801861935,113.87436322354851,187.25861298743183,21,0.0115966796875
slow-tail,2.4,1.5,2.0,2048,512,4,0.010781834263977289,0.011318367193044833,0.027880179345052793,0.010614999370185474,0.6183444103875925,1.5889826801861935,113.87436322354851,187.25861298743183,21,0.0115966796875
slow-tail,2.4,1.5,2.0,2048,1024,4,0.01077678703906181,0.01090041795360275,0.027745339933976963,0.010614999370185474,0.6183444103875925,1.5889826801861935,113.87436322354851,187.25861298743183,21,0.0115966796875
slow-tail,2.4,1.5,2.0,2048,2048,4,0.010706312169743179,0.010755725589486531,0.027695372581880016,0.010614999370185474,0.6183444103875925,1.5889826801861935,113.87436322354851,187.25861298743183,21,0.0115966796875
slow-tail,2.4,1.5,2.0,4096,1,0,0.04421188074991331,0.06008040778488848,0.06175153016607871,0.006688008024161137,0.6175038223829791,1.5874083284462577,173.8654954491985,239.50979949050625,39,0.020751953125
slow-tail,2.4,1.5,2.0,4096,2,0,0.036768682382538026,0.046017727945683824,0.04883768060788545,0.006688008024161137,0.6175038223829791,1.5874083284462577,173.8654954491985,239.50979949050625,39,0.020751953125
slow-tail,2.4,1.5,2.0,4096,4,0,0.025451940364906986,0.0348613623951462,0.039285463801948584,0.006688008024161137,0.6175038223829791,1.5874083284462577,173.8654954491985,239.50979949050625,39,0.020751953125
slow-tail,2.4,1.5,2.0,4096,8,0,0.0194101369746405,0.026049750390642598,0.0322526904758899,0.006688008024161137,0.6175038223829791,1.5874083284462577,173.8654954491985,239.50979949050625,39,0.020751953125
slow-tail,2.4,1.5,2.0,4096,16,0,0.014910855234715099,0.019860078995568672,0.027477844775320413,0.006688008024161137,0.6175038223829791,1.5874083284462577,173.8654954491985,239.50979949050625,39,0.020751953125
slow-tail,2.4,1.5,2.0,4096,32,0,0.01137464797002249,0.015314681691156212,0.024155773010930554,0.006688008024161137,0.6175038223829791,1.5874083284462577,173.8654954491985,239.50979949050625,39,0.020751953125
slow-tail,2.4,1.5,2.0,4096,64,0,0.009323222940637543,0.012018711930872191,0.022010911517192075,0.006688008024161137,0.6175038223829791,1.5874083284462577,173.8654954491985,239.50979949050625,39,0.020751953125
slow-tail,2.4,1.5,2.0,4096,128,0,0.007832733750360461,0.009675481769312948,0.0206746002160887,0.006688008024161137,0.6175038223829791,1.5874083284462577,173.8654954491985,239.50979949050625,39,0.020751953125
slow-tail,2.4,1.5,2.0,4096,256,0,0.00722788797656669,0.008231187134980847,0.01993296093591696,0.006688008024161137,0.6175038223829791,1.5874083284462577,173.8654954491985,239.50979949050625,39,0.020751953125
slow-tail,2.4,1.5,2.0,4096,512,0,0.007004453855416356,0.007451314422670359,0.01956455962758745,0.006688008024161137,0.6175038223829791,1.5874083284462577,173.8654954491985,239.50979949050625,39,0.020751953125
slow-tail,2.4,1.5,2.0,4096,1024,0,0.0068998413855030005,0.007087201373161064,0.019400219947437975,0.006688008024161137,0.6175038223829791,1.5874083284462577,173.8654954491985,239.50979949050625,39,0.020751953125
slow-tail,2.4,1.5,2.0,4096,2048,0,0.0068629834263162345,0.006935939352673155,0.019334568482325364,0.006688008024161137,0.6175038223829791,1.5874083284462577,173.8654954491985,239.50979949050625,39,0.020751953125
slow-tail,2.4,1.5,2.0,4096,1,1,0.04210785125439762,0.057789420475700334,0.06873394394149604,0.006688008024161137,0.6191943760782799,1.5943736107182356,175.10369366679873,543.1535328938166,35,0.0201416015625
slow-tail,2.4,1.5,2.0,4096,2,1,0.033767374042063814,0.04447714877966041,0.05720704252377761,0.006688008024161137,0.6191943760782799,1.5943736107182356,175.10369366679873,543.1535328938166,35,0.0201416015625
slow-tail,2.4,1.5,2.0,4096,4,1,0.026044746635513587,0.034167535086860566,0.04878565112340698,0.006688008024161137,0.6191943760782799,1.5943736107182356,175.10369366679873,543.1535328938166,35,0.0201416015625
slow-tail,2.4,1.5,2.0,4096,8,1,0.019558831782423302,0.026342271496780183,0.043157067198503006,0.006688008024161137,0.6191943760782799,1.5943736107182356,175.10369366679873,543.1535328938166,35,0.0201416015625
slow-tail,2.4,1.5,2.0,4096,16,1,0.015164443272203105,0.020470410515436126,0.03918541818975767,0.006688008024161137,0.6191943760782799,1.5943736107182356,175.10369366679873,543.1535328938166,35,0.0201416015625
slow-tail,2.4,1.5,2.0,4096,32,1,0.014194754355877724,0.016041594285531514,0.03638393445834242,0.006688008024161137,0.6191943760782799,1.5943736107182356,175.10369366679873,543.1535328938166,35,0.0201416015625
slow-tail,2.4,1.5,2.0,4096,64,1,0.010108039754497412,0.012802823573163192,0.0345123289402266,0.006688008024161137,0.6191943760782799,1.5943736107182356,175.10369366679873,543.1535328938166,35,0.0201416015625
slow-tail,2.4,1.5,2.0,4096,128,1,0.00975763874817458,0.010572615627694352,0.03334791473677247,0.006688008024161137,0.6191943760782799,1.5943736107182356,175.10369366679873,543.1535328938166,35,0.0201416015625
slow-tail,2.4,1.5,2.0,4096,256,1,0.008213355556872677,0.00917323686901603,0.03269142379773922,0.006688008024161137,0.6191943760782799,1.5943736107182356,175.10369366679873,543.1535328938166,35,0.0201416015625
slow-tail,2.4,1.5,2.0,4096,512,1,0.007921729508759419,0.008391585458260157,0.03236041591721641,0.006688008024161137,0.6191943760782799,1.5943736107182356,175.10369366679873,543.1535328938166,35,0.0201416015625
slow-tail,2.4,1.5,2.0,4096,1024,1,0.007863603596032491,0.00802844527817902,0.03221596839674205,0.006688008024161137,0.6191943760782799,1.5943736107182356,175.10369366679873,543.1535328938166,35,0.0201416015625
slow-tail,2.4,1.5,2.0,4096,2048,1,0.007841054851683252,0.007895483488332576,0.03216317654405385,0.006688008024161137,0.6191943760782799,1.5943736107182356,175.10369366679873,543.1535328938166,35,0.0201416015625
slow-tail,2.4,1.5,2.0,4096,1,2,0.043229434214341195,0.05826919310699328,0.0609969367072092,0.006688008024161137,0.6068317918433509,1.5588176029167728,163.71142211162527,263.16015985026775,36,0.020751953125
slow-tail,2.4,1.5,2.0,4096,2,2,0.03557585421456572,0.044578394670240246,0.04923186944688828,0.006688008024161137,0.6068317918433509,1.5588176029167728,163.71142211162527,263.16015985026775,36,0.020751953125
slow-tail,2.4,1.5,2.0,4096,4,2,0.026614763747116365,0.034491859699250504,0.0413906273762723,0.006688008024161137,0.6068317918433509,1.5588176029167728,163.71142211162527,263.16015985026775,36,0.020751953125
slow-tail,2.4,1.5,2.0,4096,8,2,0.019401448859837068,0.026203864623227633,0.0353387894925383,0.006688008024161137,0.6068317918433509,1.5588176029167728,163.71142211162527,263.16015985026775,36,0.020751953125
slow-tail,2.4,1.5,2.0,4096,16,2,0.01582213011255976,0.019892706126597392,0.03105435673318219,0.006688008024161137,0.6068317918433509,1.5588176029167728,163.71142211162527,263.16015985026775,36,0.020751953125
slow-tail,2.4,1.5,2.0,4096,32,2,0.012821791034898136,0.015262968663153352,0.02792461771200724,0.006688008024161137,0.6068317918433509,1.5588176029167728,163.71142211162527,263.16015985026775,36,0.020751953125
slow-tail,2.4,1.5,2.0,4096,64,2,0.010397117529686951,0.012012111361322565,0.02578228915726,0.006688008024161137,0.6068317918433509,1.5588176029167728,163.71142211162527,263.16015985026775,36,0.020751953125
slow-tail,2.4,1.5,2.0,4096,128,2,0.008061917597463216,0.009824249479313407,0.024442685716677987,0.006688008024161137,0.6068317918433509,1.5588176029167728,163.71142211162527,263.16015985026775,36,0.020751953125
slow-tail,2.4,1.5,2.0,4096,256,2,0.009786379380386467,0.00839538390837584,0.023664761153051682,0.006688008024161137,0.6068317918433509,1.5588176029167728,163.71142211162527,263.16015985026775,36,0.020751953125
slow-tail,2.4,1.5,2.0,4096,512,2,0.0070391960614772965,0.007550278864506696,0.023254059088088558,0.006688008024161137,0.6068317918433509,1.5588176029167728,163.71142211162527,263.16015985026775,36,0.020751953125
slow-tail,2.4,1.5,2.0,4096,1024,2,0.006929319523840612,0.007144531088296063,0.023070925536563053,0.006688008024161137,0.6068317918433509,1.5588176029167728,163.71142211162527,263.16015985026775,36,0.020751953125
slow-tail,2.4,1.5,2.0,4096,2048,2,0.006912196308409878,0.006984729860516266,0.02300221370468351,0.006688008024161137,0.6068317918433509,1.5588176029167728,163.71142211162527,263.16015985026775,36,0.020751953125
slow-tail,2.4,1.5,2.0,4096,1,3,0.05335528097776828,0.060732094598585855,0.06118221036350617,0.006688008024161137,0.620898221787987,1.5956696390223808,177.37293538401465,278.89422302520654,38,0.01904296875
slow-tail,2.4,1.5,2.0,4096,2,3,0.034039821330862544,0.046626929359506915,0.04748650769164384,0.006688008024161137,0.620898221787987,1.5956696390223808,177.37293538401465,278.89422302520654,38,0.01904296875
slow-tail,2.4,1.5,2.0,4096,4,3,0.02429288535358405,0.03470900142087894,0.03626165747347186,0.006688008024161137,0.620898221787987,1.5956696390223808,177.37293538401465,278.89422302520654,38,0.01904296875
slow-tail,2.4,1.5,2.0,4096,8,3,0.02089812736225566,0.02565611376486079,0.02817568618575012,0.006688008024161137,0.620898221787987,1.5956696390223808,177.37293538401465,278.89422302520654,38,0.01904296875
slow-tail,2.4,1.5,2.0,4096,16,3,0.014530621137005865,0.019291444115733223,0.022805257338987125,0.006688008024161137,0.620898221787987,1.5956696390223808,177.37293538401465,278.89422302520654,38,0.01904296875
slow-tail,2.4,1.5,2.0,4096,32,3,0.011846381743088646,0.015099185715027635,0.019527508622897014,0.006688008024161137,0.620898221787987,1.5956696390223808,177.37293538401465,278.89422302520654,38,0.01904296875
slow-tail,2.4,1.5,2.0,4096,64,3,0.010388581172918824,0.012113419765556905,0.01752434072059571,0.006688008024161137,0.620898221787987,1.5956696390223808,177.37293538401465,278.89422302520654,38,0.01904296875
slow-tail,2.4,1.5,2.0,4096,128,3,0.00814428414499339,0.009964879269668266,0.016338334201598338,0.006688008024161137,0.620898221787987,1.5956696390223808,177.37293538401465,278.89422302520654,38,0.01904296875
slow-tail,2.4,1.5,2.0,4096,256,3,0.007403555173028706,0.008473720849530476,0.01566099798167427,0.006688008024161137,0.620898221787987,1.5956696390223808,177.37293538401465,278.89422302520654,38,0.01904296875
slow-tail,2.4,1.5,2.0,4096,512,3,0.0071314603403777295,0.007596153858266892,0.015312824760620616,0.006688008024161137,0.620898221787987,1.5956696390223808,177.37293538401465,278.89422302520654,38,0.01904296875
slow-tail,2.4,1.5,2.0,4096,1024,3,0.006986734648074923,0.007187844728613949,0.015161655138394863,0.006688008024161137,0.620898221787987,1.5956696390223808,177.37293538401465,278.89422302520654,38,0.01904296875
slow-tail,2.4,1.5,2.0,4096,2048,3,0.0069651031444824775,0.007032629060330721,0.015106011828524899,0.006688008024161137,0.620898221787987,1.5956696390223808,177.37293538401465,278.89422302520654,38,0.01904296875
slow-tail,2.4,1.5,2.0,4096,1,4,0.05251410590911578,0.05913217012096389,0.059969611387610734,0.006688008024161137,0.6155790786039184,1.555883247579141,176.5841437337817,465.5315824180465,32,0.016845703125
slow-tail,2.4,1.5,2.0,4096,2,4,0.04467767512296445,0.044629540581216404,0.04607187958588535,0.006688008024161137,0.6155790786039184,1.555883247579141,176.5841437337817,465.5315824180465,32,0.016845703125
slow-tail,2.4,1.5,2.0,4096,4,4,0.024706753001780324,0.034004340856340375,0.03656626321400992,0.006688008024161137,0.6155790786039184,1.555883247579141,176.5841437337817,465.5315824180465,32,0.016845703125
slow-tail,2.4,1.5,2.0,4096,8,4,0.0251620607782977,0.0260746053938106,0.030193801511979288,0.006688008024161137,0.6155790786039184,1.555883247579141,176.5841437337817,465.5315824180465,32,0.016845703125
slow-tail,2.4,1.5,2.0,4096,16,4,0.01506679321903987,0.020142177673102148,0.025963660968887782,0.006688008024161137,0.6155790786039184,1.555883247579141,176.5841437337817,465.5315824180465,32,0.016845703125
slow-tail,2.4,1.5,2.0,4096,32,4,0.01160720809134873,0.015596579551780605,0.022926590954405707,0.006688008024161137,0.6155790786039184,1.555883247579141,176.5841437337817,465.5315824180465,32,0.016845703125
slow-tail,2.4,1.5,2.0,4096,64,4,0.009799698678826687,0.012331335527036443,0.02081677298399828,0.006688008024161137,0.6155790786039184,1.555883247579141,176.5841437337817,465.5315824180465,32,0.016845703125
slow-tail,2.4,1.5,2.0,4096,128,4,0.008724070208644378,0.010213035136188797,0.019538513614516913,0.006688008024161137,0.6155790786039184,1.555883247579141,176.5841437337817,465.5315824180465,32,0.016845703125
slow-tail,2.4,1.5,2.0,4096,256,4,0.008215671129929282,0.00895942743454594,0.018908476231612903,0.006688008024161137,0.6155790786039184,1.555883247579141,176.5841437337817,465.5315824180465,32,0.016845703125
slow-tail,2.4,1.5,2.0,4096,512,4,0.007866380580909023,0.008268409671060798,0.018622782225512096,0.006688008024161137,0.6155790786039184,1.555883247579141,176.5841437337817,465.5315824180465,32,0.016845703125
slow-tail,2.4,1.5,2.0,4096,1024,4,0.007780226198895626,0.007936468732799188,0.018501270684215167,0.006688008024161137,0.6155790786039184,1.555883247579141,176.5841437337817,465.5315824180465,32,0.016845703125
slow-tail,2.4,1.5,2.0,4096,2048,4,0.007741845382416451,0.00780391318509835,0.018454457853888277,0.006688008024161137,0.6155790786039184,1.555883247579141,176.5841437337817,465.5315824180465,32,0.016845703125
slow-tail,2.4,1.5,2.0,8192,1,0,0.033389781199393787,0.04532388528426102,0.04584978822776559,0.00421360794668283,0.6101485569518217,1.56312457266201,255.7778042474155,366.5703697232488,56,0.0323486328125
slow-tail,2.4,1.5,2.0,8192,2,0,0.024174052939091358,0.0339332110672502,0.03500005219469639,0.00421360794668283,0.6101485569518217,1.56312457266201,255.7778042474155,366.5703697232488,56,0.0323486328125
slow-tail,2.4,1.5,2.0,8192,4,0,0.018954628582147456,0.02536369597949278,0.02724048785129427,0.00421360794668283,0.6101485569518217,1.56312457266201,255.7778042474155,366.5703697232488,56,0.0323486328125
slow-tail,2.4,1.5,2.0,8192,8,0,0.014477309560215746,0.019096262413565032,0.021974904166752317,0.00421360794668283,0.6101485569518217,1.56312457266201,255.7778042474155,366.5703697232488,56,0.0323486328125
slow-tail,2.4,1.5,2.0,8192,16,0,0.010834864391795243,0.014561890105042897,0.01845785379030364,0.00421360794668283,0.6101485569518217,1.56312457266201,255.7778042474155,366.5703697232488,56,0.0323486328125
slow-tail,2.4,1.5,2.0,8192,32,0,0.010851027128126115,0.01118607668492652,0.016006715982431505,0.00421360794668283,0.6101485569518217,1.56312457266201,255.7778042474155,366.5703697232488,56,0.0323486328125
slow-tail,2.4,1.5,2.0,8192,64,0,0.0067066128599909715,0.00870183867434256,0.01429947847127666,0.00421360794668283,0.6101485569518217,1.56312457266201,255.7778042474155,366.5703697232488,56,0.0323486328125
slow-tail,2.4,1.5,2.0,8192,128,0,0.006165483490586961,0.006890418261284274,0.013149685904916645,0.00421360794668283,0.6101485569518217,1.56312457266201,255.7778042474155,366.5703697232488,56,0.0323486328125
slow-tail,2.4,1.5,2.0,8192,256,0,0.004731018310611186,0.005662284377329476,0.012454140502847193,0.00421360794668283,0.6101485569518217,1.56312457266201,255.7778042474155,366.5703697232488,56,0.0323486328125
slow-tail,2.4,1.5,2.0,8192,512,0,0.004455254774551986,0.004923959457579566,0.012090118430396861,0.00421360794668283,0.6101485569518217,1.56312457266201,255.7778042474155,366.5703697232488,56,0.0323486328125
slow-tail,2.4,1.5,2.0,8192,1024,0,0.004355053296596029,0.004551834295354946,0.011923159104439621,0.00421360794668283,0.6101485569518217,1.56312457266201,255.7778042474155,366.5703697232488,56,0.0323486328125
slow-tail,2.4,1.5,2.0,8192,2048,0,0.004328989442510592,0.004398066649807155,0.011856436752501807,0.00421360794668283,0.6101485569518217,1.56312457266201,255.7778042474155,366.5703697232488,56,0.0323486328125
slow-tail,2.4,1.5,2.0,8192,1,1,0.031217773259716124,0.043319006743668016,0.04405856114499046,0.00421360794668283,0.6096830524819156,1.5750555080508053,251.68632235465086,618.5494147087912,56,0.030029296875
slow-tail,2.4,1.5,2.0,8192,2,1,0.023786912234864652,0.03302483551677292,0.03441092497678673,0.00421360794668283,0.6096830524819156,1.5750555080508053,251.68632235465086,618.5494147087912,56,0.030029296875
slow-tail,2.4,1.5,2.0,8192,4,1,0.024256334153685763,0.025357538826989948,0.02761762649784162,0.00421360794668283,0.6096830524819156,1.5750555080508053,251.68632235465086,618.5494147087912,56,0.030029296875
slow-tail,2.4,1.5,2.0,8192,8,1,0.014087130804449448,0.01949867242680197,0.022647137439367297,0.00421360794668283,0.6096830524819156,1.5750555080508053,251.68632235465086,618.5494147087912,56,0.030029296875
slow-tail,2.4,1.5,2.0,8192,16,1,0.011004144605887653,0.01498682144189385,0.019003449807107272,0.00421360794668283,0.6096830524819156,1.5750555080508053,251.68632235465086,618.5494147087912,56,0.030029296875
slow-tail,2.4,1.5,2.0,8192,32,1,0.008773916322812757,0.011612314611580618,0.016398731108225297,0.00421360794668283,0.6096830524819156,1.5750555080508053,251.68632235465086,618.5494147087912,56,0.030029296875
slow-tail,2.4,1.5,2.0,8192,64,1,0.0071936456187658305,0.00918611379941784,0.014681478551695805,0.00421360794668283,0.6096830524819156,1.5750555080508053,251.68632235465086,618.5494147087912,56,0.030029296875
slow-tail,2.4,1.5,2.0,8192,128,1,0.006033932769967784,0.007423418694675838,0.01359073021316421,0.00421360794668283,0.6096830524819156,1.5750555080508053,251.68632235465086,618.5494147087912,56,0.030029296875
slow-tail,2.4,1.5,2.0,8192,256,1,0.006980255699376339,0.006168441204299873,0.012922048681769743,0.00421360794668283,0.6096830524819156,1.5750555080508053,251.68632235465086,618.5494147087912,56,0.030029296875
slow-tail,2.4,1.5,2.0,8192,512,1,0.004862854791067922,0.005380402422813955,0.012553181202048786,0.00421360794668283,0.6096830524819156,1.5750555080508053,251.68632235465086,618.5494147087912,56,0.030029296875
slow-tail,2.4,1.5,2.0,8192,1024,1,0.004760552244032702,0.004976202231698843,0.012381368236782415,0.00421360794668283,0.6096830524819156,1.5750555080508053,251.68632235465086,618.5494147087912,56,0.030029296875
slow-tail,2.4,1.5,2.0,8192,2048,1,0.004793637268750827,0.004806801142613598,0.012314510080113722,0.00421360794668283,0.6096830524819156,1.5750555080508053,251.68632235465086,618.5494147087912,56,0.030029296875
slow-tail,2.4,1.5,2.0,8192,1,2,0.044514439834403084,0.043629327991411206,0.04516738022795229,0.00421360794668283,0.6136450936215161,1.5807527338983687,259.352448883709,274.605282990697,62,0.03125
slow-tail,2.4,1.5,2.0,8192,2,2,0.025267443111472974,0.03322245616849315,0.03581374698654126,0.00421360794668283,0.6136450936215161,1.5807527338983687,259.352448883709,274.605282990697,62,0.03125
slow-tail,2.4,1.5,2.0,8192,4,2,0.017969114407868907,0.025191647178914006,0.02895127029015982,0.00421360794668283,0.6136450936215161,1.5807527338983687,259.352448883709,274.605282990697,62,0.03125
slow-tail,2.4,1.5,2.0,8192,8,2,0.013715122716061843,0.019018333296416084,0.023872723589308587,0.00421360794668283,0.6136450936215161,1.5807527338983687,259.352448883709,274.605282990697,62,0.03125
slow-tail,2.4,1.5,2.0,8192,16,2,0.010894430910711258,0.014421083024875011,0.02026482844795094,0.00421360794668283,0.6136450936215161,1.5807527338983687,259.352448883709,274.605282990697,62,0.03125
slow-tail,2.4,1.5,2.0,8192,32,2,0.008725546350970517,0.011133855260768528,0.017904472748158554,0.00421360794668283,0.6136450936215161,1.5807527338983687,259.352448883709,274.605282990697,62,0.03125
slow-tail,2.4,1.5,2.0,8192,64,2,0.006422577157856874,0.008647368815213366,0.016307015255674406,0.00421360794668283,0.6136450936215161,1.5807527338983687,259.352448883709,274.605282990697,62,0.03125
slow-tail,2.4,1.5,2.0,8192,128,2,0.0050497805671205764,0.006732804112961831,0.015211419083614862,0.00421360794668283,0.6136450936215161,1.5807527338983687,259.352448883709,274.605282990697,62,0.03125
slow-tail,2.4,1.5,2.0,8192,256,2,0.004287721514560632,0.005361186157235376,0.014531530145960361,0.00421360794668283,0.6136450936215161,1.5807527338983687,259.352448883709,274.605282990697,62,0.03125
slow-tail,2.4,1.5,2.0,8192,512,2,0.004020446172841806,0.004500054198365982,0.014155232615341448,0.00421360794668283,0.6136450936215161,1.5807527338983687,259.352448883709,274.605282990697,62,0.03125
slow-tail,2.4,1.5,2.0,8192,1024,2,0.003836065075522491,0.004062624622556357,0.013974972303870202,0.00421360794668283,0.6136450936215161,1.5807527338983687,259.352448883709,274.605282990697,62,0.03125
slow-tail,2.4,1.5,2.0,8192,2048,2,0.003812286448589882,0.003888169367848364,0.01390321937320054,0.00421360794668283,0.6136450936215161,1.5807527338983687,259.352448883709,274.605282990697,62,0.03125
slow-tail,2.4,1.5,2.0,8192,1,3,0.030916505450403857,0.04308832733499242,0.044046674592202906,0.00421360794668283,0.6403191299314732,1.6758366921185455,299.90369748340464,343.2394776042185,57,0.03125
slow-tail,2.4,1.5,2.0,8192,2,3,0.02442568335581103,0.03263476933923423,0.03416602300213288,0.00421360794668283,0.6403191299314732,1.6758366921185455,299.90369748340464,343.2394776042185,57,0.03125
slow-tail,2.4,1.5,2.0,8192,4,3,0.01975292790338707,0.024519100363126857,0.026796264335769315,0.00421360794668283,0.6403191299314732,1.6758366921185455,299.90369748340464,343.2394776042185,57,0.03125
slow-tail,2.4,1.5,2.0,8192,8,3,0.015720925642892025,0.01866593700554012,0.021743662745293532,0.00421360794668283,0.6403191299314732,1.6758366921185455,299.90369748340464,343.2394776042185,57,0.03125
slow-tail,2.4,1.5,2.0,8192,16,3,0.010554304104473973,0.014353067184786948,0.018181865217271945,0.00421360794668283,0.6403191299314732,1.6758366921185455,299.90369748340464,343.2394776042185,57,0.03125
slow-tail,2.4,1.5,2.0,8192,32,3,0.01058394627551335,0.011090966037299161,0.015719195652049496,0.00421360794668283,0.6403191299314732,1.6758366921185455,299.90369748340464,343.2394776042185,57,0.03125
slow-tail,2.4,1.5,2.0,8192,64,3,0.006578702738252197,0.00861349634069877,0.014047811250182491,0.00421360794668283,0.6403191299314732,1.6758366921185455,299.90369748340464,343.2394776042185,57,0.03125
slow-tail,2.4,1.5,2.0,8192,128,3,0.009813383121226345,0.006827993311423892,0.013026765526717197,0.00421360794668283,0.6403191299314732,1.6758366921185455,299.90369748340464,343.2394776042185,57,0.03125
slow-tail,2.4,1.5,2.0,8192,256,3,0.004729595301260634,0.005598981854663727,0.01244149836334955,0.00421360794668283,0.6403191299314732,1.6758366921185455,299.90369748340464,343.2394776042185,57,0.03125
slow-tail,2.4,1.5,2.0,8192,512,3,0.004370829796061803,0.004845802823231412,0.012119290176647831,0.00421360794668283,0.6403191299314732,1.6758366921185455,299.90369748340464,343.2394776042185,57,0.03125
slow-tail,2.4,1.5,2.0,8192,1024,3,0.004261794918408765,0.004464460347483505,0.011961349159483064,0.00421360794668283,0.6403191299314732,1.6758366921185455,299.90369748340464,343.2394776042185,57,0.03125
slow-tail,2.4,1.5,2.0,8192,2048,3,0.004246579739056664,0.004309200263070776,0.011896125309096402,0.00421360794668283,0.6403191299314732,1.6758366921185455,299.90369748340464,343.2394776042185,57,0.03125
slow-tail,2.4,1.5,2.0,8192,1,4,0.03569733693634947,0.0447974582525361,0.04960133829514358,0.00421360794668283,0.6164101854974207,1.6083979674922653,258.64558136199634,497.02515399342076,58,0.0286865234375
slow-tail,2.4,1.5,2.0,8192,2,4,0.023508145181487226,0.033439324460784424,0.039917507519319495,0.00421360794668283,0.6164101854974207,1.6083979674922653,258.64558136199634,497.02515399342076,58,0.0286865234375
slow-tail,2.4,1.5,2.0,8192,4,4,0.01780826029142932,0.024917927781945196,0.032489171141734004,0.00421360794668283,0.6164101854974207,1.6083979674922653,258.64558136199634,497.02515399342076,58,0.0286865234375
slow-tail,2.4,1.5,2.0,8192,8,4,0.01395541687130975,0.018957917051023076,0.027380821384722944,0.00421360794668283,0.6164101854974207,1.6083979674922653,258.64558136199634,497.02515399342076,58,0.0286865234375
slow-tail,2.4,1.5,2.0,8192,16,4,0.010962791364899511,0.014642989639674751,0.023963615792632773,0.00421360794668283,0.6164101854974207,1.6083979674922653,258.64558136199634,497.02515399342076,58,0.0286865234375
slow-tail,2.4,1.5,2.0,8192,32,4,0.008609793892365375,0.01144653653572193,0.02172529715086874,0.00421360794668283,0.6164101854974207,1.6083979674922653,258.64558136199634,497.02515399342076,58,0.0286865234375
slow-tail,2.4,1.5,2.0,8192,64,4,0.007201175422475668,0.009018380149869854,0.020250987582856945,0.00421360794668283,0.6164101854974207,1.6083979674922653,258.64558136199634,497.02515399342076,58,0.0286865234375
slow-tail,2.4,1.5,2.0,8192,128,4,0.0057488584492093086,0.007235322302970971,0.019308533596680284,0.00421360794668283,0.6164101854974207,1.6083979674922653,258.64558136199634,497.02515399342076,58,0.0286865234375
slow-tail,2.4,1.5,2.0,8192,256,4,0.005041771374667998,0.0059981503034231155,0.01874322198332516,0.00421360794668283,0.6164101854974207,1.6083979674922653,258.64558136199634,497.02515399342076,58,0.0286865234375
slow-tail,2.4,1.5,2.0,8192,512,4,0.004730288553961692,0.005236466940444755,0.018428461367236568,0.00421360794668283,0.6164101854974207,1.6083979674922653,258.64558136199634,497.02515399342076,58,0.0286865234375
slow-tail,2.4,1.5,2.0,8192,1024,4,0.004628396792749496,0.0048430985834514795,0.018278765795050955,0.00421360794668283,0.6164101854974207,1.6083979674922653,258.64558136199634,497.02515399342076,58,0.0286865234375
slow-tail,2.4,1.5,2.0,8192,2048,4,0.004603308859586015,0.004678202877432741,0.018219165271396446,0.00421360794668283,0.6164101854974207,1.6083979674922653,258.64558136199634,497.02515399342076,58,0.0286865234375
steep-frequency,2.5,2.0,2.5,256,1,0,0.03762640657282155,0.07978103105153043,0.09680074990844724,0.013869912268461567,0.2563703283339549,0.6320625314782875,11.012096419145454,13.092391337967285,4,0.0010986328125
steep-frequency,2.5,2.0,2.5,256,2,0,0.04162735173416936,0.04677510059592346,0.07918781094823396,0.013869912268461567,0.2563703283339549,0.6320625314782875,11.012096419145454,13.092391337967285,4,0.0010986328125
steep-frequency,2.5,2.0,2.5,256,4,0,0.018186314175614563,0.03011453825938604,0.07169415723456839,0.013869912268461567,0.2563703283339549,0.6320625314782875,11.012096419145454,13.092391337967285,4,0.0010986328125
steep-frequency,2.5,2.0,2.5,256,8,0,0.015059289813913317,0.021130123701176468,0.06788987993088548,0.013869912268461567,0.2563703283339549,0.6320625314782875,11.012096419145454,13.092391337967285,4,0.0010986328125
steep-frequency,2.5,2.0,2.5,256,16,0,0.012620017358325077,0.01599565984470271,0.06587114562268076,0.013869912268461567,0.2563703283339549,0.6320625314782875,11.012096419145454,13.092391337967285,4,0.0010986328125
steep-frequency,2.5,2.0,2.5,256,32,0,0.012244579998127409,0.01345319675483085,0.06486257931637235,0.013869912268461567,0.2563703283339549,0.6320625314782875,11.012096419145454,13.092391337967285,4,0.0010986328125
steep-frequency,2.5,2.0,2.5,256,64,0,0.012122160343008474,0.012502243727575097,0.06448071774890216,0.013869912268461567,0.2563703283339549,0.6320625314782875,11.012096419145454,13.092391337967285,4,0.0010986328125
steep-frequency,2.5,2.0,2.5,256,128,0,0.012108951002267918,0.012214447214256569,0.0643603473073291,0.013869912268461567,0.2563703283339549,0.6320625314782875,11.012096419145454,13.092391337967285,4,0.0010986328125
steep-frequency,2.5,2.0,2.5,256,256,0,0.01210968610328859,0.012137801656032845,0.06432716198695139,0.013869912268461567,0.2563703283339549,0.6320625314782875,11.012096419145454,13.092391337967285,4,0.0010986328125
steep-frequency,2.5,2.0,2.5,256,512,0,0.012108230738605699,0.012115941414280691,0.06431670227728545,0.013869912268461567,0.2563703283339549,0.6320625314782875,11.012096419145454,13.092391337967285,4,0.0010986328125
steep-frequency,2.5,2.0,2.5,256,1024,0,0.012108228335291375,0.012110166894306475,0.06431383447418171,0.013869912268461567,0.2563703283339549,0.6320625314782875,11.012096419145454,13.092391337967285,4,0.0010986328125
steep-frequency,2.5,2.0,2.5,256,2048,0,0.012108228334943837,0.012108713012514325,0.06431310851348206,0.013869912268461567,0.2563703283339549,0.6320625314782875,11.012096419145454,13.092391337967285,4,0.0010986328125
steep-frequency,2.5,2.0,2.5,256,1,1,0.04702690565836113,0.059397749815648625,0.06508674060008113,0.013869912268461567,0.24906960729093205,0.597600939892239,10.94597863644112,15.3791257773288,4,0.0010986328125
steep-frequency,2.5,2.0,2.5,256,2,1,0.031246152367446788,0.04571811183743842,0.05460226536707126,0.013869912268461567,0.24906960729093205,0.597600939892239,10.94597863644112,15.3791257773288,4,0.0010986328125
steep-frequency,2.5,2.0,2.5,256,4,1,0.019697747325766287,0.03152536182413046,0.0457354922563897,0.013869912268461567,0.24906960729093205,0.597600939892239,10.94597863644112,15.3791257773288,4,0.0010986328125
steep-frequency,2.5,2.0,2.5,256,8,1,0.015864696784187716,0.022342348927059445,0.0415885943288002,0.013869912268461567,0.24906960729093205,0.597600939892239,10.94597863644112,15.3791257773288,4,0.0010986328125
steep-frequency,2.5,2.0,2.5,256,16,1,0.014619925051612045,0.017073154607134475,0.039941434030477944,0.013869912268461567,0.24906960729093205,0.597600939892239,10.94597863644112,15.3791257773288,4,0.0010986328125
steep-frequency,2.5,2.0,2.5,256,32,1,0.012680370793322295,0.014331368076746084,0.039309113596221225,0.013869912268461567,0.24906960729093205,0.597600939892239,10.94597863644112,15.3791257773288,4,0.0010986328125
steep-frequency,2.5,2.0,2.5,256,64,1,0.012594088880180076,0.01309485671711115,0.03905410814238738,0.013869912268461567,0.24906960729093205,0.597600939892239,10.94597863644112,15.3791257773288,4,0.0010986328125
steep-frequency,2.5,2.0,2.5,256,128,1,0.012592443539119138,0.012721261482516462,0.03897139316062328,0.013869912268461567,0.24906960729093205,0.597600939892239,10.94597863644112,15.3791257773288,4,0.0010986328125
steep-frequency,2.5,2.0,2.5,256,256,1,0.012592407479176837,0.01262471843296226,0.03894953414281097,0.013869912268461567,0.24906960729093205,0.597600939892239,10.94597863644112,15.3791257773288,4,0.0010986328125
steep-frequency,2.5,2.0,2.5,256,512,1,0.012592407466006905,0.012600486025815195,0.03894402301835304,0.013869912268461567,0.24906960729093205,0.597600939892239,10.94597863644112,15.3791257773288,4,0.0010986328125
steep-frequency,2.5,2.0,2.5,256,1024,1,0.01259240746600689,0.012594427106153374,0.03894264476292593,0.013869912268461567,0.24906960729093205,0.597600939892239,10.94597863644112,15.3791257773288,4,0.0010986328125
steep-frequency,2.5,2.0,2.5,256,2048,1,0.01259240746600689,0.01259291237604351,0.03894230019896191,0.013869912268461567,0.24906960729093205,0.597600939892239,10.94597863644112,15.3791257773288,4,0.0010986328125
steep-frequency,2.5,2.0,2.5,256,1,2,0.048843350519764114,0.06667126329950468,0.0811762708755852,0.013869912268461567,0.26844620404147074,0.6246275321641678,11.862619242933405,,3,0.001220703125
steep-frequency,2.5,2.0,2.5,256,2,2,0.037958921747713155,0.05184234854261508,0.07197638640903457,0.013869912268461567,0.26844620404147074,0.6246275321641678,11.862619242933405,,3,0.001220703125
steep-frequency,2.5,2.0,2.5,256,4,2,0.027348058625284707,0.038074462856074145,0.06684808975941899,0.013869912268461567,0.26844620404147074,0.6246275321641678,11.862619242933405,,3,0.001220703125
steep-frequency,2.5,2.0,2.5,256,8,2,0.022295331664279522,0.02975941126523211,0.06253404296838042,0.013869912268461567,0.26844620404147074,0.6246275321641678,11.862619242933405,,3,0.001220703125
steep-frequency,2.5,2.0,2.5,256,16,2,0.019405948628309234,0.023515960447821387,0.058782427015619386,0.013869912268461567,0.26844620404147074,0.6246275321641678,11.862619242933405,,3,0.001220703125
steep-frequency,2.5,2.0,2.5,256,32,2,0.01826923975499373,0.02006349088107932,0.0569954284284043,0.013869912268461567,0.26844620404147074,0.6246275321641678,11.862619242933405,,3,0.001220703125
steep-frequency,2.5,2.0,2.5,256,64,2,0.018181614449583054,0.018710302227321954,0.05642343917715659,0.013869912268461567,0.26844620404147074,0.6246275321641678,11.862619242933405,,3,0.001220703125
steep-frequency,2.5,2.0,2.5,256,128,2,0.018180511071425366,0.018314762071560995,0.05626715588809059,0.013869912268461567,0.26844620404147074,0.6246275321641678,11.862619242933405,,3,0.001220703125
steep-frequency,2.5,2.0,2.5,256,256,2,0.018180509302591696,0.018214083578275624,0.0562277577811988,0.013869912268461567,0.26844620404147074,0.6246275321641678,11.862619242933405,,3,0.001220703125
steep-frequency,2.5,2.0,2.5,256,512,2,0.01818050930227672,0.01818890289236095,0.05621790547591733,0.013869912268461567,0.26844620404147074,0.6246275321641678,11.862619242933405,,3,0.001220703125
steep-frequency,2.5,2.0,2.5,256,1024,2,0.01818050930227672,0.018182607699798365,0.05621544239269655,0.013869912268461567,0.26844620404147074,0.6246275321641678,11.862619242933405,,3,0.001220703125
steep-frequency,2.5,2.0,2.5,256,2048,2,0.01818050930227672,0.01818103390165713,0.05621482662189122,0.013869912268461567,0.26844620404147074,0.6246275321641678,11.862619242933405,,3,0.001220703125
steep-frequency,2.5,2.0,2.5,256,1,3,0.045908821621389116,0.06970604941546593,0.09618104141989745,0.013869912268461567,0.2775247780222542,0.6586621640517472,12.057656926906649,,5,0.0013427734375
steep-frequency,2.5,2.0,2.5,256,2,3,0.03640336811434292,0.04800147697161906,0.0781121241581936,0.013869912268461567,0.2775247780222542,0.6586621640517472,12.057656926906649,,5,0.0013427734375
steep-frequency,2.5,2.0,2.5,256,4,3,0.027866864667012985,0.035945675202599274,0.06814100097358787,0.013869912268461567,0.2775247780222542,0.6586621640517472,12.057656926906649,,5,0.0013427734375
steep-frequency,2.5,2.0,2.5,256,8,3,0.023105728841100646,0.02852147284153115,0.06174041242603437,0.013869912268461567,0.2775247780222542,0.6586621640517472,12.057656926906649,,5,0.0013427734375
steep-frequency,2.5,2.0,2.5,256,16,3,0.02265892317235788,0.024278306391944823,0.05833685455903391,0.013869912268461567,0.2775247780222542,0.6586621640517472,12.057656926906649,,5,0.0013427734375
steep-frequency,2.5,2.0,2.5,256,32,3,0.021858791441767493,0.02256916811338207,0.05714710604717283,0.013869912268461567,0.2775247780222542,0.6586621640517472,12.057656926906649,,5,0.0013427734375
steep-frequency,2.5,2.0,2.5,256,64,3,0.021745882905572913,0.02197677890991319,0.05677926345954286,0.013869912268461567,0.2775247780222542,0.6586621640517472,12.057656926906649,,5,0.0013427734375
steep-frequency,2.5,2.0,2.5,256,128,3,0.02174430883425516,0.0218038974455883,0.05667806337127016,0.013869912268461567,0.2775247780222542,0.6586621640517472,12.057656926906649,,5,0.0013427734375
steep-frequency,2.5,2.0,2.5,256,256,3,0.021744299621707805,0.02175921858833254,0.05665220707920194,0.013869912268461567,0.2775247780222542,0.6586621640517472,12.057656926906649,,5,0.0013427734375
steep-frequency,2.5,2.0,2.5,256,512,3,0.02174429961683237,0.021748029462768693,0.056645734537508215,0.013869912268461567,0.2775247780222542,0.6586621640517472,12.057656926906649,,5,0.0013427734375
steep-frequency,2.5,2.0,2.5,256,1024,3,0.021744299616832368,0.02174523207832202,0.05664411634684442,0.013869912268461567,0.2775247780222542,0.6586621640517472,12.057656926906649,,5,0.0013427734375
steep-frequency,2.5,2.0,2.5,256,2048,3,0.021744299616832368,0.021744532732204773,0.056643711799175045,0.013869912268461567,0.2775247780222542,0.6586621640517472,12.057656926906649,,5,0.0013427734375
steep-frequency,2.5,2.0,2.5,256,1,4,0.047661020390672215,0.061470142496275276,0.10689397376669413,0.013869912268461567,0.2456615239025464,0.6282763756418841,10.41657490247495,10.476712492394242,3,0.0006103515625
steep-frequency,2.5,2.0,2.5,256,2,4,0.07535264222322077,0.04173685913488002,0.09510975693840153,0.013869912268461567,0.2456615239025464,0.6282763756418841,10.41657490247495,10.476712492394242,3,0.0006103515625
steep-frequency,2.5,2.0,2.5,256,4,4,0.019168327547675664,0.02748712657158468,0.08721358811788045,0.013869912268461567,0.2456615239025464,0.6282763756418841,10.41657490247495,10.476712492394242,3,0.0006103515625
steep-frequency,2.5,2.0,2.5,256,8,4,0.013419408955936263,0.019353425940795328,0.08351455111852323,0.013869912268461567,0.2456615239025464,0.6282763756418841,10.41657490247495,10.476712492394242,3,0.0006103515625
steep-frequency,2.5,2.0,2.5,256,16,4,0.011527067380537805,0.014587511904318085,0.08203363930098251,0.013869912268461567,0.2456615239025464,0.6282763756418841,10.41657490247495,10.476712492394242,3,0.0006103515625
steep-frequency,2.5,2.0,2.5,256,32,4,0.011156489511295274,0.012291143653934907,0.08164042210934631,0.013869912268461567,0.2456615239025464,0.6282763756418841,10.41657490247495,10.476712492394242,3,0.0006103515625
steep-frequency,2.5,2.0,2.5,256,64,4,0.011130636156293892,0.011455592730496577,0.081540705779413,0.013869912268461567,0.2456615239025464,0.6282763756418841,10.41657490247495,10.476712492394242,3,0.0006103515625
steep-frequency,2.5,2.0,2.5,256,128,4,0.011130126112188837,0.011218943205460248,0.08151528687853837,0.013869912268461567,0.2456615239025464,0.6282763756418841,10.41657490247495,10.476712492394242,3,0.0006103515625
steep-frequency,2.5,2.0,2.5,256,256,4,0.011130125904588076,0.011155761702028826,0.08150887768308585,0.013869912268461567,0.2456615239025464,0.6282763756418841,10.41657490247495,10.476712492394242,3,0.0006103515625
steep-frequency,2.5,2.0,2.5,256,512,4,0.011130125904587935,0.011138249789701984,0.08150727523079343,0.013869912268461567,0.2456615239025464,0.6282763756418841,10.41657490247495,10.476712492394242,3,0.0006103515625
steep-frequency,2.5,2.0,2.5,256,1024,4,0.011130125904587935,0.011133014343599649,0.08150687461769936,0.013869912268461567,0.2456615239025464,0.6282763756418841,10.41657490247495,10.476712492394242,3,0.0006103515625
steep-frequency,2.5,2.0,2.5,256,2048,4,0.011130125904587935,0.011131276748207464,0.08150677446442585,0.013869912268461567,0.2456615239025464,0.6282763756418841,10.41657490247495,10.476712492394242,3,0.0006103515625
steep-frequency,2.5,2.0,2.5,512,1,0,0.03336027280582638,0.057605286964021445,0.06323477026942682,0.008257650585233927,0.24665915324810883,0.6188190485931623,12.545458574819023,24.418883105502644,5,0.00244140625
steep-frequency,2.5,2.0,2.5,512,2,0,0.022798965694251425,0.037652151155333595,0.04501450107020313,0.008257650585233927,0.24665915324810883,0.6188190485931623,12.545458574819023,24.418883105502644,5,0.00244140625
steep-frequency,2.5,2.0,2.5,512,4,0,0.01500276033710996,0.023442025751486927,0.03263851330507554,0.008257650585233927,0.24665915324810883,0.6188190485931623,12.545458574819023,24.418883105502644,5,0.00244140625
steep-frequency,2.5,2.0,2.5,512,8,0,0.010601195501834295,0.015383047398456187,0.02608067949150536,0.008257650585233927,0.24665915324810883,0.6188190485931623,12.545458574819023,24.418883105502644,5,0.00244140625
steep-frequency,2.5,2.0,2.5,512,16,0,0.011881458881960377,0.011548156628753565,0.023295023033845657,0.008257650585233927,0.24665915324810883,0.6188190485931623,12.545458574819023,24.418883105502644,5,0.00244140625
steep-frequency,2.5,2.0,2.5,512,32,0,0.009039607267641879,0.009607074481043816,0.022141951281831492,0.008257650585233927,0.24665915324810883,0.6188190485931623,12.545458574819023,24.418883105502644,5,0.00244140625
steep-frequency,2.5,2.0,2.5,512,64,0,0.00845247725156251,0.008791952117881228,0.02169678201403673,0.008257650585233927,0.24665915324810883,0.6188190485931623,12.545458574819023,24.418883105502644,5,0.00244140625
steep-frequency,2.5,2.0,2.5,512,128,0,0.008449834220932359,0.008538034922063025,0.021561905945458017,0.008257650585233927,0.24665915324810883,0.6188190485931623,12.545458574819023,24.418883105502644,5,0.00244140625
steep-frequency,2.5,2.0,2.5,512,256,0,0.008449140710977835,0.008471254281294053,0.02152653689123975,0.008257650585233927,0.24665915324810883,0.6188190485931623,12.545458574819023,24.418883105502644,5,0.00244140625
steep-frequency,2.5,2.0,2.5,512,512,0,0.008449128978072155,0.008454639419280752,0.021517739647003556,0.008257650585233927,0.24665915324810883,0.6188190485931623,12.545458574819023,24.418883105502644,5,0.00244140625
steep-frequency,2.5,2.0,2.5,512,1024,0,0.008449128429552354,0.008450505441731189,0.021515551583018773,0.008257650585233927,0.24665915324810883,0.6188190485931623,12.545458574819023,24.418883105502644,5,0.00244140625
steep-frequency,2.5,2.0,2.5,512,2048,0,0.008449128429108419,0.008449472679105993,0.021515005006721977,0.008257650585233927,0.24665915324810883,0.6188190485931623,12.545458574819023,24.418883105502644,5,0.00244140625
steep-frequency,2.5,2.0,2.5,512,1,1,0.02332873927178984,0.03826599626313449,0.07012267409275566,0.008257650585233927,0.26114324025879987,0.6386895644254444,13.461646664685455,32.133649322593996,6,0.001953125
steep-frequency,2.5,2.0,2.5,512,2,1,0.01798323272416818,0.025596052193354698,0.059266497438673786,0.008257650585233927,0.26114324025879987,0.6386895644254444,13.461646664685455,32.133649322593996,6,0.001953125
steep-frequency,2.5,2.0,2.5,512,4,1,0.013312524560520208,0.018643314729574742,0.05360593291742923,0.008257650585233927,0.26114324025879987,0.6386895644254444,13.461646664685455,32.133649322593996,6,0.001953125
steep-frequency,2.5,2.0,2.5,512,8,1,0.0112709520976068,0.014395860004678414,0.05059674997592758,0.008257650585233927,0.26114324025879987,0.6386895644254444,13.461646664685455,32.133649322593996,6,0.001953125
steep-frequency,2.5,2.0,2.5,512,16,1,0.009813353258022904,0.011843513265932477,0.04934061112045677,0.008257650585233927,0.26114324025879987,0.6386895644254444,13.461646664685455,32.133649322593996,6,0.001953125
steep-frequency,2.5,2.0,2.5,512,32,1,0.009419027443584256,0.01032640262656201,0.04883419566901282,0.008257650585233927,0.26114324025879987,0.6386895644254444,13.461646664685455,32.133649322593996,6,0.001953125
steep-frequency,2.5,2.0,2.5,512,64,1,0.009261625571937413,0.009629224079866909,0.048631810952569805,0.008257650585233927,0.26114324025879987,0.6386895644254444,13.461646664685455,32.133649322593996,6,0.001953125
steep-frequency,2.5,2.0,2.5,512,128,1,0.009252962226365019,0.009372319485111016,0.04855440779032844,0.008257650585233927,0.26114324025879987,0.6386895644254444,13.461646664685455,32.133649322593996,6,0.001953125
steep-frequency,2.5,2.0,2.5,512,256,1,0.009253315232112886,0.009293659219440243,0.04853298281564321,0.008257650585233927,0.26114324025879987,0.6386895644254444,13.461646664685455,32.133649322593996,6,0.001953125
steep-frequency,2.5,2.0,2.5,512,512,1,0.009253320282172808,0.009268654091274559,0.048527572727767775,0.008257650585233927,0.26114324025879987,0.6386895644254444,13.461646664685455,32.133649322593996,6,0.001953125
steep-frequency,2.5,2.0,2.5,512,1024,1,0.009253320268990145,0.009259777345524082,0.0485262205596328,0.008257650585233927,0.26114324025879987,0.6386895644254444,13.461646664685455,32.133649322593996,6,0.001953125
steep-frequency,2.5,2.0,2.5,512,2048,1,0.009253320268792758,0.009256246346900018,0.04852588251968752,0.008257650585233927,0.26114324025879987,0.6386895644254444,13.461646664685455,32.133649322593996,6,0.001953125
steep-frequency,2.5,2.0,2.5,512,1,2,0.05941263704378839,0.05383872057373893,0.0633122920182307,0.008257650585233927,0.23020093571083472,0.6002334852300877,11.533693176184354,17.820897857800947,5,0.0015869140625
steep-frequency,2.5,2.0,2.5,512,2,2,0.021399789003666923,0.03454701132346822,0.050963879580330565,0.008257650585233927,0.23020093571083472,0.6002334852300877,11.533693176184354,17.820897857800947,5,0.0015869140625
steep-frequency,2.5,2.0,2.5,512,4,2,0.015925078943443315,0.023492398256156847,0.045776232275111815,0.008257650585233927,0.23020093571083472,0.6002334852300877,11.533693176184354,17.820897857800947,5,0.0015869140625
steep-frequency,2.5,2.0,2.5,512,8,2,0.009547070517506775,0.016236229786052662,0.04325345769168327,0.008257650585233927,0.23020093571083472,0.6002334852300877,11.533693176184354,17.820897857800947,5,0.0015869140625
steep-frequency,2.5,2.0,2.5,512,16,2,0.007116417578770244,0.010879046624159285,0.04187435879207778,0.008257650585233927,0.23020093571083472,0.6002334852300877,11.533693176184354,17.820897857800947,5,0.0015869140625
steep-frequency,2.5,2.0,2.5,512,32,2,0.006029737895307989,0.007759055388386788,0.041269895354885816,0.008257650585233927,0.23020093571083472,0.6002334852300877,11.533693176184354,17.820897857800947,5,0.0015869140625
steep-frequency,2.5,2.0,2.5,512,64,2,0.005794916923681579,0.0063656597118152206,0.04100919451083758,0.008257650585233927,0.23020093571083472,0.6002334852300877,11.533693176184354,17.820897857800947,5,0.0015869140625
steep-frequency,2.5,2.0,2.5,512,128,2,0.005792588146944613,0.00593872168167457,0.040928114685150715,0.008257650585233927,0.23020093571083472,0.6002334852300877,11.533693176184354,17.820897857800947,5,0.0015869140625
steep-frequency,2.5,2.0,2.5,512,256,2,0.005792500500336847,0.005829088897145902,0.04090710736262769,0.008257650585233927,0.23020093571083472,0.6002334852300877,11.533693176184354,17.820897857800947,5,0.0015869140625
steep-frequency,2.5,2.0,2.5,512,512,2,0.0057925004983342574,0.005801647659622834,0.04090184074702727,0.008257650585233927,0.23020093571083472,0.6002334852300877,11.533693176184354,17.820897857800947,5,0.0015869140625
steep-frequency,2.5,2.0,2.5,512,1024,2,0.0057925004983342574,0.005794787288657492,0.040900524050458596,0.008257650585233927,0.23020093571083472,0.6002334852300877,11.533693176184354,17.820897857800947,5,0.0015869140625
steep-frequency,2.5,2.0,2.5,512,2048,2,0.0057925004983342574,0.005793072195915066,0.04090019487631553,0.008257650585233927,0.23020093571083472,0.6002334852300877,11.533693176184354,17.820897857800947,5,0.0015869140625
steep-frequency,2.5,2.0,2.5,512,1,3,0.03251994351085123,0.04907873594957936,0.05041223774829032,0.008257650585233927,0.2624612992879647,0.6286273673044144,13.710052619402301,,7,0.0018310546875
steep-frequency,2.5,2.0,2.5,512,2,3,0.025059075704790185,0.0340461525410062,0.03721451679352623,0.008257650585233927,0.2624612992879647,0.6286273673044144,13.710052619402301,,7,0.0018310546875
steep-frequency,2.5,2.0,2.5,512,4,3,0.022421916819875078,0.02681603600426995,0.03194015881475244,0.008257650585233927,0.2624612992879647,0.6286273673044144,13.710052619402301,,7,0.0018310546875
steep-frequency,2.5,2.0,2.5,512,8,3,0.017913102315642908,0.022338116598276347,0.029732927738385442,0.008257650585233927,0.2624612992879647,0.6286273673044144,13.710052619402301,,7,0.0018310546875
steep-frequency,2.5,2.0,2.5,512,16,3,0.014766619297531603,0.01849008895113265,0.028479960611637642,0.008257650585233927,0.2624612992879647,0.6286273673044144,13.710052619402301,,7,0.0018310546875
steep-frequency,2.5,2.0,2.5,512,32,3,0.013194651049627797,0.015242235514943827,0.02771824665398501,0.008257650585233927,0.2624612992879647,0.6286273673044144,13.710052619402301,,7,0.0018310546875
steep-frequency,2.5,2.0,2.5,512,64,3,0.013040960553293852,0.013681843953516135,0.027387325544119188,0.008257650585233927,0.2624612992879647,0.6286273673044144,13.710052619402301,,7,0.0018310546875
steep-frequency,2.5,2.0,2.5,512,128,3,0.013037541154591166,0.013201668675766248,0.02728485625627886,0.008257650585233927,0.2624612992879647,0.6286273673044144,13.710052619402301,,7,0.0018310546875
steep-frequency,2.5,2.0,2.5,512,256,3,0.013037010705902154,0.013078248273846967,0.02725833035296958,0.008257650585233927,0.2624612992879647,0.6286273673044144,13.710052619402301,,7,0.0018310546875
steep-frequency,2.5,2.0,2.5,512,512,3,0.013037010556684518,0.013047321178957053,0.027251685110353217,0.008257650585233927,0.2624612992879647,0.6286273673044144,13.710052619402301,,7,0.0018310546875
steep-frequency,2.5,2.0,2.5,512,1024,3,0.013037010556653385,0.013039588215154213,0.0272500237037776,0.008257650585233927,0.2624612992879647,0.6286273673044144,13.710052619402301,,7,0.0018310546875
steep-frequency,2.5,2.0,2.5,512,2048,3,0.013037010556653385,0.013037654971278609,0.02724960835190387,0.008257650585233927,0.2624612992879647,0.6286273673044144,13.710052619402301,,7,0.0018310546875
steep-frequency,2.5,2.0,2.5,512,1,4,0.030136542658448288,0.048101867699336366,0.11204314138342633,0.008257650585233927,0.2545184170043504,0.6459720911404626,12.822921730454562,13.696141440786759,6,0.001708984375
steep-frequency,2.5,2.0,2.5,512,2,4,0.017927916788576127,0.030679325295913277,0.0991335544477367,0.008257650585233927,0.2545184170043504,0.6459720911404626,12.822921730454562,13.696141440786759,6,0.001708984375
steep-frequency,2.5,2.0,2.5,512,4,4,0.01124606962922535,0.019801034125263583,0.09122742252558473,0.008257650585233927,0.2545184170043504,0.6459720911404626,12.822921730454562,13.696141440786759,6,0.001708984375
steep-frequency,2.5,2.0,2.5,512,8,4,0.008840383326016972,0.01293890469368203,0.08628732801561478,0.008257650585233927,0.2545184170043504,0.6459720911404626,12.822921730454562,13.696141440786759,6,0.001708984375
steep-frequency,2.5,2.0,2.5,512,16,4,0.008055663267331724,0.009669204442025608,0.08438492823001544,0.008257650585233927,0.2545184170043504,0.6459720911404626,12.822921730454562,13.696141440786759,6,0.001708984375
steep-frequency,2.5,2.0,2.5,512,32,4,0.007630327750484198,0.008339918495815892,0.08384938155937442,0.008257650585233927,0.2545184170043504,0.6459720911404626,12.822921730454562,13.696141440786759,6,0.001708984375
steep-frequency,2.5,2.0,2.5,512,64,4,0.00755454162177273,0.007785258676031156,0.0837096650750164,0.008257650585233927,0.2545184170043504,0.6459720911404626,12.822921730454562,13.696141440786759,6,0.001708984375
steep-frequency,2.5,2.0,2.5,512,128,4,0.0075529123440628955,0.007612211461851846,0.08367171130943193,0.008257650585233927,0.2545184170043504,0.6459720911404626,12.822921730454562,13.696141440786759,6,0.001708984375
steep-frequency,2.5,2.0,2.5,512,256,4,0.007552903266698852,0.007567742635560013,0.08366187229380782,0.008257650585233927,0.2545184170043504,0.6459720911404626,12.822921730454562,13.696141440786759,6,0.001708984375
steep-frequency,2.5,2.0,2.5,512,512,4,0.007552902868921242,0.007556612835487065,0.08365940775416583,0.008257650585233927,0.2545184170043504,0.6459720911404626,12.822921730454562,13.696141440786759,6,0.001708984375
steep-frequency,2.5,2.0,2.5,512,1024,4,0.007552902868575903,0.007553830362224227,0.08365879140516157,0.008257650585233927,0.2545184170043504,0.6459720911404626,12.822921730454562,13.696141440786759,6,0.001708984375
steep-frequency,2.5,2.0,2.5,512,2048,4,0.007552902868575903,0.007553134741988561,0.08365863731749706,0.008257650585233927,0.2545184170043504,0.6459720911404626,12.822921730454562,13.696141440786759,6,0.001708984375
steep-frequency,2.5,2.0,2.5,1024,1,0,0.01843839028371887,0.030452253447993773,0.060450351290374925,0.004913172260344919,0.25618483973420964,0.6295708949231597,15.730555185682693,17.605281425728368,9,0.002685546875
steep-frequency,2.5,2.0,2.5,1024,2,0,0.013262565091870383,0.020019431989662665,0.05618869094347507,0.004913172260344919,0.25618483973420964,0.6295708949231597,15.730555185682693,17.605281425728368,9,0.002685546875
steep-frequency,2.5,2.0,2.5,1024,4,0,0.012827711328617118,0.01404793991765019,0.05321258295249343,0.004913172260344919,0.25618483973420964,0.6295708949231597,15.730555185682693,17.605281425728368,9,0.002685546875
steep-frequency,2.5,2.0,2.5,1024,8,0,0.006105039122801291,0.009837834328290192,0.051073608445043876,0.004913172260344919,0.25618483973420964,0.6295708949231597,15.730555185682693,17.605281425728368,9,0.002685546875
steep-frequency,2.5,2.0,2.5,1024,16,0,0.0038070835668243914,0.006479112319740689,0.0493601579124619,0.004913172260344919,0.25618483973420964,0.6295708949231597,15.730555185682693,17.605281425728368,9,0.002685546875
steep-frequency,2.5,2.0,2.5,1024,32,0,0.0031015312527778397,0.004395483316339991,0.048181757256252546,0.004913172260344919,0.25618483973420964,0.6295708949231597,15.730555185682693,17.605281425728368,9,0.002685546875
steep-frequency,2.5,2.0,2.5,1024,64,0,0.002988352810029451,0.0034126411296701584,0.04762453160613928,0.004913172260344919,0.25618483973420964,0.6295708949231597,15.730555185682693,17.605281425728368,9,0.002685546875
steep-frequency,2.5,2.0,2.5,1024,128,0,0.00298111239794078,0.0030953166928716714,0.04745843248450533,0.004913172260344919,0.25618483973420964,0.6295708949231597,15.730555185682693,17.605281425728368,9,0.002685546875
steep-frequency,2.5,2.0,2.5,1024,256,0,0.00298126982321339,0.003009587765538827,0.0474154212406898,0.004913172260344919,0.25618483973420964,0.6295708949231597,15.730555185682693,17.605281425728368,9,0.002685546875
steep-frequency,2.5,2.0,2.5,1024,512,0,0.002980466258148324,0.0029877551819320267,0.04740463789439246,0.004913172260344919,0.25618483973420964,0.6295708949231597,15.730555185682693,17.605281425728368,9,0.002685546875
steep-frequency,2.5,2.0,2.5,1024,1024,0,0.002980466234217403,0.0029822886561304426,0.047401940556915385,0.004913172260344919,0.25618483973420964,0.6295708949231597,15.730555185682693,17.605281425728368,9,0.002685546875
steep-frequency,2.5,2.0,2.5,1024,2048,0,0.002980466234209341,0.0029809218402730986,0.047401266168268695,0.004913172260344919,0.25618483973420964,0.6295708949231597,15.730555185682693,17.605281425728368,9,0.002685546875
steep-frequency,2.5,2.0,2.5,1024,1,1,0.020054190800459115,0.0298054114044635,0.03634584653168172,0.004913172260344919,0.26743810575146876,0.6445509513854594,16.753826011890986,20.90361589320769,10,0.0029296875
steep-frequency,2.5,2.0,2.5,1024,2,1,0.014369787900568929,0.020675787991507936,0.02906595559455923,0.004913172260344919,0.26743810575146876,0.6445509513854594,16.753826011890986,20.90361589320769,10,0.0029296875
steep-frequency,2.5,2.0,2.5,1024,4,1,0.01119427389610249,0.014841610753521186,0.02489663989404325,0.004913172260344919,0.26743810575146876,0.6445509513854594,16.753826011890986,20.90361589320769,10,0.0029296875
steep-frequency,2.5,2.0,2.5,1024,8,1,0.0060502582435795985,0.0100844704558804,0.021790803311059845,0.004913172260344919,0.26743810575146876,0.6445509513854594,16.753826011890986,20.90361589320769,10,0.0029296875
steep-frequency,2.5,2.0,2.5,1024,16,1,0.00464566111734655,0.00684340519094906,0.019779300836394082,0.004913172260344919,0.26743810575146876,0.6445509513854594,16.753826011890986,20.90361589320769,10,0.0029296875
steep-frequency,2.5,2.0,2.5,1024,32,1,0.004278389259393662,0.005169030742615416,0.018723574774893958,0.004913172260344919,0.26743810575146876,0.6445509513854594,16.753826011890986,20.90361589320769,10,0.0029296875
steep-frequency,2.5,2.0,2.5,1024,64,1,0.0042194096556447125,0.00450335031531846,0.018328797754137923,0.004913172260344919,0.26743810575146876,0.6445509513854594,16.753826011890986,20.90361589320769,10,0.0029296875
steep-frequency,2.5,2.0,2.5,1024,128,1,0.004216355032731409,0.004291356758470311,0.018212867079721737,0.004913172260344919,0.26743810575146876,0.6445509513854594,16.753826011890986,20.90361589320769,10,0.0029296875
steep-frequency,2.5,2.0,2.5,1024,256,1,0.004216327325097936,0.0042352270086752795,0.01818285483745917,0.004913172260344919,0.26743810575146876,0.6445509513854594,16.753826011890986,20.90361589320769,10,0.0029296875
steep-frequency,2.5,2.0,2.5,1024,512,1,0.004216326360739313,0.004221062508480805,0.018175270593018995,0.004913172260344919,0.26743810575146876,0.6445509513854594,16.753826011890986,20.90361589320769,10,0.0029296875
steep-frequency,2.5,2.0,2.5,1024,1024,1,0.004216326348377496,0.004217510902704534,0.018173365138341693,0.004913172260344919,0.26743810575146876,0.6445509513854594,16.753826011890986,20.90361589320769,10,0.0029296875
steep-frequency,2.5,2.0,2.5,1024,2048,1,0.004216326347902489,0.004216622488484839,0.018172888359031934,0.004913172260344919,0.26743810575146876,0.6445509513854594,16.753826011890986,20.90361589320769,10,0.0029296875
steep-frequency,2.5,2.0,2.5,1024,1,2,0.022355101536623935,0.035517983979743054,0.05895969757570154,0.004913172260344919,0.2397918464090336,0.6233169329062062,14.129027966137713,24.343313163140223,9,0.002685546875
steep-frequency,2.5,2.0,2.5,1024,2,2,0.013622024742433125,0.02314499386936166,0.053341661753196684,0.004913172260344919,0.2397918464090336,0.6233169329062062,14.129027966137713,24.343313163140223,9,0.002685546875
steep-frequency,2.5,2.0,2.5,1024,4,2,0.008980039031401973,0.01516454669742349,0.04904880059613168,0.004913172260344919,0.2397918464090336,0.6233169329062062,14.129027966137713,24.343313163140223,9,0.002685546875
steep-frequency,2.5,2.0,2.5,1024,8,2,0.006500704996191164,0.010209735248442079,0.0460450767761722,0.004913172260344919,0.2397918464090336,0.6233169329062062,14.129027966137713,24.343313163140223,9,0.002685546875
steep-frequency,2.5,2.0,2.5,1024,16,2,0.005041697135954771,0.007182182615143175,0.04442010512209743,0.004913172260344919,0.2397918464090336,0.6233169329062062,14.129027966137713,24.343313163140223,9,0.002685546875
steep-frequency,2.5,2.0,2.5,1024,32,2,0.0047114605746188774,0.0055458697072241665,0.04372618050219486,0.004913172260344919,0.2397918464090336,0.6233169329062062,14.129027966137713,24.343313163140223,9,0.002685546875
steep-frequency,2.5,2.0,2.5,1024,64,2,0.004675620656077555,0.004922169902068191,0.04348696228436084,0.004913172260344919,0.2397918464090336,0.6233169329062062,14.129027966137713,24.343313163140223,9,0.002685546875
steep-frequency,2.5,2.0,2.5,1024,128,2,0.004672527542047016,0.0047372311390798845,0.04341654021773568,0.004913172260344919,0.2397918464090336,0.6233169329062062,14.129027966137713,24.343313163140223,9,0.002685546875
steep-frequency,2.5,2.0,2.5,1024,256,2,0.004672516613294102,0.004688892245104213,0.043398088922966614,0.004913172260344919,0.2397918464090336,0.6233169329062062,14.129027966137713,24.343313163140223,9,0.002685546875
steep-frequency,2.5,2.0,2.5,1024,512,2,0.004672516605620046,0.004676694573240305,0.04339345858689145,0.004913172260344919,0.2397918464090336,0.6233169329062062,14.129027966137713,24.343313163140223,9,0.002685546875
steep-frequency,2.5,2.0,2.5,1024,1024,2,0.004672516605620019,0.004673603091777468,0.04339230094446911,0.004913172260344919,0.2397918464090336,0.6233169329062062,14.129027966137713,24.343313163140223,9,0.002685546875
steep-frequency,2.5,2.0,2.5,1024,2048,2,0.004672516605620019,0.004672809224284776,0.04339201153386203,0.004913172260344919,0.2397918464090336,0.6233169329062062,14.129027966137713,24.343313163140223,9,0.002685546875
steep-frequency,2.5,2.0,2.5,1024,1,3,0.0227428045665045,0.03497723781441491,0.05075247583300107,0.004913172260344919,0.25873564228452284,0.6549431814700549,15.610028192240243,25.513499584226846,8,0.0028076171875
steep-frequency,2.5,2.0,2.5,1024,2,3,0.012704763091661773,0.022132023894182645,0.040344262008885474,0.004913172260344919,0.25873564228452284,0.6549431814700549,15.610028192240243,25.513499584226846,8,0.0028076171875
steep-frequency,2.5,2.0,2.5,1024,4,3,0.008532841551961354,0.014086832629144664,0.03345119860213304,0.004913172260344919,0.25873564228452284,0.6549431814700549,15.610028192240243,25.513499584226846,8,0.0028076171875
steep-frequency,2.5,2.0,2.5,1024,8,3,0.009067375867325278,0.009419830726936597,0.02983146071677892,0.004913172260344919,0.25873564228452284,0.6549431814700549,15.610028192240243,25.513499584226846,8,0.0028076171875
steep-frequency,2.5,2.0,2.5,1024,16,3,0.006532395646157935,0.00702847186152652,0.028570472486518936,0.004913172260344919,0.25873564228452284,0.6549431814700549,15.610028192240243,25.513499584226846,8,0.0028076171875
steep-frequency,2.5,2.0,2.5,1024,32,3,0.004936158325592647,0.005752134256011765,0.02814857662706715,0.004913172260344919,0.25873564228452284,0.6549431814700549,15.610028192240243,25.513499584226846,8,0.0028076171875
steep-frequency,2.5,2.0,2.5,1024,64,3,0.0048454773005078165,0.005121817299588748,0.02800694512890585,0.004913172260344919,0.25873564228452284,0.6549431814700549,15.610028192240243,25.513499584226846,8,0.0028076171875
steep-frequency,2.5,2.0,2.5,1024,128,3,0.0048414540639282536,0.004914191192814158,0.027965275137575737,0.004913172260344919,0.25873564228452284,0.6549431814700549,15.610028192240243,25.513499584226846,8,0.0028076171875
steep-frequency,2.5,2.0,2.5,1024,256,3,0.004841412952064962,0.004859658639948627,0.027954232968448536,0.004913172260344919,0.25873564228452284,0.6549431814700549,15.610028192240243,25.513499584226846,8,0.0028076171875
steep-frequency,2.5,2.0,2.5,1024,512,3,0.004841412197466545,0.0048459741734275886,0.027951445272421434,0.004913172260344919,0.25873564228452284,0.6549431814700549,15.610028192240243,25.513499584226846,8,0.0028076171875
steep-frequency,2.5,2.0,2.5,1024,1024,3,0.00484141218963019,0.004842552657820497,0.027950746830890418,0.004913172260344919,0.25873564228452284,0.6549431814700549,15.610028192240243,25.513499584226846,8,0.0028076171875
steep-frequency,2.5,2.0,2.5,1024,2048,3,0.004841412189629396,0.004841697306440212,0.027950572181803628,0.004913172260344919,0.25873564228452284,0.6549431814700549,15.610028192240243,25.513499584226846,8,0.0028076171875
steep-frequency,2.5,2.0,2.5,1024,1,4,0.017714106249268374,0.03111108020712282,0.03121381784569806,0.004913172260344919,0.2653844731483203,0.6521566277148901,16.391883077167137,24.275556713309314,10,0.0032958984375
steep-frequency,2.5,2.0,2.5,1024,2,4,0.010829789883318255,0.01953628214816548,0.019695114520441905,0.004913172260344919,0.2653844731483203,0.6521566277148901,16.391883077167137,24.275556713309314,10,0.0032958984375
steep-frequency,2.5,2.0,2.5,1024,4,4,0.0075237538160253204,0.012205646091018322,0.012588365652249831,0.004913172260344919,0.2653844731483203,0.6521566277148901,16.391883077167137,24.275556713309314,10,0.0032958984375
steep-frequency,2.5,2.0,2.5,1024,8,4,0.0063930262110276645,0.008517773731965463,0.009144366620201076,0.004913172260344919,0.2653844731483203,0.6521566277148901,16.391883077167137,24.275556713309314,10,0.0032958984375
steep-frequency,2.5,2.0,2.5,1024,16,4,0.005675024712227684,0.0067339550564559335,0.00767187235551604,0.004913172260344919,0.2653844731483203,0.6521566277148901,16.391883077167137,24.275556713309314,10,0.0032958984375
steep-frequency,2.5,2.0,2.5,1024,32,4,0.005138906632616403,0.005777837311747065,0.006970604870269479,0.004913172260344919,0.2653844731483203,0.6521566277148901,16.391883077167137,24.275556713309314,10,0.0032958984375
steep-frequency,2.5,2.0,2.5,1024,64,4,0.005050236766430429,0.005286399445662185,0.00664144377271121,0.004913172260344919,0.2653844731483203,0.6521566277148901,16.391883077167137,24.275556713309314,10,0.0032958984375
steep-frequency,2.5,2.0,2.5,1024,128,4,0.0050471238997140825,0.005110065527459003,0.00653129302861576,0.004913172260344919,0.2653844731483203,0.6521566277148901,16.391883077167137,24.275556713309314,10,0.0032958984375
steep-frequency,2.5,2.0,2.5,1024,256,4,0.005047070582324351,0.005062904727127992,0.006502563505113315,0.004913172260344919,0.2653844731483203,0.6521566277148901,16.391883077167137,24.275556713309314,10,0.0032958984375
steep-frequency,2.5,2.0,2.5,1024,512,4,0.0050470698157420385,0.005051033815796229,0.006495340120804298,0.004913172260344919,0.2653844731483203,0.6521566277148901,16.391883077167137,24.275556713309314,10,0.0032958984375
steep-frequency,2.5,2.0,2.5,1024,1024,4,0.005047069814217305,0.005048060898129581,0.006493530789322928,0.004913172260344919,0.2653844731483203,0.6521566277148901,16.391883077167137,24.275556713309314,10,0.0032958984375
steep-frequency,2.5,2.0,2.5,1024,2048,4,0.00504706981421725,0.005047317585305235,0.006493078402610354,0.004913172260344919,0.2653844731483203,0.6521566277148901,16.391883077167137,24.275556713309314,10,0.0032958984375
steep-frequency,2.5,2.0,2.5,2048,1,0,0.011104916327979839,0.021727088843204085,0.030190152201174797,0.0029223254027159703,0.2532540604584185,0.6307213969528567,18.350966312107868,24.67908829580442,14,0.00390625
steep-frequency,2.5,2.0,2.5,2048,2,0,0.00656318204956928,0.012941603290322635,0.02298779559838254,0.0029223254027159703,0.2532540604584185,0.6307213969528567,18.350966312107868,24.67908829580442,14,0.00390625
steep-frequency,2.5,2.0,2.5,2048,4,0,0.004901283207505141,0.007992730268734715,0.019049609108490923,0.0029223254027159703,0.2532540604584185,0.6307213969528567,18.350966312107868,24.67908829580442,14,0.00390625
steep-frequency,2.5,2.0,2.5,2048,8,0,0.007329731639301523,0.00548847547457314,0.01728696033126214,0.0029223254027159703,0.2532540604584185,0.6307213969528567,18.350966312107868,24.67908829580442,14,0.00390625
steep-frequency,2.5,2.0,2.5,2048,16,0,0.0032067919828956274,0.004112504056404836,0.016470399642380854,0.0029223254027159703,0.2532540604584185,0.6307213969528567,18.350966312107868,24.67908829580442,14,0.00390625
steep-frequency,2.5,2.0,2.5,2048,32,0,0.0029778262787863324,0.0034024091791677582,0.016142355898685186,0.0029223254027159703,0.2532540604584185,0.6307213969528567,18.350966312107868,24.67908829580442,14,0.00390625
steep-frequency,2.5,2.0,2.5,2048,64,0,0.0029340664585397807,0.0030795616352160544,0.016017695606111444,0.0029223254027159703,0.2532540604584185,0.6307213969528567,18.350966312107868,24.67908829580442,14,0.00390625
steep-frequency,2.5,2.0,2.5,2048,128,0,0.0029197599301431917,0.0029632849496526573,0.01597627340433429,0.0029223254027159703,0.2532540604584185,0.6307213969528567,18.350966312107868,24.67908829580442,14,0.00390625
steep-frequency,2.5,2.0,2.5,2048,256,0,0.0029188379384355594,0.002930251039342914,0.0159639080544488,0.0029223254027159703,0.2532540604584185,0.6307213969528567,18.350966312107868,24.67908829580442,14,0.00390625
steep-frequency,2.5,2.0,2.5,2048,512,0,0.0029188351458368372,0.002921702557461638,0.0159606019291784,0.0029223254027159703,0.2532540604584185,0.6307213969528567,18.350966312107868,24.67908829580442,14,0.00390625
steep-frequency,2.5,2.0,2.5,2048,1024,0,0.0029188351386239737,0.002919552478734751,0.015959763923625837,0.0029223254027159703,0.2532540604584185,0.6307213969528567,18.350966312107868,24.67908829580442,14,0.00390625
steep-frequency,2.5,2.0,2.5,2048,2048,0,0.0029188351384102406,0.0029190144761818463,0.015959554001989132,0.0029223254027159703,0.2532540604584185,0.6307213969528567,18.350966312107868,24.67908829580442,14,0.00390625
steep-frequency,2.5,2.0,2.5,2048,1,1,0.020345019439254354,0.02048308169101701,0.024165572645736513,0.0029223254027159703,0.25464731280305875,0.6331037601570919,18.502815103222165,32.788854110055816,14,0.003662109375
steep-frequency,2.5,2.0,2.5,2048,2,1,0.007214937671240926,0.013099123959559448,0.017512645696319586,0.0029223254027159703,0.25464731280305875,0.6331037601570919,18.502815103222165,32.788854110055816,14,0.003662109375
steep-frequency,2.5,2.0,2.5,2048,4,1,0.005694173055461393,0.008512971489150374,0.013850895553000312,0.0029223254027159703,0.25464731280305875,0.6331037601570919,18.502815103222165,32.788854110055816,14,0.003662109375
steep-frequency,2.5,2.0,2.5,2048,8,1,0.004685766516510669,0.006003007480166966,0.012006500801963891,0.0029223254027159703,0.25464731280305875,0.6331037601570919,18.502815103222165,32.788854110055816,14,0.003662109375
steep-frequency,2.5,2.0,2.5,2048,16,1,0.0037040032987330196,0.0045640662568419595,0.011108414210538606,0.0029223254027159703,0.25464731280305875,0.6331037601570919,18.502815103222165,32.788854110055816,14,0.003662109375
steep-frequency,2.5,2.0,2.5,2048,32,1,0.0030346568070697484,0.0036713496583457065,0.010732834467891826,0.0029223254027159703,0.25464731280305875,0.6331037601570919,18.502815103222165,32.788854110055816,14,0.003662109375
steep-frequency,2.5,2.0,2.5,2048,64,1,0.002920047417041688,0.003181068249627915,0.010604073957295915,0.0029223254027159703,0.25464731280305875,0.6331037601570919,18.502815103222165,32.788854110055816,14,0.003662109375
steep-frequency,2.5,2.0,2.5,2048,128,1,0.002897320102681098,0.0029823124700201612,0.01056397449424566,0.0029223254027159703,0.25464731280305875,0.6331037601570919,18.502815103222165,32.788854110055816,14,0.003662109375
steep-frequency,2.5,2.0,2.5,2048,256,1,0.002895517332008344,0.002918631783643363,0.010553195161724014,0.0029223254027159703,0.25464731280305875,0.6331037601570919,18.502815103222165,32.788854110055816,14,0.003662109375
steep-frequency,2.5,2.0,2.5,2048,512,1,0.002895504857152917,0.0029013180288224444,0.010550469785606356,0.0029223254027159703,0.25464731280305875,0.6331037601570919,18.502815103222165,32.788854110055816,14,0.003662109375
steep-frequency,2.5,2.0,2.5,2048,1024,1,0.0028955048500568467,0.0028969582569655767,0.010549785936006995,0.0029223254027159703,0.25464731280305875,0.6331037601570919,18.502815103222165,32.788854110055816,14,0.003662109375
steep-frequency,2.5,2.0,2.5,2048,2048,1,0.0028955048500559945,0.002895868201983367,0.010549614891068803,0.0029223254027159703,0.25464731280305875,0.6331037601570919,18.502815103222165,32.788854110055816,14,0.003662109375
steep-frequency,2.5,2.0,2.5,2048,1,2,0.018796117360869634,0.0207956019174008,0.02628685247738252,0.0029223254027159703,0.24649973765319214,0.6170469704330303,17.669809791660345,41.891731559453596,11,0.0030517578125
steep-frequency,2.5,2.0,2.5,2048,2,2,0.008217860179477914,0.013942195818479532,0.022091947486485155,0.0029223254027159703,0.24649973765319214,0.6170469704330303,17.669809791660345,41.891731559453596,11,0.0030517578125
steep-frequency,2.5,2.0,2.5,2048,4,2,0.005558673858070405,0.009334785223671687,0.01936413087311857,0.0029223254027159703,0.24649973765319214,0.6170469704330303,17.669809791660345,41.891731559453596,11,0.0030517578125
steep-frequency,2.5,2.0,2.5,2048,8,2,0.004241864681587248,0.006333617546979564,0.01767582200071654,0.0029223254027159703,0.24649973765319214,0.6170469704330303,17.669809791660345,41.891731559453596,11,0.0030517578125
steep-frequency,2.5,2.0,2.5,2048,16,2,0.0035540314583485987,0.004645473231996985,0.016742773322667222,0.0029223254027159703,0.24649973765319214,0.6170469704330303,17.669809791660345,41.891731559453596,11,0.0030517578125
steep-frequency,2.5,2.0,2.5,2048,32,2,0.0033196959962746024,0.0038002324496476904,0.016348928014896288,0.0029223254027159703,0.24649973765319214,0.6170469704330303,17.669809791660345,41.891731559453596,11,0.0030517578125
steep-frequency,2.5,2.0,2.5,2048,64,2,0.003263720805011122,0.0034325836504608197,0.016203594437340926,0.0029223254027159703,0.24649973765319214,0.6170469704330303,17.669809791660345,41.891731559453596,11,0.0030517578125
steep-frequency,2.5,2.0,2.5,2048,128,2,0.003260691844997903,0.003306570276811258,0.016156960598657188,0.0029223254027159703,0.24649973765319214,0.6170469704330303,17.669809791660345,41.891731559453596,11,0.0030517578125
steep-frequency,2.5,2.0,2.5,2048,256,2,0.003260648849623925,0.003272210053589166,0.01614453671139298,0.0029223254027159703,0.24649973765319214,0.6170469704330303,17.669809791660345,41.891731559453596,11,0.0030517578125
steep-frequency,2.5,2.0,2.5,2048,512,2,0.003260648680160971,0.003263541756017501,0.016141420703065134,0.0029223254027159703,0.24649973765319214,0.6170469704330303,17.669809791660345,41.891731559453596,11,0.0030517578125
steep-frequency,2.5,2.0,2.5,2048,1024,2,0.0032606486741368307,0.0032613721759513835,0.016140640133641724,0.0029223254027159703,0.24649973765319214,0.6170469704330303,17.669809791660345,41.891731559453596,11,0.0030517578125
steep-frequency,2.5,2.0,2.5,2048,2048,2,0.0032606486738430505,0.0032608295571687424,0.016140444831650943,0.0029223254027159703,0.24649973765319214,0.6170469704330303,17.669809791660345,41.891731559453596,11,0.0030517578125
steep-frequency,2.5,2.0,2.5,2048,1,3,0.013020263155799527,0.019373279389201716,0.020379097904581724,0.0029223254027159703,0.25901180565636056,0.6444493208747297,18.9131022496277,24.473213203877098,12,0.003662109375
steep-frequency,2.5,2.0,2.5,2048,2,3,0.00924748375025808,0.013958317790669581,0.015568560881137339,0.0029223254027159703,0.25901180565636056,0.6444493208747297,18.9131022496277,24.473213203877098,12,0.003662109375
steep-frequency,2.5,2.0,2.5,2048,4,3,0.005718752169546781,0.009774314181575053,0.012248551685664947,0.0029223254027159703,0.25901180565636056,0.6444493208747297,18.9131022496277,24.473213203877098,12,0.003662109375
steep-frequency,2.5,2.0,2.5,2048,8,3,0.0037584825165914103,0.006515270385216643,0.009841180917807902,0.0029223254027159703,0.25901180565636056,0.6444493208747297,18.9131022496277,24.473213203877098,12,0.003662109375
steep-frequency,2.5,2.0,2.5,2048,16,3,0.0028803942215386543,0.0043999844293641345,0.008378443332524042,0.0029223254027159703,0.25901180565636056,0.6444493208747297,18.9131022496277,24.473213203877098,12,0.003662109375
steep-frequency,2.5,2.0,2.5,2048,32,3,0.0025756811835142253,0.00324824064121925,0.007646019678297393,0.0029223254027159703,0.25901180565636056,0.6444493208747297,18.9131022496277,24.473213203877098,12,0.003662109375
steep-frequency,2.5,2.0,2.5,2048,64,3,0.0024903992733116454,0.002738236013290868,0.007349364975975179,0.0029223254027159703,0.25901180565636056,0.6444493208747297,18.9131022496277,24.473213203877098,12,0.003662109375
steep-frequency,2.5,2.0,2.5,2048,128,3,0.0024737649506732778,0.002550869529515359,0.007245293019811986,0.0029223254027159703,0.25901180565636056,0.6444493208747297,18.9131022496277,24.473213203877098,12,0.003662109375
steep-frequency,2.5,2.0,2.5,2048,256,3,0.002473238871421639,0.0024939827937317575,0.007212464987526007,0.0029223254027159703,0.25901180565636056,0.6444493208747297,18.9131022496277,24.473213203877098,12,0.003662109375
steep-frequency,2.5,2.0,2.5,2048,512,3,0.002473164077937004,0.002478456327693348,0.007203071376904108,0.0029223254027159703,0.25901180565636056,0.6444493208747297,18.9131022496277,24.473213203877098,12,0.003662109375
steep-frequency,2.5,2.0,2.5,2048,1024,3,0.0024731639922501904,0.0024744880211339847,0.007200639466063695,0.0029223254027159703,0.25901180565636056,0.6444493208747297,18.9131022496277,24.473213203877098,12,0.003662109375
steep-frequency,2.5,2.0,2.5,2048,2048,3,0.0024731639922494935,0.0024734949999718524,0.007200030591305296,0.0029223254027159703,0.25901180565636056,0.6444493208747297,18.9131022496277,24.473213203877098,12,0.003662109375
steep-frequency,2.5,2.0,2.5,2048,1,4,0.012524383956995443,0.01953055848865026,0.02449007211165538,0.0029223254027159703,0.26452870240577697,0.6616243132609462,19.389742050065475,36.48019093235726,14,0.0030517578125
steep-frequency,2.5,2.0,2.5,2048,2,4,0.008353893090029929,0.012639900761086174,0.018636472080299376,0.0029223254027159703,0.26452870240577697,0.6616243132609462,19.389742050065475,36.48019093235726,14,0.0030517578125
steep-frequency,2.5,2.0,2.5,2048,4,4,0.005697632308039882,0.00857135140952393,0.01574544533855702,0.0029223254027159703,0.26452870240577697,0.6616243132609462,19.389742050065475,36.48019093235726,14,0.0030517578125
steep-frequency,2.5,2.0,2.5,2048,8,4,0.004191649481287794,0.0061341400333761505,0.014540549037021342,0.0029223254027159703,0.26452870240577697,0.6616243132609462,19.389742050065475,36.48019093235726,14,0.0030517578125
steep-frequency,2.5,2.0,2.5,2048,16,4,0.003506135519424858,0.004608251337154069,0.014108808272028818,0.0029223254027159703,0.26452870240577697,0.6616243132609462,19.389742050065475,36.48019093235726,14,0.0030517578125
steep-frequency,2.5,2.0,2.5,2048,32,4,0.0031858709078754787,0.0037347686293645976,0.013964794274468081,0.0029223254027159703,0.26452870240577697,0.6616243132609462,19.389742050065475,36.48019093235726,14,0.0030517578125
steep-frequency,2.5,2.0,2.5,2048,64,4,0.0031384606171195274,0.0033216074725931533,0.013914007408278499,0.0029223254027159703,0.26452870240577697,0.6616243132609462,19.389742050065475,36.48019093235726,14,0.0030517578125
steep-frequency,2.5,2.0,2.5,2048,128,4,0.0031358598816593913,0.003184520391837372,0.013897820513503892,0.0029223254027159703,0.26452870240577697,0.6616243132609462,19.389742050065475,36.48019093235726,14,0.0030517578125
steep-frequency,2.5,2.0,2.5,2048,256,4,0.0031358097845465985,0.003148063676936467,0.013893367637284977,0.0029223254027159703,0.26452870240577697,0.6616243132609462,19.389742050065475,36.48019093235726,14,0.0030517578125
steep-frequency,2.5,2.0,2.5,2048,512,4,0.003135809184080915,0.003138874285841664,0.013892223668769329,0.0029223254027159703,0.26452870240577697,0.6616243132609462,19.389742050065475,36.48019093235726,14,0.0030517578125
steep-frequency,2.5,2.0,2.5,2048,1024,4,0.003135809182614952,0.0031365754675398323,0.013891936685638538,0.0029223254027159703,0.26452870240577697,0.6616243132609462,19.389742050065475,36.48019093235726,14,0.0030517578125
steep-frequency,2.5,2.0,2.5,2048,2048,4,0.00313580918261495,0.003136000753848652,0.013891864932001034,0.0029223254027159703,0.26452870240577697,0.6616243132609462,19.389742050065475,36.48019093235726,14,0.0030517578125
steep-frequency,2.5,2.0,2.5,4096,1,0,0.013959012701757915,0.011303714461685228,0.012301464755611944,0.0017379034256036693,0.26132583283588084,0.6530972816892587,22.87370051811936,42.395130477848674,20,0.0047607421875
steep-frequency,2.5,2.0,2.5,4096,2,0,0.004791111781772231,0.00755363497256946,0.008990403927726109,0.0017379034256036693,0.26132583283588084,0.6530972816892587,22.87370051811936,42.395130477848674,20,0.0047607421875
steep-frequency,2.5,2.0,2.5,4096,4,0,0.0039180178692762285,0.005227098392589126,0.007094885560481269,0.0017379034256036693,0.26132583283588084,0.6530972816892587,22.87370051811936,42.395130477848674,20,0.0047607421875
steep-frequency,2.5,2.0,2.5,4096,8,0,0.0027438022368878588,0.003793683405316135,0.006119938807668708,0.0017379034256036693,0.26132583283588084,0.6530972816892587,22.87370051811936,42.395130477848674,20,0.0047607421875
steep-frequency,2.5,2.0,2.5,4096,16,0,0.002197288845445464,0.0028678499373133185,0.005705370151289477,0.0017379034256036693,0.26132583283588084,0.6530972816892587,22.87370051811936,42.395130477848674,20,0.0047607421875
steep-frequency,2.5,2.0,2.5,4096,32,0,0.0019126947632815232,0.0022994728991020566,0.005529409698744557,0.0017379034256036693,0.26132583283588084,0.6530972816892587,22.87370051811936,42.395130477848674,20,0.0047607421875
steep-frequency,2.5,2.0,2.5,4096,64,0,0.0018443188518069181,0.001998862864896165,0.005453930528169967,0.0017379034256036693,0.26132583283588084,0.6530972816892587,22.87370051811936,42.395130477848674,20,0.0047607421875
steep-frequency,2.5,2.0,2.5,4096,128,0,0.0018389197865871286,0.0018826713016428327,0.0054285618337298405,0.0017379034256036693,0.26132583283588084,0.6530972816892587,22.87370051811936,42.395130477848674,20,0.0047607421875
steep-frequency,2.5,2.0,2.5,4096,256,0,0.001838568304161986,0.0018497928975795895,0.005421537145638217,0.0017379034256036693,0.26132583283588084,0.6530972816892587,22.87370051811936,42.395130477848674,20,0.0047607421875
steep-frequency,2.5,2.0,2.5,4096,512,0,0.001838562862985169,0.0018413751551124866,0.005419751921604967,0.0017379034256036693,0.26132583283588084,0.6530972816892587,22.87370051811936,42.395130477848674,20,0.0047607421875
steep-frequency,2.5,2.0,2.5,4096,1024,0,0.001838562850531373,0.0018392659700466327,0.005419305179589764,0.0017379034256036693,0.26132583283588084,0.6530972816892587,22.87370051811936,42.395130477848674,20,0.0047607421875
steep-frequency,2.5,2.0,2.5,4096,2048,0,0.001838562850508985,0.0018387386303076545,0.005419193502051467,0.0017379034256036693,0.26132583283588084,0.6530972816892587,22.87370051811936,42.395130477848674,20,0.0047607421875
steep-frequency,2.5,2.0,2.5,4096,1,1,0.008094070420028241,0.013049703724215824,0.01857176130036139,0.0017379034256036693,0.26728150814546214,0.6740397737264529,23.537225322894887,44.17871995232151,19,0.0052490234375
steep-frequency,2.5,2.0,2.5,4096,2,1,0.005493895290571051,0.008941103813308553,0.014862290692608754,0.0017379034256036693,0.26728150814546214,0.6740397737264529,23.537225322894887,44.17871995232151,19,0.0052490234375
steep-frequency,2.5,2.0,2.5,4096,4,1,0.003775615316240784,0.005987161326476381,0.012296386547847456,0.0017379034256036693,0.26728150814546214,0.6740397737264529,23.537225322894887,44.17871995232151,19,0.0052490234375
steep-frequency,2.5,2.0,2.5,4096,8,1,0.0059749020958229804,0.004156956577678131,0.010972265050795111,0.0017379034256036693,0.26728150814546214,0.6740397737264529,23.537225322894887,44.17871995232151,19,0.0052490234375
steep-frequency,2.5,2.0,2.5,4096,16,1,0.002203524218216709,0.0030322861954422825,0.010420585942407662,0.0017379034256036693,0.26728150814546214,0.6740397737264529,23.537225322894887,44.17871995232151,19,0.0052490234375
steep-frequency,2.5,2.0,2.5,4096,32,1,0.0018887201704184061,0.002333622256927906,0.01019280546655822,0.0017379034256036693,0.26728150814546214,0.6740397737264529,23.537225322894887,44.17871995232151,19,0.0052490234375
steep-frequency,2.5,2.0,2.5,4096,64,1,0.0018323747196242204,0.0020007830225173455,0.010099874086496211,0.0017379034256036693,0.26728150814546214,0.6740397737264529,23.537225322894887,44.17871995232151,19,0.0052490234375
steep-frequency,2.5,2.0,2.5,4096,128,1,0.001834937995529156,0.0018747386438152495,0.010065923837029275,0.0017379034256036693,0.26728150814546214,0.6740397737264529,23.537225322894887,44.17871995232151,19,0.0052490234375
steep-frequency,2.5,2.0,2.5,4096,256,1,0.0018246657609070187,0.0018376176913159205,0.010056238656998055,0.0017379034256036693,0.26728150814546214,0.6740397737264529,23.537225322894887,44.17871995232151,19,0.0052490234375
steep-frequency,2.5,2.0,2.5,4096,512,1,0.001824656640678368,0.0018279064598661573,0.010053764739728376,0.0017379034256036693,0.26728150814546214,0.6740397737264529,23.537225322894887,44.17871995232151,19,0.0052490234375
steep-frequency,2.5,2.0,2.5,4096,1024,1,0.001824656635379414,0.0018254691053789206,0.010053145436734147,0.0017379034256036693,0.26728150814546214,0.6740397737264529,23.537225322894887,44.17871995232151,19,0.0052490234375
steep-frequency,2.5,2.0,2.5,4096,2048,1,0.0018246566353788353,0.0018248597528876546,0.010052990608459923,0.0017379034256036693,0.26728150814546214,0.6740397737264529,23.537225322894887,44.17871995232151,19,0.0052490234375
steep-frequency,2.5,2.0,2.5,4096,1,2,0.009353372329724849,0.013546857407192485,0.015225230169041301,0.0017379034256036693,0.26137121142578096,0.6594287612081505,22.73791443413025,169.85097209324434,20,0.005615234375
steep-frequency,2.5,2.0,2.5,4096,2,2,0.005305012072440445,0.008775709310620071,0.011067090120637169,0.0017379034256036693,0.26137121142578096,0.6594287612081505,22.73791443413025,169.85097209324434,20,0.005615234375
steep-frequency,2.5,2.0,2.5,4096,4,2,0.003801945324982083,0.005881959609205806,0.00875349445541606,0.0017379034256036693,0.26137121142578096,0.6594287612081505,22.73791443413025,169.85097209324434,20,0.005615234375
steep-frequency,2.5,2.0,2.5,4096,8,2,0.0029505373952692054,0.004203703232647471,0.007554502131724726,0.0017379034256036693,0.26137121142578096,0.6594287612081505,22.73791443413025,169.85097209324434,20,0.005615234375
steep-frequency,2.5,2.0,2.5,4096,16,2,0.0024049194596310747,0.0031680754559151414,0.006945592840334956,0.0017379034256036693,0.26137121142578096,0.6594287612081505,22.73791443413025,169.85097209324434,20,0.005615234375
steep-frequency,2.5,2.0,2.5,4096,32,2,0.002204421566223585,0.0025720374854582505,0.006652538077253355,0.0017379034256036693,0.26137121142578096,0.6594287612081505,22.73791443413025,169.85097209324434,20,0.005615234375
steep-frequency,2.5,2.0,2.5,4096,64,2,0.0021524451912817892,0.002290183852365707,0.006526747886973284,0.0017379034256036693,0.26137121142578096,0.6594287612081505,22.73791443413025,169.85097209324434,20,0.005615234375
steep-frequency,2.5,2.0,2.5,4096,128,2,0.0021439642875606094,0.0021849619189544833,0.006482499049305208,0.0017379034256036693,0.26137121142578096,0.6594287612081505,22.73791443413025,169.85097209324434,20,0.005615234375
steep-frequency,2.5,2.0,2.5,4096,256,2,0.0021436850949563776,0.0021542602462612196,0.0064698757587945445,0.0017379034256036693,0.26137121142578096,0.6594287612081505,22.73791443413025,169.85097209324434,20,0.005615234375
steep-frequency,2.5,2.0,2.5,4096,512,2,0.0021436762057283,0.0021463478422759563,0.006466602928050733,0.0017379034256036693,0.26137121142578096,0.6594287612081505,22.73791443413025,169.85097209324434,20,0.005615234375
steep-frequency,2.5,2.0,2.5,4096,1024,2,0.0021436759490348197,0.0021443467836197677,0.006465763965366651,0.0017379034256036693,0.26137121142578096,0.6594287612081505,22.73791443413025,169.85097209324434,20,0.005615234375
steep-frequency,2.5,2.0,2.5,4096,2048,2,0.0021436759474957067,0.002143843739947385,0.006465551446305669,0.0017379034256036693,0.26137121142578096,0.6594287612081505,22.73791443413025,169.85097209324434,20,0.005615234375
steep-frequency,2.5,2.0,2.5,4096,1,3,0.011055071333072064,0.014467734540294997,0.015582603152501174,0.0017379034256036693,0.25238810782423193,0.6259331913903753,21.819629167483757,34.141059513675685,19,0.005859375
steep-frequency,2.5,2.0,2.5,4096,2,3,0.004970747887670907,0.009266941376419256,0.011335190026126585,0.0017379034256036693,0.25238810782423193,0.6259331913903753,21.819629167483757,34.141059513675685,19,0.005859375
steep-frequency,2.5,2.0,2.5,4096,4,3,0.0034899789283019144,0.005676252221606905,0.008710006061728991,0.0017379034256036693,0.25238810782423193,0.6259331913903753,21.819629167483757,34.141059513675685,19,0.005859375
steep-frequency,2.5,2.0,2.5,4096,8,3,0.0025520118694572136,0.0037308382079081943,0.007491997716886768,0.0017379034256036693,0.25238810782423193,0.6259331913903753,21.819629167483757,34.141059513675685,19,0.005859375
steep-frequency,2.5,2.0,2.5,4096,16,3,0.002143080924723024,0.002732547061708898,0.0069564920224394235,0.0017379034256036693,0.25238810782423193,0.6259331913903753,21.819629167483757,34.141059513675685,19,0.005859375
steep-frequency,2.5,2.0,2.5,4096,32,3,0.0018201503700722506,0.0022016803070359827,0.006720773214486296,0.0017379034256036693,0.25238810782423193,0.6259331913903753,21.819629167483757,34.141059513675685,19,0.005859375
steep-frequency,2.5,2.0,2.5,4096,64,3,0.0017449864451813005,0.0019075700997315044,0.006610426452243708,0.0017379034256036693,0.25238810782423193,0.6259331913903753,21.819629167483757,34.141059513675685,19,0.005859375
steep-frequency,2.5,2.0,2.5,4096,128,3,0.0017354665979854094,0.0017851612254872811,0.00656735458370291,0.0017379034256036693,0.25238810782423193,0.6259331913903753,21.819629167483757,34.141059513675685,19,0.005859375
steep-frequency,2.5,2.0,2.5,4096,256,3,0.0017352276687434838,0.0017480195081436634,0.006554663282148466,0.0017379034256036693,0.25238810782423193,0.6259331913903753,21.819629167483757,34.141059513675685,19,0.005859375
steep-frequency,2.5,2.0,2.5,4096,512,3,0.0017352268977750473,0.00173842784595845,0.006551407779101649,0.0017379034256036693,0.25238810782423193,0.6259331913903753,21.819629167483757,34.141059513675685,19,0.005859375
steep-frequency,2.5,2.0,2.5,4096,1024,3,0.0017352268954388076,0.001736027140138892,0.006550592884990953,0.0017379034256036693,0.25238810782423193,0.6259331913903753,21.819629167483757,34.141059513675685,19,0.005859375
steep-frequency,2.5,2.0,2.5,4096,2048,3,0.001735226895438197,0.0017354269566313921,0.006550389156011676,0.0017379034256036693,0.25238810782423193,0.6259331913903753,21.819629167483757,34.141059513675685,19,0.005859375
steep-frequency,2.5,2.0,2.5,4096,1,4,0.00818961362320206,0.012338380468779732,0.017913296975645605,0.0017379034256036693,0.2620026988351585,0.654478168747502,22.971100540789486,,18,0.0054931640625
steep-frequency,2.5,2.0,2.5,4096,2,4,0.005298737646977683,0.008210723402918518,0.014141065284185938,0.0017379034256036693,0.2620026988351585,0.654478168747502,22.971100540789486,,18,0.0054931640625
steep-frequency,2.5,2.0,2.5,4096,4,4,0.003975076148892904,0.005773870186024257,0.012059731810859207,0.0017379034256036693,0.2620026988351585,0.654478168747502,22.971100540789486,,18,0.0054931640625
steep-frequency,2.5,2.0,2.5,4096,8,4,0.008365499087244892,0.004174770078595789,0.010895347114390604,0.0017379034256036693,0.2620026988351585,0.654478168747502,22.971100540789486,,18,0.0054931640625
steep-frequency,2.5,2.0,2.5,4096,16,4,0.0027651466600760286,0.003260260781487802,0.010352826959081511,0.0017379034256036693,0.2620026988351585,0.654478168747502,22.971100540789486,,18,0.0054931640625
steep-frequency,2.5,2.0,2.5,4096,32,4,0.002364596431217116,0.0027375301715007855,0.010115641124767401,0.0017379034256036693,0.2620026988351585,0.654478168747502,22.971100540789486,,18,0.0054931640625
steep-frequency,2.5,2.0,2.5,4096,64,4,0.002266710436297581,0.002440206972799289,0.010012751195053756,0.0017379034256036693,0.2620026988351585,0.654478168747502,22.971100540789486,,18,0.0054931640625
steep-frequency,2.5,2.0,2.5,4096,128,4,0.0022566081350854725,0.0023097611335749224,0.009973847189231454,0.0017379034256036693,0.2620026988351585,0.654478168747502,22.971100540789486,,18,0.0054931640625
steep-frequency,2.5,2.0,2.5,4096,256,4,0.002256332498611411,0.0022699202726999346,0.009962268982074102,0.0017379034256036693,0.2620026988351585,0.654478168747502,22.971100540789486,,18,0.0054931640625
steep-frequency,2.5,2.0,2.5,4096,512,4,0.0022562872147976806,0.002259699204655164,0.00995929220004423,0.0017379034256036693,0.2620026988351585,0.654478168747502,22.971100540789486,,18,0.0054931640625
steep-frequency,2.5,2.0,2.5,4096,1024,4,0.002256287210805139,0.002257140244881719,0.009958545550309578,0.0017379034256036693,0.2620026988351585,0.654478168747502,22.971100540789486,,18,0.0054931640625
steep-frequency,2.5,2.0,2.5,4096,2048,4,0.002256287210799654,0.0022565004693590254,0.009958358855573474,0.0017379034256036693,0.2620026988351585,0.654478168747502,22.971100540789486,,18,0.0054931640625
steep-frequency,2.5,2.0,2.5,8192,1,0,0.005174291284387243,0.008387480876583052,0.009607381183699614,0.0010334463515840127,0.25649953927702884,0.6453235807153055,26.454054975630516,55.959224702752074,24,0.007568359375
steep-frequency,2.5,2.0,2.5,8192,2,0,0.003571477798442821,0.005695373120395457,0.007369894349783738,0.0010334463515840127,0.25649953927702884,0.6453235807153055,26.454054975630516,55.959224702752074,24,0.007568359375
steep-frequency,2.5,2.0,2.5,8192,4,0,0.0025117222232644947,0.003886319367948719,0.0061477969215161885,0.0010334463515840127,0.25649953927702884,0.6453235807153055,26.454054975630516,55.959224702752074,24,0.007568359375
steep-frequency,2.5,2.0,2.5,8192,8,0,0.0018128705701561212,0.0027092321558843525,0.005451163965180393,0.0010334463515840127,0.25649953927702884,0.6453235807153055,26.454054975630516,55.959224702752074,24,0.007568359375
steep-frequency,2.5,2.0,2.5,8192,16,0,0.0014341978387283321,0.0019858564005672376,0.005076014786642755,0.0010334463515840127,0.25649953927702884,0.6453235807153055,26.454054975630516,55.959224702752074,24,0.007568359375
steep-frequency,2.5,2.0,2.5,8192,32,0,0.001169640441655476,0.0015178331207353097,0.004888458253711528,0.0010334463515840127,0.25649953927702884,0.6453235807153055,26.454054975630516,55.959224702752074,24,0.007568359375
steep-frequency,2.5,2.0,2.5,8192,64,0,0.0010908048401063921,0.0012427271941456309,0.004808815369455178,0.0010334463515840127,0.25649953927702884,0.6453235807153055,26.454054975630516,55.959224702752074,24,0.007568359375
steep-frequency,2.5,2.0,2.5,8192,128,0,0.0010829249429366757,0.0011292549372382548,0.004779694207898292,0.0010334463515840127,0.25649953927702884,0.6453235807153055,26.454054975630516,55.959224702752074,24,0.007568359375
steep-frequency,2.5,2.0,2.5,8192,256,0,0.001083706870403488,0.0010949377194607946,0.004770902137069863,0.0010334463515840127,0.25649953927702884,0.6453235807153055,26.454054975630516,55.959224702752074,24,0.007568359375
steep-frequency,2.5,2.0,2.5,8192,512,0,0.0010826971767967446,0.001085915868902792,0.004768589492082954,0.0010334463515840127,0.25649953927702884,0.6453235807153055,26.454054975630516,55.959224702752074,24,0.007568359375
steep-frequency,2.5,2.0,2.5,8192,1024,0,0.0010826965712306992,0.0010835727911944842,0.004767997437249693,0.0010334463515840127,0.25649953927702884,0.6453235807153055,26.454054975630516,55.959224702752074,24,0.007568359375
steep-frequency,2.5,2.0,2.5,8192,2048,0,0.001082696572374354,0.0010829506295741448,0.004767848072733303,0.0010334463515840127,0.25649953927702884,0.6453235807153055,26.454054975630516,55.959224702752074,24,0.007568359375
steep-frequency,2.5,2.0,2.5,8192,1,1,0.0049870285824812136,0.008486078966640095,0.009027173160243354,0.0010334463515840127,0.2602426744441998,0.6533479012720939,27.142864654310912,47.61084857193779,26,0.00732421875
steep-frequency,2.5,2.0,2.5,8192,2,1,0.0032557327720121472,0.005636616608171598,0.006572825449934494,0.0010334463515840127,0.2602426744441998,0.6533479012720939,27.142864654310912,47.61084857193779,26,0.00732421875
steep-frequency,2.5,2.0,2.5,8192,4,1,0.0023354428767505798,0.003740884373695039,0.005101919482364232,0.0010334463515840127,0.2602426744441998,0.6533479012720939,27.142864654310912,47.61084857193779,26,0.00732421875
steep-frequency,2.5,2.0,2.5,8192,8,1,0.001773649382327992,0.0025812502016587012,0.00432537703665466,0.0010334463515840127,0.2602426744441998,0.6533479012720939,27.142864654310912,47.61084857193779,26,0.00732421875
steep-frequency,2.5,2.0,2.5,8192,16,1,0.0013488044948831864,0.0018965123671701905,0.0039581602293755685,0.0010334463515840127,0.2602426744441998,0.6533479012720939,27.142864654310912,47.61084857193779,26,0.00732421875
steep-frequency,2.5,2.0,2.5,8192,32,1,0.0011665136233593326,0.0014444962430931448,0.003757686096494205,0.0010334463515840127,0.2602426744441998,0.6533479012720939,27.142864654310912,47.61084857193779,26,0.00732421875
steep-frequency,2.5,2.0,2.5,8192,64,1,0.0010487113345540157,0.001188705359389877,0.0036556757953494145,0.0010334463515840127,0.2602426744441998,0.6533479012720939,27.142864654310912,47.61084857193779,26,0.00732421875
steep-frequency,2.5,2.0,2.5,8192,128,1,0.001041671137385844,0.001083591897714539,0.0036147806760317737,0.0010334463515840127,0.2602426744441998,0.6533479012720939,27.142864654310912,47.61084857193779,26,0.00732421875
steep-frequency,2.5,2.0,2.5,8192,256,1,0.0010415070146406653,0.0010522424345419251,0.0036027487456701925,0.0010334463515840127,0.2602426744441998,0.6533479012720939,27.142864654310912,47.61084857193779,26,0.00732421875
steep-frequency,2.5,2.0,2.5,8192,512,1,0.001041505491997119,0.001044192977722437,0.003599671983346477,0.0010334463515840127,0.2602426744441998,0.6533479012720939,27.142864654310912,47.61084857193779,26,0.00732421875
steep-frequency,2.5,2.0,2.5,8192,1024,1,0.0010415054871668634,0.0010421773724779606,0.0035989018007783324,0.0010334463515840127,0.2602426744441998,0.6533479012720939,27.142864654310912,47.61084857193779,26,0.00732421875
steep-frequency,2.5,2.0,2.5,8192,2048,1,0.0010415054871660977,0.0010416734585052402,0.0035987092501676057,0.0010334463515840127,0.2602426744441998,0.6533479012720939,27.142864654310912,47.61084857193779,26,0.00732421875
steep-frequency,2.5,2.0,2.5,8192,1,2,0.00547017099829042,0.008309573452435878,0.008809141964466794,0.0010334463515840127,0.25786729875060604,0.6426165594141034,26.85471033819518,39.49576233951639,24,0.008056640625
steep-frequency,2.5,2.0,2.5,8192,2,2,0.0039268834380729225,0.005850123527161237,0.006593493175932828,0.0010334463515840127,0.25786729875060604,0.6426165594141034,26.85471033819518,39.49576233951639,24,0.008056640625
steep-frequency,2.5,2.0,2.5,8192,4,2,0.0025738845287010845,0.004066236033629813,0.005149894228488021,0.0010334463515840127,0.25786729875060604,0.6426165594141034,26.85471033819518,39.49576233951639,24,0.008056640625
steep-frequency,2.5,2.0,2.5,8192,8,2,0.001750977892290215,0.0028162755127393337,0.0042982318190722315,0.0010334463515840127,0.25786729875060604,0.6426165594141034,26.85471033819518,39.49576233951639,24,0.008056640625
steep-frequency,2.5,2.0,2.5,8192,16,2,0.0012559974210055837,0.0019296730844931295,0.0038047918594900495,0.0010334463515840127,0.25786729875060604,0.6426165594141034,26.85471033819518,39.49576233951639,24,0.008056640625
steep-frequency,2.5,2.0,2.5,8192,32,2,0.0010148317183077723,0.001387645657405197,0.003552237323773424,0.0010334463515840127,0.25786729875060604,0.6426165594141034,26.85471033819518,39.49576233951639,24,0.008056640625
steep-frequency,2.5,2.0,2.5,8192,64,2,0.0009427330148643881,0.0010962603675318074,0.0034339229168546177,0.0010334463515840127,0.25786729875060604,0.6426165594141034,26.85471033819518,39.49576233951639,24,0.008056640625
steep-frequency,2.5,2.0,2.5,8192,128,2,0.0009360924839522198,0.000981484510585284,0.0033912225655965177,0.0010334463515840127,0.25786729875060604,0.6426165594141034,26.85471033819518,39.49576233951639,24,0.008056640625
steep-frequency,2.5,2.0,2.5,8192,256,2,0.000935261821545548,0.0009471139019477079,0.0033789835054841536,0.0010334463515840127,0.25786729875060604,0.6426165594141034,26.85471033819518,39.49576233951639,24,0.008056640625
steep-frequency,2.5,2.0,2.5,8192,512,2,0.0009352560627419724,0.0009382262993898258,0.0033758495615493125,0.0010334463515840127,0.25786729875060604,0.6426165594141034,26.85471033819518,39.49576233951639,24,0.008056640625
steep-frequency,2.5,2.0,2.5,8192,1024,2,0.0009352560307801368,0.0009359986450926072,0.0033750646561339867,0.0010334463515840127,0.25786729875060604,0.6426165594141034,26.85471033819518,39.49576233951639,24,0.008056640625
steep-frequency,2.5,2.0,2.5,8192,2048,2,0.0009352560307005528,0.0009354416844688066,0.0033748684077783563,0.0010334463515840127,0.25786729875060604,0.6426165594141034,26.85471033819518,39.49576233951639,24,0.008056640625
steep-frequency,2.5,2.0,2.5,8192,1,3,0.005337267692894401,0.007900174297227412,0.008702022105350022,0.0010334463515840127,0.2571677677832386,0.6437596718791372,26.655478767768823,39.48918552433225,26,0.00732421875
steep-frequency,2.5,2.0,2.5,8192,2,3,0.003366459292711965,0.005450916061409931,0.006490563813249965,0.0010334463515840127,0.2571677677832386,0.6437596718791372,26.655478767768823,39.48918552433225,26,0.00732421875
steep-frequency,2.5,2.0,2.5,8192,4,3,0.0023213503452197207,0.003775984466987474,0.005023056534382246,0.0010334463515840127,0.2571677677832386,0.6437596718791372,26.655478767768823,39.48918552433225,26,0.00732421875
steep-frequency,2.5,2.0,2.5,8192,8,3,0.0016408588410987141,0.002563380556692299,0.00414238991782714,0.0010334463515840127,0.2571677677832386,0.6437596718791372,26.655478767768823,39.48918552433225,26,0.00732421875
steep-frequency,2.5,2.0,2.5,8192,16,3,0.0012478840284280916,0.001804017529895093,0.003695244469196012,0.0010334463515840127,0.2571677677832386,0.6437596718791372,26.655478767768823,39.48918552433225,26,0.00732421875
steep-frequency,2.5,2.0,2.5,8192,32,3,0.0010779747320468762,0.0013620006766587578,0.0034815408778538755,0.0010334463515840127,0.2571677677832386,0.6437596718791372,26.655478767768823,39.48918552433225,26,0.00732421875
steep-frequency,2.5,2.0,2.5,8192,64,3,0.0010254783282586104,0.0011440215973749733,0.00338941204471134,0.0010334463515840127,0.2571677677832386,0.6437596718791372,26.655478767768823,39.48918552433225,26,0.00732421875
steep-frequency,2.5,2.0,2.5,8192,128,3,0.0010184866712413005,0.0010551407109668173,0.003355515464799737,0.0010334463515840127,0.2571677677832386,0.6437596718791372,26.655478767768823,39.48918552433225,26,0.00732421875
steep-frequency,2.5,2.0,2.5,8192,256,3,0.0010179918080145717,0.0010275852455308805,0.0033455158498963008,0.0010334463515840127,0.2571677677832386,0.6437596718791372,26.655478767768823,39.48918552433225,26,0.00732421875
steep-frequency,2.5,2.0,2.5,8192,512,3,0.0010179852968529596,0.0010203924901864545,0.003342949635713116,0.0010334463515840127,0.2571677677832386,0.6437596718791372,26.655478767768823,39.48918552433225,26,0.00732421875
steep-frequency,2.5,2.0,2.5,8192,1024,3,0.001017985242995097,0.0010185871339008466,0.003342307328848529,0.0010334463515840127,0.2571677677832386,0.6437596718791372,26.655478767768823,39.48918552433225,26,0.00732421875
steep-frequency,2.5,2.0,2.5,8192,2048,3,0.0010179852429904252,0.0010181357158662162,0.003342146753838738,0.0010334463515840127,0.2571677677832386,0.6437596718791372,26.655478767768823,39.48918552433225,26,0.00732421875
steep-frequency,2.5,2.0,2.5,8192,1,4,0.00516981607851273,0.008445078001847899,0.008772293880912196,0.0010334463515840127,0.25359217732274936,0.623263557322705,26.34481523929872,36.06527709606567,25,0.0069580078125
steep-frequency,2.5,2.0,2.5,8192,2,4,0.0035288092580983096,0.005663088145918915,0.006260100088215167,0.0010334463515840127,0.25359217732274936,0.623263557322705,26.34481523929872,36.06527709606567,25,0.0069580078125
steep-frequency,2.5,2.0,2.5,8192,4,4,0.002475969393268133,0.0038965417699525036,0.00486722665118491,0.0010334463515840127,0.25359217732274936,0.623263557322705,26.34481523929872,36.06527709606567,25,0.0069580078125
steep-frequency,2.5,2.0,2.5,8192,8,4,0.001744244012886843,0.0027074746614332043,0.004115989701544914,0.0010334463515840127,0.25359217732274936,0.623263557322705,26.34481523929872,36.06527709606567,25,0.0069580078125
steep-frequency,2.5,2.0,2.5,8192,16,4,0.0013342129716707178,0.001895140252016446,0.0037078161500750887,0.0010334463515840127,0.25359217732274936,0.623263557322705,26.34481523929872,36.06527709606567,25,0.0069580078125
steep-frequency,2.5,2.0,2.5,8192,32,4,0.0009608284639975505,0.001348471012415991,0.003492745262122643,0.0010334463515840127,0.25359217732274936,0.623263557322705,26.34481523929872,36.06527709606567,25,0.0069580078125
steep-frequency,2.5,2.0,2.5,8192,64,4,0.000887180696005637,0.001051445036793575,0.0033971536389053605,0.0010334463515840127,0.25359217732274936,0.623263557322705,26.34481523929872,36.06527709606567,25,0.0069580078125
steep-frequency,2.5,2.0,2.5,8192,128,4,0.0008807557056225063,0.0009284841199716174,0.0033633133462520814,0.0010334463515840127,0.25359217732274936,0.623263557322705,26.34481523929872,36.06527709606567,25,0.0069580078125
steep-frequency,2.5,2.0,2.5,8192,256,4,0.0008787686234305638,0.0008914612743146365,0.003353748720457104,0.0010334463515840127,0.25359217732274936,0.623263557322705,26.34481523929872,36.06527709606567,25,0.0069580078125
steep-frequency,2.5,2.0,2.5,8192,512,4,0.0008787668406750158,0.0008819427893430387,0.003351300955956759,0.0010334463515840127,0.25359217732274936,0.623263557322705,26.34481523929872,36.06527709606567,25,0.0069580078125
steep-frequency,2.5,2.0,2.5,8192,1024,4,0.0008787667597780781,0.0008795606935838735,0.0033506885571214498,0.0010334463515840127,0.25359217732274936,0.623263557322705,26.34481523929872,36.06527709606567,25,0.0069580078125
steep-frequency,2.5,2.0,2.5,8192,2048,4,0.0008787667596746974,0.000878965241418173,0.0033505354842302466,0.0010334463515840127,0.25359217732274936,0.623263557322705,26.34481523929872,36.06527709606567,25,0.0069580078125
